,Unnamed: 0.1,Unnamed: 0,Trip,total_distance,timestamp,longitude_min,latitude_min,longitude_max,latitude_max,start_lat,end_lat,start_long,end_long,start_altitude,end_altitude,slope,delta_altitude
0,0,0,554,2672.902836039007,118800,-83.7438258333,42.2438011111,-83.7281361111,42.2446325,42.2439327778,42.2446325,-83.7438258333,-83.7281361111,262.258148193,252.498428345,-0.036513803559585285,-9.759719848000003
1,1,1,565,1529.7383643461,75200,-83.7250397222,42.2389716667,-83.7199236111,42.2455263889,42.2389716667,42.2455263889,-83.7201641667,-83.7250397222,251.058532715,249.989593506,-0.006987727410690312,-1.068939209000007
2,2,2,568,11851.94332302158,603600,-83.7798391667,42.2532736111,-83.7289308333,42.2742391667,42.2736155556,42.2542625,-83.7798391667,-83.7289308333,293.614440918,251.869384766,-0.035222337772593426,-41.74505615200002
3,3,3,575,15318.975940290646,1617800,-83.7442552778,42.2547216667,-83.6780208333,42.3176066667,42.2547216667,42.309065,-83.7254875,-83.6780208333,255.895904541,275.748413086,0.012959433641786065,19.852508545000035
4,4,4,588,14204.206936034869,1005800,-83.7209908333,42.2447336111,-83.6817902778,42.29718,42.29718,42.2491316667,-83.6817902778,-83.7209908333,270.882110596,259.64151001,-0.00791357388435147,-11.240600586000028
5,5,5,596,11539.341552367432,716800,-83.7249258333,42.2440177778,-83.6757344444,42.3091602778,42.2464991667,42.3071336111,-83.7248202778,-83.6770194444,250.024246216,269.707489014,0.017057534300188026,19.68324279799998
6,6,6,600,13562.939389897432,1857600,-83.7608344444,42.2523519444,-83.7282283333,42.2643255556,42.2565786111,42.2523519444,-83.7577166667,-83.7282283333,281.364532471,251.456924438,-0.022051031775429265,-29.90760803300003
7,7,7,601,5383.366511758742,60400,-83.7763566667,42.2680036111,-83.7710755556,42.2739155556,42.2680036111,42.2739155556,-83.7710755556,-83.7763566667,286.263885498,285.394378662,-0.001615173043563926,-0.8695068359999709
8,8,8,603,4485.15991795248,313900,-83.7578430556,42.2532580556,-83.7282908333,42.2643394444,42.2639958333,42.2532580556,-83.7578430556,-83.7283138889,281.602325439,252.10168457,-0.06577531137883673,-29.500640869000023
9,9,9,616,3975.535973693127,237300,-83.7442405556,42.2610286111,-83.7299508333,42.2758036111,42.2610286111,42.2758036111,-83.7299508333,-83.7442119444,254.908905029,264.478881836,0.024072237298274995,9.569976807000018
10,10,10,625,5579.936830348148,462700,-83.7496102778,42.2545933333,-83.7258502778,42.2779886111,42.2545933333,42.2779886111,-83.7258502778,-83.7496102778,255.174087524,253.593200684,-0.0028331627247986948,-1.5808868399999767
11,11,11,627,7703.818848692817,131400,-83.7247475,42.2441288889,-83.7028136111,42.2463358333,42.2451419444,42.2463358333,-83.7028136111,-83.7247355556,250.143463135,249.678131104,-0.00060402774388684,-0.46533203100000264
12,12,12,630,11125.901743273222,1433000,-83.7268319444,42.2445783333,-83.6758286111,42.3076027778,42.2498861111,42.3076027778,-83.7258866667,-83.6834969444,250.66796875,270.565582275,0.017884074301914115,19.897613524999997
13,13,13,632,6752.2231673778415,635300,-83.7428336111,42.2872986111,-83.683175,42.3079063889,42.3079063889,42.2872986111,-83.683175,-83.7428336111,269.145843506,238.325820923,-0.04564473489094813,-30.820022582999997
14,14,14,635,5850.324964256663,369400,-83.7246788889,42.2297569444,-83.7133269444,42.2465411111,42.2299369444,42.2465411111,-83.7133269444,-83.7245838889,261.755249023,250.659896851,-0.01896539456183283,-11.095352171999963
15,15,15,636,5331.487902218891,259000,-83.7500569444,42.2525925,-83.7282311111,42.2640977778,42.2640602778,42.2525925,-83.7500569444,-83.7282311111,271.030792236,251.719482422,-0.036221476723774,-19.311309814000026
16,16,16,646,4774.094722701247,112900,-83.7709247222,42.264005,-83.75039,42.2677094444,42.2642358333,42.2677094444,-83.75039,-83.7709247222,271.632751465,287.378204346,0.03298120257698919,15.745452881000006
17,17,17,658,14036.479985754371,718800,-83.7210686111,42.2447758333,-83.6756125,42.3091027778,42.2495275,42.3072116667,-83.7210686111,-83.6770708333,261.607849121,269.931304932,0.005929875070425862,8.323455810999974
18,18,18,659,10510.24516025818,1588700,-83.7465352778,42.2532175,-83.677395,42.3092736111,42.3092736111,42.253435,-83.677395,-83.7284341667,276.396759033,251.929840088,-0.023279176524822438,-24.46691894500003
19,19,19,668,4130.683225945568,244400,-83.7648725,42.2435891667,-83.7291033333,42.2476919444,42.2444583333,42.2443647222,-83.7291033333,-83.7648725,253.398635864,277.475524902,0.05828889976597991,24.07688903800002
20,20,20,669,4910.035761269704,2356800,-83.7616244444,42.2471258333,-83.7473341667,42.2803183333,42.2471258333,42.2803183333,-83.7616244444,-83.7473341667,280.017333984,256.647796631,-0.04759599154056779,-23.369537353
21,21,21,672,10708.069592783171,338800,-83.8018805556,42.2725408333,-83.7769205556,42.2849155556,42.2849105556,42.2740641667,-83.8018805556,-83.7769205556,282.719940186,285.440246582,0.002540426600901544,2.7203063960000122
22,22,22,673,4199.071663273255,406400,-83.801565,42.2651255556,-83.7713086111,42.2852102778,42.2679075,42.2851777778,-83.7713741667,-83.801565,286.024841309,282.77911377,-0.007729633521153097,-3.245727539000029
23,23,23,674,6199.755787246364,159600,-83.7044719444,42.3028216667,-83.6939172222,42.3062936111,42.3028216667,42.3062936111,-83.7044719444,-83.6939172222,275.68170166,275.739044189,9.24915931696081e-05,0.05734252900003867
24,24,24,678,6846.216661936276,243300,-83.75033,42.2641908333,-83.7464352778,42.2779333333,42.2641908333,42.2779019444,-83.7502569444,-83.7464352778,271.431304932,259.743499756,-0.01707194321368268,-11.687805175999983
25,25,25,690,13799.086424455112,857800,-83.7213222222,42.2447616667,-83.6818108333,42.2969205556,42.2969205556,42.2491533333,-83.6818108333,-83.7213222222,270.982727051,259.93661499,-0.00800496153177565,-11.046112060999974
26,26,26,693,5696.706444225392,328500,-83.7995458333,42.2727325,-83.7801025,42.2911869444,42.2735327778,42.2911869444,-83.7801025,-83.7995369444,293.875244141,293.74130249,-0.00023512120968210068,-0.13394165099998645
27,27,27,694,1581.26519183704,237700,-83.7322511111,42.2617558333,-83.7249611111,42.2771325,42.2617558333,42.2771325,-83.7249611111,-83.7309383333,261.019378662,274.115509033,0.08282342272378028,13.096130371000015
28,28,28,702,8317.911402954604,461100,-83.8014344444,42.2435438889,-83.7435158333,42.2853711111,42.2438236111,42.2852319444,-83.7435158333,-83.8014344444,262.056427002,282.851135254,0.024999993661801032,20.794708251999964
29,29,29,719,10705.165341740516,464200,-83.7244383333,42.2433786111,-83.7160211111,42.2497366667,42.2497366667,42.2450888889,-83.7219883333,-83.7244383333,261.055969238,249.557266235,-0.01074127233838586,-11.498703003000003
30,30,30,728,2703.436922305952,69900,-83.7486444444,42.2437761111,-83.7346777778,42.2440661111,42.2440294444,42.2437761111,-83.7346777778,-83.7486444444,257.096252441,269.993652344,0.04770796230295397,12.897399903000007
31,31,31,735,7287.687152402535,91000,-83.692975,42.3050194444,-83.6837958333,42.3075238889,42.3050427778,42.3075238889,-83.692975,-83.6837958333,276.58782959,271.307006836,-0.007246227822336286,-5.280822753999985
32,32,32,736,6829.636944755841,879000,-83.7209591667,42.2447966667,-83.6818808333,42.2970980556,42.2970980556,42.2491575,-83.6818808333,-83.7209591667,271.247802734,259.724945068,-0.016871869119364606,-11.522857665999993
33,33,33,738,8346.759384699853,550200,-83.6956636111,42.2531925,-83.6757694444,42.3127463889,42.2565627778,42.3127463889,-83.6956636111,-83.6800525,242.340515137,281.019622803,0.04634076674732434,38.67910766599999
34,34,34,739,7973.131092041546,577000,-83.7508733333,42.2835202778,-83.6929725,42.3049861111,42.3049861111,42.2835202778,-83.6929725,-83.7508619444,276.66784668,241.464660645,-0.044152703327171985,-35.203186035000016
35,35,35,755,3363.000215145405,287800,-83.7489761111,42.26081,-83.7299316667,42.2804447222,42.26081,42.2804341667,-83.7299316667,-83.7489761111,254.791702271,254.836349487,0.00013276007477751444,0.04464721600001553
36,36,36,757,7382.274064026738,332000,-83.7715994444,42.2533244444,-83.7284883333,42.2680705556,42.2680705556,42.2536838889,-83.7715994444,-83.7284883333,285.161987305,252.23991394,-0.04459655719043025,-32.92207336500002
37,37,37,772,10226.471244250037,2841600,-83.746745,42.2531802778,-83.7283475,42.3143677778,42.2878094444,42.2531802778,-83.7332727778,-83.7283475,233.340560913,251.884872437,0.018133666609602993,18.544311524000022
38,38,38,775,3480.4352079896894,180600,-83.7584102778,42.2669583333,-83.7535958333,42.2741277778,42.2741277778,42.2669583333,-83.7535958333,-83.7583672222,257.191955566,280.075073242,0.06574928397773223,22.883117675999983
39,39,39,778,5799.478380205807,344400,-83.7474002778,42.2568433333,-83.7269861111,42.2760586111,42.2568433333,42.2760586111,-83.7269861111,-83.7474002778,255.034957886,257.773986816,0.004722888949509777,2.7390289299999893
40,40,40,780,1829.3861360565768,149000,-83.7471875,42.2694458333,-83.7392561111,42.2761286111,42.2694458333,42.2761286111,-83.7392561111,-83.7471875,254.215698242,258.426361084,0.02301686840486948,4.210662842000005
41,41,41,787,1543.4451779180113,231500,-83.7499727778,42.2697855556,-83.7393652778,42.2777947222,42.2777947222,42.2697855556,-83.7499727778,-83.7393652778,251.200057983,254.182189941,0.019321305136072997,2.9821319579999965
42,42,42,792,5561.088843769329,462000,-83.7197983333,42.2438708333,-83.6907044444,42.2568875,42.2438727778,42.2557841667,-83.7197983333,-83.6907138889,248.859375,251.362472534,0.004501092965573147,2.5030975340000055
43,43,43,795,8579.405724356026,350600,-83.7673036111,42.2428691667,-83.7346627778,42.2479819444,42.2439383333,42.2428691667,-83.7346627778,-83.7673036111,256.917358398,280.22958374,0.027172408151038784,23.312225342000033
44,44,44,799,15127.50927702449,605800,-83.7505402778,42.2831177778,-83.6832919444,42.3075025,42.3075025,42.2831177778,-83.6832919444,-83.7505402778,271.581481934,245.501617432,-0.017240051076210176,-26.07986450200002
45,45,45,803,2971.3301679033143,338500,-83.7490755556,42.2435130556,-83.7275486111,42.2460663889,42.2435130556,42.2460663889,-83.7490755556,-83.7279394444,269.147766113,251.493499756,-0.05941641279091641,-17.654266356999983
46,46,46,808,5064.833122552987,366800,-83.7651255556,42.2437922222,-83.7301594444,42.2476283333,42.2443272222,42.2444777778,-83.7301594444,-83.7651255556,256.90222168,276.251800537,0.03820406239792855,19.349578856999983
47,47,47,816,14944.53929526741,1726800,-83.7443536111,42.2462961111,-83.6834508333,42.3175272222,42.2494541667,42.3075708333,-83.7220233333,-83.6834508333,259.960510254,270.428649902,0.0070046603707784195,10.468139648000033
48,48,48,825,7161.101812517686,329800,-83.7469127778,42.2550816667,-83.7255125,42.2759147222,42.2550816667,42.2759147222,-83.7255125,-83.7469127778,256.087219238,258.595062256,0.0035020353535546206,2.507843018000017
49,49,49,834,8842.976149449121,129800,-83.8022111111,42.2731311111,-83.7991311111,42.2849502778,42.2849502778,42.2731311111,-83.8022111111,-83.7991311111,282.914520264,295.922729492,0.014710232259413484,13.008209227999998
50,50,50,845,8329.749086362246,60900,-83.801495,42.2850136111,-83.7991055556,42.2911833333,42.2911833333,42.2850763889,-83.7994983333,-83.801495,293.71862793,283.789123535,-0.01192054087935534,-9.929504395000038
51,51,51,869,5495.909287544244,576900,-83.7444611111,42.2570227778,-83.72691,42.3003169444,42.2570227778,42.3003169444,-83.72691,-83.7358175,255.515701294,256.771240234,0.0022844972634616747,1.255538940000008
52,52,52,876,3633.1850225358617,966200,-83.7467469444,42.2531033333,-83.7285488889,42.2963477778,42.2963477778,42.2533230556,-83.7382927778,-83.7285488889,255.257781982,252.032577515,-0.008877075397385064,-3.2252044669999975
53,53,53,883,4262.830007591129,70200,-83.7348913889,42.2440711111,-83.7274783333,42.2457,42.2441569444,42.2457,-83.7348913889,-83.7279094444,256.835968018,251.369262695,-0.012824132814329387,-5.4667053230000135
54,54,54,887,5981.775398773221,1029500,-83.7464002778,42.2444525,-83.7248566667,42.2859202778,42.2859202778,42.2444525,-83.7454636111,-83.7295855556,245.118057251,254.58770752,0.01583085539648178,9.469650268999999
55,55,55,896,6630.97217254653,521000,-83.7210652778,42.2443677778,-83.69265,42.2566605556,42.2491011111,42.2560644444,-83.7210652778,-83.69265,259.490905762,244.636138916,-0.022402151199265145,-14.854766846000018
56,56,56,900,8093.409842543194,160400,-83.7650727778,42.2439405556,-83.7390508333,42.247835,42.244125,42.2446125,-83.7390508333,-83.7650727778,262.276611328,276.223327637,0.0172322139711799,13.94671630900001
57,57,57,901,4257.437890070583,181900,-83.7570572222,42.2433733333,-83.7274386111,42.2461322222,42.2451208333,42.2461322222,-83.7570572222,-83.7278919444,275.291595459,251.545913696,-0.055775449285600756,-23.745681762999993
58,58,58,912,3698.675108734444,288700,-83.7510558333,42.2644619444,-83.7334730556,42.2782544444,42.2644619444,42.2782544444,-83.7334730556,-83.7510558333,256.027557373,246.392440796,-0.026050272020229102,-9.635116576999991
59,59,59,915,4953.876879478771,449500,-83.7487141667,42.2568475,-83.7270591667,42.2777930556,42.2568475,42.2777930556,-83.7270591667,-83.7486847222,255.015655518,256.396850586,0.0027881095055179066,1.3811950680000393
60,60,60,916,2796.886631178882,583300,-83.7503275,42.2533402778,-83.72852,42.2698594444,42.2698594444,42.2534325,-83.7502230556,-83.72852,263.174835205,251.832214355,-0.040554786878697714,-11.342620850000031
61,61,61,936,6312.410655100191,116000,-83.7254805556,42.2545236111,-83.7246283333,42.2551047222,42.2547127778,42.2546236111,-83.7254275,-83.7251877778,256.160400391,257.025360107,0.0013702526204015899,0.8649597159999871
62,62,62,937,5700.83084136822,298300,-83.7459583333,42.2566991667,-83.7271080556,42.2753316667,42.2566991667,42.2753316667,-83.7271080556,-83.7459583333,254.625396729,261.319824219,0.011742906063952487,6.69442749000001
63,63,63,941,9975.523544005806,313900,-83.7209802778,42.2449122222,-83.6905011111,42.2556552778,42.2556552778,42.24904,-83.6905011111,-83.7209802778,251.566101074,259.329315186,0.00778226468876126,7.763214111999986
64,64,64,956,14313.59526294253,920200,-83.7210091667,42.2447461111,-83.6819433333,42.2973727778,42.2973727778,42.2490122222,-83.6819433333,-83.7210091667,270.74798584,259.389343262,-0.007935564717172262,-11.358642578000001
65,65,65,960,2765.6120634159656,93900,-83.7434136111,42.243635,-83.7274686111,42.2459852778,42.243635,42.2459852778,-83.7434136111,-83.7277036111,262.060516357,252.009796143,-0.03634199719734311,-10.050720213999995
66,66,66,970,11793.420391094198,1282600,-83.72119,42.2446713889,-83.6816519444,42.297155,42.297155,42.2492575,-83.6816519444,-83.72119,270.617889404,259.880615234,-0.009104465256101375,-10.737274169999978
67,67,67,982,8942.155259069186,215600,-83.7461633333,42.2644152778,-83.7336822222,42.2754708333,42.2644152778,42.2754708333,-83.7336822222,-83.7461633333,255.368087769,260.924804688,0.006214070132833044,5.556716918999996
68,68,68,983,2703.3695592189342,291100,-83.7488888889,42.2571858333,-83.7275430556,42.2748433333,42.2740258333,42.2571858333,-83.7488888889,-83.7275430556,249.18359375,255.221588135,0.022335124048772994,6.03799438499999
69,69,69,986,8722.0029832623,375600,-83.7343361111,42.2439711111,-83.6922883333,42.2495308333,42.2495308333,42.24409,-83.6927844444,-83.7343361111,250.331192017,257.82421875,0.008590950395765221,7.4930267329999936
70,70,70,989,5926.94216380836,386600,-83.7711302778,42.2507777778,-83.7494230556,42.2682619444,42.2508708333,42.2678575,-83.7565397222,-83.7711302778,273.35357666,286.649475098,0.02243303802484499,13.295898437999995
71,71,71,1001,16613.02263548519,2455300,-83.7386877778,42.2466152778,-83.6836161111,42.3177522222,42.2494686111,42.3076927778,-83.7214419444,-83.6836161111,260.599456787,270.332122803,0.0058584568863527114,9.732666015999996
72,72,72,1006,12701.168213864012,1202700,-83.7608011111,42.2522766667,-83.7282713889,42.2641719444,42.2567441667,42.2522766667,-83.7578827778,-83.7282966667,281.557647705,251.549850464,-0.023626079496084897,-30.00779724100002
73,73,73,1009,7865.327812183963,431000,-83.7316841667,42.2965927778,-83.6832497222,42.307485,42.307485,42.2979269444,-83.6832497222,-83.7316841667,271.243743896,248.913070679,-0.028391395439112586,-22.330673217000026
74,74,74,1026,4984.692194439838,75000,-83.7427922222,42.2438219444,-83.7285744444,42.2446522222,42.2446522222,42.2438219444,-83.7285744444,-83.7427922222,253.153808594,261.938232422,0.01762282830306031,8.784423828000001
75,75,75,1034,13122.297040936071,2015700,-83.7441577778,42.2547861111,-83.6778216667,42.3177319444,42.2547861111,42.3090875,-83.7255894444,-83.6778216667,255.932830811,275.872192383,0.01519504133209948,19.939361572000024
76,76,76,1035,7378.287169099745,748500,-83.7247122222,42.2440880556,-83.6817916667,42.2970805556,42.2970805556,42.2464416667,-83.6817916667,-83.7247122222,270.956054688,249.876174927,-0.02857027018744439,-21.079879761
77,77,77,1049,8725.985430909588,1254800,-83.7509725,42.2501666667,-83.7233941667,42.2969677778,42.2501666667,42.2839555556,-83.7255516667,-83.75094,250.970230103,239.438674927,-0.013215201121687399,-11.531555176000012
78,78,78,1064,4943.385363085958,294200,-83.7406730556,42.255835,-83.7239494444,42.2730258333,42.255835,42.2730258333,-83.7239494444,-83.7406730556,260.479736328,265.428741455,0.010011373266769418,4.949005127000021
79,79,79,1067,2386.6785775805647,344800,-83.7392452778,42.2295652778,-83.7348722222,42.2441991667,42.2441991667,42.2295652778,-83.7348722222,-83.7389652778,256.845092773,253.988250732,-0.011969957389633957,-2.8568420409999646
80,80,80,1070,2247.900805667403,131100,-83.7432811111,42.2436986111,-83.7277836111,42.2446038889,42.2436986111,42.2446038889,-83.7432811111,-83.7277836111,261.961334229,252.293579102,-0.04300832365562587,-9.667755126999992
81,81,81,1072,9399.030802121177,375400,-83.7992983333,42.24234,-83.7677461111,42.2726269444,42.2726269444,42.24234,-83.7992983333,-83.7677461111,297.416564941,279.457122803,-0.019107794518111395,-17.959442137999986
82,82,82,1073,13629.677426997372,958500,-83.8014211111,42.2401733333,-83.6770647222,42.3175616667,42.2896955556,42.2852002778,-83.73849,-83.8014211111,237.776535034,282.911132812,0.03311512359308966,45.134597778
83,83,83,1075,7218.525092206967,402400,-83.7388327778,42.2294313889,-83.7195552778,42.2388419444,42.2388419444,42.2294919444,-83.7202683333,-83.7388327778,251.371200562,253.948120117,0.0035698701414544638,2.5769195549999893
84,84,84,1076,1664.581763858206,299200,-83.7391713889,42.2294252778,-83.7274966667,42.2468013889,42.2295355556,42.2468013889,-83.7391713889,-83.7278291667,253.945327759,251.657318115,-0.01374526535777143,-2.288009643999999
85,85,85,1083,4238.107611332443,409100,-83.7650047222,42.2437427778,-83.7277452778,42.2477708333,42.2452991667,42.2443525,-83.7279336111,-83.7650047222,251.548538208,277.114044189,0.060324025447725166,25.56550598100003
86,86,86,1100,2516.829868171661,205800,-83.7248836111,42.2389511111,-83.7196783333,42.2463147222,42.2389511111,42.2463147222,-83.7200316667,-83.7248041667,250.825942993,249.818130493,-0.00400429362962979,-1.0078125
87,87,87,1108,6067.219159046758,299400,-83.7457302778,42.2549044444,-83.7253972222,42.2754680556,42.2549044444,42.2754680556,-83.7253972222,-83.7457302778,255.947128296,262.175079346,0.010264923959219673,6.22795105000003
88,88,88,1110,8876.890026778847,740700,-83.7148541667,42.2448030556,-83.6902911111,42.3056422222,42.2448030556,42.3056422222,-83.71478,-83.7076080556,250.994400024,275.019622803,0.027065008916982308,24.025222779000018
89,89,89,1111,5608.621764866482,606100,-83.7210672222,42.2447075,-83.6925019444,42.3025986111,42.3025744444,42.2490044444,-83.7043613889,-83.7210672222,276.057037354,259.402679443,-0.02969433852782996,-16.654357910999977
90,90,90,1113,6375.713907846069,174000,-83.7708322222,42.2566136111,-83.7570716667,42.2675197222,42.2567308333,42.2675197222,-83.7577558333,-83.7708322222,281.508880615,288.089477539,0.010321354634604398,6.580596923999963
91,91,91,1117,8097.8220026205745,289700,-83.7247147222,42.2306077778,-83.6996172222,42.2451886111,42.2451886111,42.2306077778,-83.7247147222,-83.6996172222,249.502365112,257.750549316,0.010185687558953804,8.248184203999983
92,92,92,1139,7915.644742973331,435300,-83.7319752778,42.2964475,-83.6828555556,42.3081075,42.3081075,42.2980558333,-83.6828555556,-83.7319752778,268.453796387,249.13067627,-0.024411375597392614,-19.323120117000002
93,93,93,1143,2772.989356258663,79800,-83.7395486111,42.2436916667,-83.7273486111,42.2460077778,42.2436916667,42.2460077778,-83.7395486111,-83.7277891667,262.056732178,251.996780396,-0.036278602946859584,-10.059951782000013
94,94,94,1148,8388.31119304578,179300,-83.8018308333,42.2850022222,-83.7961436111,42.2911991667,42.2850027778,42.2911991667,-83.8018308333,-83.7996411111,282.792572021,293.817504883,0.013143220525252504,11.024932862000014
95,95,95,1149,2307.7403578264125,420900,-83.7459722222,42.2567483333,-83.7272766667,42.2754030556,42.2567483333,42.2754030556,-83.7272766667,-83.7459722222,254.356582642,261.294494629,0.030063795161906555,6.937911986999978
96,96,96,1151,1278.1940858005262,191900,-83.7997305556,42.2829619444,-83.7888394444,42.2911441667,42.2911441667,42.2829619444,-83.7997305556,-83.7888394444,293.513031006,291.610900879,-0.014881403804962145,-1.9021301270000208
97,97,97,1153,1526.7612791073404,110800,-83.8015125,42.2825816667,-83.7883472222,42.2851691667,42.2825816667,42.2851233333,-83.7883472222,-83.8015125,292.846710205,282.830596924,-0.06560507502908648,-10.016113281000003
98,98,98,1154,3532.1814619901666,131400,-83.7243133333,42.2384547222,-83.7197116667,42.2450947222,42.2384547222,42.2450947222,-83.7199758333,-83.7243133333,251.546142578,249.62852478,-0.005428990841026336,-1.917617798000009
99,99,99,1160,1846.0106738594875,207500,-83.7278886111,42.250325,-83.7232502778,42.2614180556,42.2608033333,42.250325,-83.7278886111,-83.7255022222,257.383026123,251.195510864,-0.03351849534005662,-6.18751525899998
100,100,100,1168,2283.496901476241,227400,-83.7442544444,42.2643452778,-83.7336691667,42.2842625,42.2643452778,42.2842625,-83.7336691667,-83.7434677778,255.296188354,256.639984131,0.005884816435777194,1.3437957769999969
101,101,101,1175,2370.438427787865,528700,-83.7253680556,42.2545030556,-83.7244586111,42.2554894444,42.2551258333,42.2548172222,-83.7253491667,-83.7250447222,256.16418457,257.016815186,0.003596932369814943,0.852630615999999
102,102,102,1179,17330.967924076278,1618900,-83.8017177778,42.2533736111,-83.7284811111,42.2850269444,42.2848602778,42.2533736111,-83.8017177778,-83.7284811111,282.625427246,251.849197388,-0.017757968578850786,-30.776229858000022
103,103,103,1184,4093.1494096533497,384900,-83.7511919444,42.2644416667,-83.7465805556,42.281505,42.281505,42.2644416667,-83.7499244444,-83.750195,252.255020142,271.573791504,0.04719834193146867,19.31877136199998
104,104,104,1197,12366.276172933038,1902800,-83.7442636111,42.2465316667,-83.6925197222,42.3175383333,42.2494808333,42.3052755556,-83.7210480556,-83.6930286111,260.773773193,276.37890625,0.012619114488254824,15.605133056999989
105,105,105,1198,1792.8378854567625,56700,-83.683195,42.3072166667,-83.6771552778,42.3094388889,42.3077686111,42.3072166667,-83.683195,-83.6771552778,269.791046143,269.791320801,1.5319734271269564e-06,0.000274657999966621
106,106,106,1204,11135.006863849076,911200,-83.75116,42.2522544444,-83.7282208333,42.2791863889,42.2791863889,42.2522544444,-83.7510775,-83.7282208333,246.208511353,251.377593994,0.004642191299180079,5.169082640999989
107,107,107,1212,3867.3193229763488,1118500,-83.744285,42.2349027778,-83.7355427778,42.2978502778,42.2349027778,42.2910563889,-83.7387986111,-83.7394175,254.380355835,247.068954468,-0.018905639340078266,-7.311401367000002
108,108,108,1221,7499.715430711892,579500,-83.7883108333,42.2748513889,-83.7309472222,42.298975,42.2748513889,42.298975,-83.7309472222,-83.7883108333,267.796203613,293.332214355,0.03404950361883863,25.53601074200003
109,109,109,1222,1808.416060874447,115400,-83.7926427778,42.2940194444,-83.7808711111,42.3021675,42.3021675,42.2940194444,-83.7916119444,-83.7808711111,287.31539917,287.587005615,0.0015019024324083165,0.2716064450000317
110,110,110,1243,10903.523962413068,1997900,-83.7247858333,42.2440752778,-83.6769177778,42.3069611111,42.3069611111,42.24634,-83.6769591667,-83.7247569444,269.376647949,249.698135376,-0.01804787579667696,-19.678512573000006
111,111,111,1245,3068.550763361724,163300,-83.7390555556,42.2345036111,-83.7274216667,42.2450855556,42.2345036111,42.2450855556,-83.7390383333,-83.7275413889,257.052001953,251.698196411,-0.01744736881884389,-5.3538055420000035
112,112,112,1261,11433.387763662136,1488800,-83.7444291667,42.2569858333,-83.6771475,42.3178211111,42.2569858333,42.307385,-83.7269894444,-83.6771475,255.461547852,270.351257324,0.01302301855423607,14.889709472000021
113,113,113,1262,3002.8086613725004,166600,-83.7039816667,42.3025713889,-83.6775891667,42.3091861111,42.3091861111,42.3025713889,-83.6775891667,-83.7039816667,276.203643799,275.832061768,-0.001237448255111733,-0.37158203100000264
114,114,114,1263,5678.807779795171,615400,-83.7246405556,42.2440383333,-83.6924402778,42.2953308333,42.2953308333,42.2459991667,-83.7049783333,-83.7246405556,258.953338623,249.500167847,-0.016646423404493647,-9.453170775999979
115,115,115,1292,4888.98433096659,586800,-83.74438,42.2567083333,-83.7269294444,42.2865575,42.2567083333,42.2865575,-83.7269294444,-83.7435177778,255.076004028,245.328079224,-0.01993858748644838,-9.747924804000007
116,116,116,1304,10805.61320392573,1165500,-83.7444413889,42.2694552778,-83.6835255556,42.3176383333,42.2694552778,42.3075194444,-83.7391936111,-83.6835255556,254.203063965,270.593994141,0.015168920748971856,16.390930175999983
117,117,117,1306,11058.762184660163,669000,-83.7790177778,42.2284616667,-83.7270658333,42.2488691667,42.2488691667,42.2284616667,-83.727815,-83.7788383333,250.484588623,271.914215088,0.019377997593201746,21.429626464999984
118,118,118,1310,11106.849129377224,840300,-83.7583794444,42.2530511111,-83.7285011111,42.2779863889,42.2530511111,42.2655616667,-83.7286844444,-83.7568508333,251.803253174,274.217956543,0.020181015112761668,22.414703369000023
119,119,119,1320,3530.8288769344567,187700,-83.7492697222,42.2435069444,-83.7270372222,42.2469847222,42.2436063889,42.2469847222,-83.7492697222,-83.7272222222,269.214569092,250.248886108,-0.05371530950598724,-18.965682983999983
120,120,120,1323,8062.269892716229,175000,-83.7387861111,42.23417,-83.728325,42.2443333333,42.23417,42.2443333333,-83.7386569444,-83.728325,256.198486328,253.084640503,-0.0038622448748067174,-3.1138458249999985
121,121,121,1338,7202.176785895696,532400,-83.7858594444,42.2616283333,-83.7374441667,42.2741741667,42.2727361111,42.2616283333,-83.7858594444,-83.7374441667,296.042236328,253.438842773,-0.05915453093758292,-42.603393555
122,122,122,1339,11568.595215672589,2243400,-83.7462822222,42.2407208333,-83.7233563889,42.298035,42.2440733333,42.2549511111,-83.7395852778,-83.7257586111,262.295257568,255.708877563,-0.005693328316588696,-6.586380005000024
123,123,123,1340,2270.501278115225,328700,-83.7459519444,42.2569836111,-83.7270366667,42.2753622222,42.2569836111,42.2753622222,-83.7270366667,-83.7459519444,255.192138672,261.354492188,0.027141038291463325,6.162353515999996
124,124,124,1360,5473.581790020525,137200,-83.7500161111,42.2702119444,-83.7472552778,42.2793875,42.2702119444,42.2793875,-83.7500161111,-83.7473194444,260.984161377,257.376190186,-0.006591610600206437,-3.607971191000047
125,125,125,1363,3374.5073079039994,802800,-83.7460319444,42.2546197222,-83.724735,42.2870505556,42.2870505556,42.254845,-83.7438252778,-83.7254383333,242.300720215,255.962982178,0.04048701837553436,13.662261962999992
126,126,126,1373,11992.086528613354,124900,-83.7787519444,42.2281494444,-83.7460583333,42.2292133333,42.2281494444,42.2292133333,-83.7787519444,-83.7460583333,272.362030029,257.778961182,-0.012160585728688928,-14.583068846999993
127,127,127,1380,7310.992250772791,565000,-83.7764994444,42.2534444444,-83.7288775,42.27393,42.2541694444,42.27393,-83.7288775,-83.7764994444,251.730758667,284.945098877,0.04543115604457204,33.21434021000002
128,128,128,1383,4459.031823623503,408100,-83.7877308333,42.2423144444,-83.7652102778,42.2856533333,42.2829475,42.2423144444,-83.7876883333,-83.7672508333,292.325408936,279.293945312,-0.029224997242085347,-13.031463623999969
129,129,129,1384,4766.039171322909,340600,-83.7593516667,42.2291011111,-83.7273361111,42.2465805556,42.22914,42.2465805556,-83.7593516667,-83.7277791667,262.793548584,252.038589478,-0.022565879344467656,-10.754959106000001
130,130,130,1402,8494.646731773766,429800,-83.7504477778,42.2464525,-83.7235511111,42.2700736111,42.2700736111,42.2483283333,-83.750255,-83.7235511111,262.933135986,253.662155151,-0.010913916316047427,-9.270980835000017
131,131,131,1405,11398.23652170494,1086900,-83.7247508333,42.2442152778,-83.6820986111,42.2926355556,42.2926355556,42.2456041667,-83.682615,-83.7247491667,272.338653564,249.503051758,-0.020034368992760745,-22.835601806000028
132,132,132,1406,6307.41175146656,562800,-83.7784327778,42.2281105556,-83.7278675,42.2469136111,42.2469136111,42.2281402778,-83.7280052778,-83.7783844444,251.880691528,271.732757568,0.03147434344337491,19.85206604000001
133,133,133,1409,11809.867095828013,589700,-83.7785230556,42.2281166667,-83.7269069444,42.2488469444,42.2488469444,42.2282277778,-83.7277438889,-83.7785230556,250.664581299,272.069122314,0.018124315876941067,21.404541015000035
134,134,134,1410,5973.818692560517,460800,-83.7790038889,42.2281075,-83.7275427778,42.2475086111,42.2281075,42.2459522222,-83.778945,-83.7281697222,272.343017578,252.679779053,-0.032915871836438855,-19.663238524999997
135,135,135,1413,8091.303227370302,559800,-83.72409,42.2439408333,-83.6922436111,42.2773233333,42.2773233333,42.2450861111,-83.6994363889,-83.72409,229.974761963,249.807907104,0.024511755603452805,19.833145141000017
136,136,136,1418,11394.136915160794,1551300,-83.7792194444,42.2204952778,-83.7289169444,42.2442816667,42.2442816667,42.2435977778,-83.7289169444,-83.7391413889,253.229995728,261.996734619,0.007694081220176177,8.766738890999989
137,137,137,1421,1624.0799656899449,215600,-83.7388494444,42.2292402778,-83.7279166667,42.2445269444,42.2292402778,42.2445269444,-83.7384977778,-83.7279166667,253.495849609,252.447540283,-0.00645479019833915,-1.048309326000009
138,138,138,1424,11260.76213871352,419000,-83.7804794444,42.2851280556,-83.7360919444,42.3050819444,42.2852869444,42.3006233333,-83.7799927778,-83.7360919444,281.883453369,255.824523926,-0.023141416982232838,-26.058929442999982
139,139,139,1427,6755.522009048556,1499200,-83.7511527778,42.2566866667,-83.7270361111,42.2796916667,42.2567525,42.2566866667,-83.7270361111,-83.7270991667,254.923370361,254.670288086,-0.00037463022818756046,-0.253082274999997
140,140,140,1429,2583.651634771917,273300,-83.7470936111,42.2551752778,-83.7256886111,42.2760816667,42.2551752778,42.2760816667,-83.7256886111,-83.7470936111,255.990646362,258.527404785,0.009818504985792134,2.5367584229999807
141,141,141,1435,5267.89509260611,702400,-83.7442527778,42.2567602778,-83.7270005556,42.2979511111,42.2567602778,42.2979511111,-83.7270005556,-83.73186,255.056015015,248.539535522,-0.01237018650571134,-6.51647949300002
142,142,142,1453,8588.782665641405,616800,-83.7785419444,42.2282816667,-83.7275583333,42.2470213889,42.2470213889,42.2282816667,-83.7278008333,-83.7785419444,251.469100952,272.096679688,0.02401695214598118,20.627578736000004
143,143,143,1457,8783.43844769039,420900,-83.7786341667,42.2281638889,-83.7302816667,42.2443194444,42.2281638889,42.2443194444,-83.7786341667,-83.7302816667,272.225097656,257.39352417,-0.0168858639120943,-14.831573486000025
144,144,144,1461,5066.440957225819,643700,-83.7442230556,42.2607669444,-83.7298872222,42.2980619444,42.2612958333,42.2980619444,-83.7371533333,-83.7318775,253.177719116,249.181488037,-0.007887652014238878,-3.9962310789999833
145,145,145,1469,3646.828936156284,387800,-83.72147,42.2445247222,-83.7007983333,42.2494458333,42.2494458333,42.2450325,-83.72147,-83.7008119444,260.510131836,249.948364258,-0.028961632304674766,-10.56176757800003
146,146,146,1474,5605.12715322705,85800,-83.7391080556,42.2439488889,-83.7278025,42.2466377778,42.2439488889,42.2466377778,-83.7391080556,-83.7280608333,262.148193359,251.932327271,-0.018225961296748944,-10.215866088000013
147,147,147,1492,11944.159099824916,136500,-83.7786166667,42.2280716667,-83.7461841667,42.2292383333,42.2280716667,42.2292383333,-83.7786166667,-83.7461841667,272.092315674,257.704284668,-0.012046089912951212,-14.388031006000006
148,148,148,1493,2215.003078498385,167600,-83.7389016667,42.2346611111,-83.7275408333,42.2451,42.2346611111,42.2451,-83.7387886111,-83.7275905556,256.916656494,251.939468384,-0.0224704007126719,-4.977188109999986
149,149,149,1496,7357.623252651339,355100,-83.7593663889,42.2286086111,-83.7274641667,42.2449927778,42.2287719444,42.2449927778,-83.7593663889,-83.727515,261.600921631,252.253128052,-0.012704919513238223,-9.347793579000012
150,150,150,1509,11833.25705956384,1521800,-83.7788375,42.2205097222,-83.7297883333,42.2443341667,42.2443341667,42.24427,-83.7297883333,-83.7298627778,255.398925781,255.823104858,0.0003584635025989644,0.4241790769999909
151,151,151,1510,5439.043254646791,218700,-83.7784255556,42.2282236111,-83.7392591667,42.2294341667,42.2294341667,42.2282261111,-83.7392591667,-83.7784255556,253.830780029,271.999511719,0.03340446510118136,18.168731689999987
152,152,152,1511,7172.745742829924,611800,-83.7784483333,42.2281816667,-83.7257,42.2563602778,42.2281816667,42.2563602778,-83.7784483333,-83.72666,272.039489746,255.261489868,-0.023391385085273247,-16.777999878000003
153,153,153,1516,5975.380167875401,291000,-83.7799802778,42.2806069444,-83.7513430556,42.2820313889,42.2817125,42.2806158333,-83.7513430556,-83.7799802778,247.265045166,286.658111572,0.065927056313549,39.393066406
154,154,154,1520,9077.41580883488,254300,-83.7249261111,42.2297652778,-83.7134875,42.2462958333,42.2299394444,42.2462958333,-83.7134875,-83.7248736111,262.182312012,249.864685059,-0.013569542866355295,-12.317626953000001
155,155,155,1522,7848.882599198638,483700,-83.7606791667,42.2434275,-83.7275611111,42.2509083333,42.2509083333,42.2463833333,-83.7569616667,-83.7280219444,273.309875488,251.828674316,-0.02736858572121057,-21.481201172
156,156,156,1528,7605.872853123927,974500,-83.7213127778,42.2447322222,-83.6926852778,42.2843830556,42.2843830556,42.2491969444,-83.7019177778,-83.7213127778,237.365707397,259.93661499,0.029675761630636593,22.570907593000015
157,157,157,1531,3295.819380943094,64800,-83.7492569444,42.2804627778,-83.7470866667,42.2822741667,42.2822741667,42.2807127778,-83.7472519444,-83.7492569444,254.317718506,254.316238403,-4.490849858351168e-06,-0.0014801030000057835
158,158,158,1532,3060.169921219312,440700,-83.7508952778,42.2526808333,-83.7281211111,42.2743386111,42.27408,42.2526808333,-83.7508952778,-83.7281211111,250.070663452,251.862609863,0.005855709860416046,1.7919464109999979
159,159,159,1533,2032.460738212468,211400,-83.7449336111,42.2697008333,-83.7389108333,42.2812458333,42.2697008333,42.2812458333,-83.7389108333,-83.7449336111,255.048736572,259.057891846,0.019725660616518762,4.0091552740000225
160,160,160,1553,5131.040438069961,348400,-83.7495855556,42.2611083333,-83.7299675,42.2778825,42.2611083333,42.277875,-83.7299675,-83.7495855556,255.06211853,253.966064453,-0.0021361244668321043,-1.096054076999991
161,161,161,1558,1014.1711461563532,106200,-83.7634036111,42.2770658333,-83.7543322222,42.2789480556,42.2770658333,42.2784452778,-83.7634036111,-83.7543322222,265.181274414,251.886993408,-0.13109644662418365,-13.294281005999977
162,162,162,1561,9695.520602475348,460400,-83.7512911111,42.2566694444,-83.7269758333,42.2865997222,42.2865997222,42.277785,-83.7325716667,-83.748695,240.109786987,256.395965576,0.01679765557041557,16.286178588999974
163,163,163,1562,2760.261588369053,296800,-83.7500486111,42.2523186111,-83.72783,42.2641602778,42.2640433333,42.2523186111,-83.7500486111,-83.7278491667,270.770782471,251.923583984,-0.06828207127569504,-18.847198487000014
164,164,164,1567,13265.003059513823,534800,-83.7494316667,42.2578138889,-83.7009108333,42.2823811111,42.2814183333,42.2578138889,-83.7494316667,-83.7009108333,253.452041626,254.734664917,0.0009669227298639454,1.282623290999993
165,165,165,1568,1959.589326555236,313700,-83.7508061111,42.2802219444,-83.7356980556,42.28166,42.2811966667,42.2811916667,-83.7356980556,-83.7508061111,265.779846191,249.490432739,-0.08312954180332563,-16.28941345199999
166,166,166,1572,4127.921516103005,382200,-83.7509966667,42.2812569444,-83.73267,42.2865386111,42.2865386111,42.2812569444,-83.73267,-83.7509966667,240.155715942,248.483703613,0.02017481337014717,8.327987670999988
167,167,167,1573,9893.154556715352,768200,-83.7209877778,42.2447591667,-83.6767941667,42.3095411111,42.3095411111,42.24906,-83.6768527778,-83.7209877778,276.444976807,259.309326172,-0.01732074055945602,-17.13565063499999
168,168,168,1575,5729.445430029639,269800,-83.7502636111,42.2532297222,-83.7288491667,42.2641580556,42.2640769444,42.2541719444,-83.7502636111,-83.7288491667,271.131286621,251.790756226,-0.03375656653704672,-19.340530395000002
169,169,169,1578,3573.006604162134,233200,-83.7548616667,42.2757952778,-83.7496780556,42.2821105556,42.2757952778,42.2821105556,-83.7548616667,-83.7496783333,253.820495605,252.016235352,-0.0050496981475949745,-1.8042602529999954
170,170,170,1582,5559.60657792011,153800,-83.7570430556,42.2435466667,-83.7302452778,42.2770086111,42.2757919444,42.2442875,-83.7560108333,-83.7302452778,256.423522949,257.239349365,0.0014674175471762483,0.8158264159999931
171,171,171,1585,1619.5094902206845,239700,-83.7673994444,42.2423472222,-83.7569955556,42.2507675,42.2507675,42.2423472222,-83.7569955556,-83.7673994444,273.734130859,279.495300293,0.03557377046738862,5.76116943400001
172,172,172,1586,3031.127080746248,272200,-83.7391641667,42.2293502778,-83.7273361111,42.2448644444,42.2294272222,42.2448644444,-83.7391641667,-83.7273361111,254.085601807,251.618453979,-0.008139377134357905,-2.4671478279999803
173,173,173,1589,8473.877496126015,1951100,-83.7452536111,42.2564405556,-83.7251127778,42.2984705556,42.2567566667,42.2564405556,-83.7269783333,-83.7268963889,255.076004028,254.86340332,-0.00025088952272923714,-0.21260070799999653
174,174,174,1591,1532.1305606686535,140500,-83.7022322222,42.2444766667,-83.6945183333,42.2450144444,42.2445369444,42.2450144444,-83.7022322222,-83.6945183333,249.863739014,249.647094727,-0.0014140067088751847,-0.21664428700000826
175,175,175,1593,9582.673115099386,1004700,-83.7789341667,42.2290408333,-83.7275686111,42.2468527778,42.2447113889,42.2290408333,-83.72757,-83.7788152778,251.991424561,270.908752441,0.019741218879788972,18.917327879999988
176,176,176,1594,14307.916439044317,432300,-83.7786130556,42.2280177778,-83.727605,42.2462075,42.2280177778,42.2462075,-83.7786130556,-83.7280802778,272.292327881,251.611923218,-0.01445383494735632,-20.68040466300002
177,177,177,1595,2356.904858790266,227800,-83.7486591667,42.2644272222,-83.7335936111,42.2776727778,42.2644272222,42.2776727778,-83.7335936111,-83.7485913889,255.627151489,256.316314697,0.002924018060767389,0.6891632079999965
178,178,178,1596,2711.425950035611,278900,-83.7502522222,42.2534530556,-83.7286788889,42.2646136111,42.2645158333,42.2545986111,-83.7502522222,-83.7286788889,271.742126465,252.382873535,-0.07140060895028003,-19.359252930000025
179,179,179,1599,8073.92951993086,533300,-83.7498569444,42.2823716667,-83.7189269444,42.2874275,42.2874275,42.2824419444,-83.7189269444,-83.7498569444,244.790618896,250.734954834,0.007362384740145317,5.944335937999995
180,180,180,1600,9223.89567514407,170400,-83.7786583333,42.2281008333,-83.74613,42.2292119444,42.2281008333,42.2292119444,-83.7786583333,-83.74613,272.289031982,257.754608154,-0.015757378860298932,-14.534423828000001
181,181,181,1601,6599.285717513917,207000,-83.7472744444,42.238715,-83.7278569444,42.2825602778,42.2815586111,42.2445838889,-83.7472744444,-83.7278569444,255.449813843,252.351333618,-0.004695175658634999,-3.0984802249999746
182,182,182,1602,1586.40620204563,76800,-83.7480316667,42.2814016667,-83.7409961111,42.2816408333,42.2814486111,42.2814072222,-83.7409961111,-83.7480316667,265.867218018,255.205551147,-0.06720792974244867,-10.661666871000023
183,183,183,1604,12483.77284527245,702100,-83.8013836111,42.2586791667,-83.7091105556,42.2855016667,42.2586791667,42.28527,-83.7091105556,-83.8013836111,259.236724854,283.009399414,0.019042895091293432,23.772674559999984
184,184,184,1606,5745.553613511358,353000,-83.8020241667,42.2804905556,-83.7512827778,42.2849591667,42.2849469444,42.2814941667,-83.8020241667,-83.7512827778,282.854614258,246.851882935,-0.06266313151315654,-36.002731323000035
185,185,185,1607,3622.274087757355,401900,-83.74413,42.2444163889,-83.7197727778,42.2743688889,42.2743688889,42.2444163889,-83.74413,-83.7198033333,262.770965576,250.006469727,-0.03523911993951037,-12.764495848999985
186,186,186,1615,2519.71373326107,122600,-83.7673125,42.2424677778,-83.7606933333,42.2478541667,42.2478541667,42.2424677778,-83.7606933333,-83.7673125,277.601226807,279.066009521,0.005813291177371873,1.4647827140000231
187,187,187,1624,2970.8164770915905,287700,-83.7494036111,42.2434236111,-83.7276719444,42.2462333333,42.2462333333,42.2449958333,-83.7493572222,-83.7277647222,267.130767822,252.088684082,-0.05063347626952744,-15.04208374000001
188,188,188,1625,4740.820511360975,436600,-83.7511425,42.2817619444,-83.7190658333,42.2875480556,42.2875480556,42.2817619444,-83.7190658333,-83.7509669444,244.559280396,248.170501709,0.007617293993768328,3.6112213130000157
189,189,189,1629,4162.816320827917,314300,-83.7506775,42.2825813889,-83.7323208333,42.2863388889,42.2863388889,42.2828919444,-83.7323208333,-83.7506775,240.29510498,246.298904419,0.014422461190831163,6.003799439000005
190,190,190,1634,4911.758457188187,279000,-83.7485111111,42.2827380556,-83.7383844444,42.2904877778,42.2899463889,42.2827380556,-83.7383844444,-83.7485111111,238.241012573,253.270370483,0.03059887492454766,15.029357909999987
191,191,191,1635,2464.186599943566,456100,-83.7444775,42.2522666667,-83.7280877778,42.2743658333,42.2743658333,42.2522666667,-83.7444775,-83.7280877778,262.267120361,251.432922363,-0.04396705475058565,-10.834197998000036
192,192,192,1637,5568.458647602234,87100,-83.7536111111,42.2761925,-83.7533841667,42.2815852778,42.2815852778,42.2761925,-83.7535044444,-83.7535108333,243.268890381,251.238555908,0.014312171812373445,7.969665526999989
193,193,193,1638,6390.453744315943,487200,-83.7510577778,42.2800530556,-83.7192816667,42.2873033333,42.2873033333,42.2800530556,-83.7192816667,-83.7510577778,243.674743652,246.589492798,0.004561099361339302,2.9147491460000197
194,194,194,1641,9117.133524707788,986800,-83.7807433333,42.2533119444,-83.7284952778,42.29465,42.29465,42.2534411111,-83.7805225,-83.7284952778,288.5730896,251.869842529,-0.040257767853091035,-36.70324707099999
195,195,195,1644,3482.475005885918,932500,-83.7500816667,42.2294447222,-83.7260316667,42.2724713889,42.2299011111,42.2724713889,-83.7260316667,-83.7494025,249.080627441,252.697845459,0.010386922987705525,3.617218018000017
196,196,196,1648,13450.762724567903,963400,-83.7998744444,42.2424738889,-83.7363811111,42.3054055556,42.2432472222,42.3005683333,-83.7713358333,-83.7363811111,279.758239746,254.369308472,-0.018875492061102242,-25.388931274000015
197,197,197,1652,9752.640634362882,270400,-83.7325566667,42.2564716667,-83.7268277778,42.2634683333,42.2564716667,42.2566641667,-83.7268277778,-83.7270283333,255.123397827,254.790283203,-0.0003415635177006257,-0.3331146239999896
198,198,198,1656,11870.719013737462,1830500,-83.7443025,42.2466438889,-83.6775913889,42.309135,42.2495102778,42.309135,-83.7216202778,-83.6775913889,260.599151611,276.022033691,0.012992384942494271,15.422882079999965
199,199,199,1661,8382.925870896604,167500,-83.739135,42.2353436111,-83.7275494444,42.24659,42.2353436111,42.24659,-83.7390336111,-83.7279019444,259.05581665,251.815307617,-0.008637213122567499,-7.240509032999995
200,200,200,1674,2141.2645726794863,578900,-83.75135,42.2324183333,-83.7391608333,42.2725583333,42.2725583333,42.2324183333,-83.7497869444,-83.7392944444,252.695007324,255.577713013,0.01346264416890625,2.882705689000005
201,201,201,1675,12812.595869158342,1300800,-83.7211691667,42.2447341667,-83.6769663889,42.3090941667,42.3090941667,42.2492694444,-83.6774769444,-83.7211691667,275.932495117,259.820617676,-0.01257503970664146,-16.11187744099999
202,202,202,1682,14505.241496883837,3193200,-83.7468769444,42.243415,-83.6742363889,42.2758694444,42.2464772222,42.2758694444,-83.7249855556,-83.7468769444,250.027023315,258.782287598,0.006035932514298873,8.755264282999974
203,203,203,1695,14200.272666272682,2631200,-83.7797725,42.2571791667,-83.7252613889,42.2985236111,42.2738286111,42.2571791667,-83.7797725,-83.7273288889,292.973754883,255.010513306,-0.026734259358613264,-37.96324157700002
204,204,204,1707,5916.899649902465,430800,-83.7440291667,42.2778491667,-83.7185744444,42.2902302778,42.2778491667,42.2902302778,-83.7433741667,-83.7185744444,264.660980225,254.446075439,-0.017263973724233675,-10.214904786000005
205,205,205,1712,3713.660084679401,592000,-83.7509877778,42.2797008333,-83.7190602778,42.2873230556,42.2873230556,42.2797008333,-83.7190602778,-83.7509877778,244.404983521,246.617111206,0.005956732783883432,2.212127685000013
206,206,206,1716,14392.958560862198,155200,-83.7040516667,42.3026536111,-83.6775247222,42.3093183333,42.3093183333,42.3026536111,-83.6775247222,-83.7040516667,276.242126465,275.812133789,-0.0002987521115784914,-0.4299926760000403
207,207,207,1720,20508.686734334744,1710000,-83.7900975,42.2279658333,-83.7617161111,42.3075119444,42.2281613889,42.2443327778,-83.7791697222,-83.7654941667,272.754943848,276.281921387,0.0017197481422596853,3.526977539000029
208,208,208,1721,7126.941039740054,478900,-83.7509330556,42.2819091667,-83.7190702778,42.2876244444,42.2876244444,42.2819144444,-83.7190702778,-83.7509330556,244.785232544,248.026306152,0.0045476368123025974,3.2410736079999936
209,209,209,1722,4499.528047260773,184700,-83.7494952778,42.2436680556,-83.7252072222,42.2452416667,42.2436680556,42.2452416667,-83.7494952778,-83.7252072222,269.160766602,250.164901733,-0.04221783697027077,-18.99586486900003
210,210,210,1725,2858.091875320485,265200,-83.7513136111,42.2829202778,-83.7323116667,42.2867280556,42.2867280556,42.2829202778,-83.7323116667,-83.7513136111,239.952880859,243.453186035,0.012247009381554767,3.5003051759999835
211,211,211,1727,4054.934135106209,201300,-83.7498633333,42.2292991667,-83.7305925,42.2728069444,42.2728069444,42.244345,-83.7495844444,-83.7305925,251.32800293,258.563140869,0.017842828551714932,7.235137938999998
212,212,212,1728,4085.88892712352,136000,-83.7498069444,42.2716441667,-83.7394155556,42.2726908333,42.2720366667,42.2726908333,-83.7394155556,-83.7495147222,263.56628418,251.629745483,-0.029214180431928638,-11.936538697000032
213,213,213,1735,9882.441949570486,526600,-83.7439719444,42.2607458333,-83.7299483333,42.2909511111,42.2611916667,42.2909511111,-83.7370066667,-83.7390461111,253.27180481,244.799804688,-0.008572783203158326,-8.472000121999997
214,214,214,1737,6533.638115830943,682400,-83.7441647222,42.2778425,-83.7050977778,42.2956530556,42.2778425,42.2953313889,-83.7441647222,-83.7050977778,264.167816162,259.175720215,-0.007640608977208988,-4.992095946999996
215,215,215,1738,1424.687662025715,188300,-83.7374291667,42.2532855556,-83.7285916667,42.2614252778,42.2614252778,42.2533141667,-83.7374291667,-83.7285916667,253.401733398,252.012573242,-0.009750634145281536,-1.3891601560000026
216,216,216,1739,1607.8242418932982,274500,-83.7392866667,42.2298530556,-83.7277258333,42.2446644444,42.2446644444,42.2298530556,-83.7277258333,-83.7392741667,252.276306152,254.082580566,0.011234284860107005,1.8062744140000007
217,217,217,1740,1505.2288310245626,184100,-83.7391219444,42.2353,-83.7275069444,42.2455777778,42.2353,42.2455777778,-83.7390230556,-83.7277586111,258.858062744,251.448364258,-0.04922698869574143,-7.409698485999996
218,218,218,1751,8324.684513164284,202500,-83.7784991667,42.2282302778,-83.7451705556,42.2293402778,42.2293402778,42.2282313889,-83.7451705556,-83.7784991667,257.911987305,272.00491333,0.016929105478391313,14.092926024999997
219,219,219,1752,9160.867983076832,426200,-83.7785969444,42.22816,-83.7276225,42.2466436111,42.22816,42.2466436111,-83.7785969444,-83.7279425,272.169128418,251.855209351,-0.02217472083222716,-20.313919067
220,220,220,1756,3547.841486593396,388600,-83.7481763889,42.2757569444,-83.7420211111,42.2780794444,42.277875,42.2761616667,-83.7481763889,-83.7473644444,257.111480713,257.968292236,0.002415022066864604,0.856811523000033
221,221,221,1761,5310.744661098489,850800,-83.7459966667,42.2775869444,-83.7050511111,42.2956616667,42.2775916667,42.2954058333,-83.7459966667,-83.7050511111,261.053131104,259.016723633,-0.003834504858852672,-2.0364074709999613
222,222,222,1763,12945.166904923286,508900,-83.7508605556,42.2827997222,-83.6930922222,42.3051083333,42.3051083333,42.2827997222,-83.6930922222,-83.7508605556,276.412109375,245.01361084,-0.024255068417013654,-31.398498534999987
223,223,223,1765,7171.5440432214655,500600,-83.7674022222,42.2423652778,-83.7494038889,42.2728169444,42.2728169444,42.2423652778,-83.7494055556,-83.7674022222,251.436080933,279.455291748,0.03907028179721192,28.01921081499998
224,224,224,1766,2924.725382187075,487100,-83.7501902778,42.2522261111,-83.7280463889,42.2727247222,42.2727247222,42.2522261111,-83.749535,-83.7280463889,251.509033203,251.664291382,0.0005308470332440023,0.15525817899998628
225,225,225,1769,7207.093928830773,409700,-83.7326527778,42.2864977778,-83.7050625,42.2956938889,42.2864977778,42.295525,-83.7326527778,-83.7050625,240.181838989,258.916137695,0.02599433583804471,18.734298705999976
226,226,226,1771,5380.544167711122,705800,-83.7508769444,42.2817,-83.71847,42.2902855556,42.2902855556,42.2817,-83.7185211111,-83.7508769444,254.427780151,248.6459198,-0.010745871623844183,-5.781860351000006
227,227,227,1778,4728.925812434845,393900,-83.7508655556,42.2808794444,-83.71898,42.2874927778,42.2874927778,42.2808794444,-83.71898,-83.7508655556,244.616714478,249.356445312,0.010022853820726112,4.7397308339999995
228,228,228,1779,6150.339927004728,357800,-83.8012052778,42.2852736111,-83.7916755556,42.3143233333,42.3021644444,42.2852736111,-83.7916755556,-83.8012052778,287.174987793,283.065765381,-0.006681294656787171,-4.109222412000008
229,229,229,1781,1729.208782212653,522400,-83.7442566667,42.2777513889,-83.741845,42.2800791667,42.2782186111,42.2777680556,-83.7441552778,-83.7442566667,263.879058838,263.786376953,-0.0005359785705837209,-0.09268188499999042
230,230,230,1782,9440.111627674574,240400,-83.7497247222,42.2642866667,-83.7332908333,42.2780213889,42.2642866667,42.2780213889,-83.7332908333,-83.7497247222,255.756484985,253.137115479,-0.0027747231284372268,-2.619369505999998
231,231,231,1784,4527.27667489836,430500,-83.7496625,42.2607597222,-83.7296961111,42.2781138889,42.2607597222,42.27809,-83.7296961111,-83.7496625,255.038452148,253.795944214,-0.0027444931468038735,-1.2425079340000025
232,232,232,1788,4008.12883746203,93700,-83.7393925,42.2393475,-83.7291377778,42.2444091667,42.2444091667,42.2393475,-83.7291377778,-83.7393111111,253.418640137,259.323455811,0.01473211645936347,5.904815673999963
233,233,233,1790,3528.325282202853,354600,-83.7390641667,42.2292936111,-83.7269791667,42.2519141667,42.2292936111,42.2519141667,-83.7387536111,-83.7280416667,253.691757202,251.049591064,-0.0074884447081689145,-2.6421661379999932
234,234,234,1793,18590.89073071761,2192200,-83.7785986111,42.2279794444,-83.7191461111,42.2872072222,42.2872072222,42.2442969444,-83.7191461111,-83.7302566667,244.084960938,257.307067871,0.007112144581214474,13.22210693300002
235,235,235,1795,12467.94423554228,1543700,-83.7787694444,42.2203677778,-83.7296908333,42.2443108333,42.2442125,42.2442036111,-83.7298638889,-83.7296908333,255.737045288,255.233123779,-0.000404173695271309,-0.50392150899998
236,236,236,1798,13037.675954484905,1076500,-83.7765552778,42.2569475,-83.7271108333,42.2817283333,42.2569475,42.2742072222,-83.7271108333,-83.7765552778,254.912124634,285.166259766,0.023205222076461522,30.254135131999988
237,237,237,1799,2769.790753986486,353900,-83.7614308333,42.2469041667,-83.7494136111,42.2726205556,42.2469041667,42.2726205556,-83.7614308333,-83.7494136111,280.344116211,251.921203613,-0.10262294793519572,-28.42291259800004
238,238,238,1804,5823.225096423816,162500,-83.7802077778,42.2741755556,-83.7767338889,42.2803080556,42.2741755556,42.2803080556,-83.7767338889,-83.7799936111,285.348937988,287.913238525,0.004403574897358174,2.5643005370000083
239,239,239,1808,8230.23837013495,1320600,-83.7689702778,42.2398791667,-83.7492169444,42.2728544444,42.2727272222,42.2728544444,-83.7498544444,-83.7496347222,252.115859985,251.288879395,-0.0010048075851309434,-0.8269805899999767
240,240,240,1814,12406.787055305267,575800,-83.7775591667,42.2424125,-83.72761,42.2782261111,42.2782258333,42.2424125,-83.7580858333,-83.7672844444,259.10333252,279.255371094,0.01624277507745202,20.152038574000017
241,241,241,1816,2446.3182185323367,195500,-83.7799341667,42.2735983333,-83.7586069444,42.2782061111,42.2782061111,42.2735983333,-83.7586069444,-83.7799341667,258.614746094,293.686676025,0.14338091642774076,35.071929931
242,242,242,1817,2352.257322523244,133400,-83.7765111111,42.2740788889,-83.7590280556,42.2781725,42.2740788889,42.2781080556,-83.7765111111,-83.7590744444,285.03994751,260.257659912,-0.10536119012559775,-24.782287597999982
243,243,243,1824,3418.520942868208,312700,-83.7505025,42.2829472222,-83.7323508333,42.2865191667,42.2865191667,42.2833077778,-83.7323508333,-83.7505025,240.025650024,244.408340454,0.012820439321622735,4.382690430000025
244,244,244,1831,10854.918627744848,947800,-83.7557966667,42.2433130556,-83.7323902778,42.2867911111,42.2867911111,42.2777680556,-83.7323902778,-83.7434958333,239.525314331,264.554199219,0.023057705248885146,25.028884887999993
245,245,245,1832,2269.6761516463407,546500,-83.7407177778,42.2442344444,-83.7252044444,42.2732183333,42.2732183333,42.2449466667,-83.7405580556,-83.7252044444,265.855010986,250.297134399,-0.06854829088051759,-15.557876587000038
246,246,246,1835,6475.785937537206,664900,-83.7406111111,42.2813397222,-83.7049708333,42.2956527778,42.2814447222,42.2954391667,-83.7406111111,-83.7049708333,266.499481201,258.962188721,-0.011639201261627407,-7.537292479999962
247,247,247,1838,5229.020148212562,344600,-83.7511791667,42.2781483333,-83.7357233333,42.2834244444,42.2833125,42.2781483333,-83.7357233333,-83.7510933333,256.749542236,246.674926758,-0.019266772533554282,-10.074615478000027
248,248,248,1840,12497.705372155224,1191300,-83.7201677778,42.2390027778,-83.6768552778,42.3069344444,42.3069344444,42.2390027778,-83.6769036111,-83.7201677778,269.32824707,251.070617676,-0.014608800842045432,-18.257629393999963
249,249,249,1849,7923.449458070697,636500,-83.7496308333,42.257675,-83.7003627778,42.2725222222,42.257675,42.2725222222,-83.7003627778,-83.7494841667,252.865371704,252.40246582,-0.000584222676297236,-0.4629058840000084
250,250,250,1850,5899.716595223231,182000,-83.8011719444,42.2728402778,-83.7862458333,42.2853408333,42.2728402778,42.2853408333,-83.7862458333,-83.8011719444,296.591644287,283.298858643,-0.02253128463105674,-13.292785643999991
251,251,251,1859,11766.182818567915,788100,-83.7150352778,42.2445497222,-83.6758333333,42.3091036111,42.2445497222,42.3071686111,-83.7150352778,-83.6770311111,251.107849121,269.857757568,0.015935441886893224,18.749908447000024
252,252,252,1869,16604.55315710215,516100,-83.7766802778,42.2534008333,-83.7284402778,42.2740916667,42.2740916667,42.2534261111,-83.7766802778,-83.7284402778,285.261108398,251.889831543,-0.02009770689729499,-33.37127685499996
253,253,253,1871,14959.303812223256,736400,-83.7514783333,42.2565869444,-83.6961055556,42.2740641667,42.2565869444,42.2740361111,-83.6961055556,-83.7514783333,242.96270752,250.914169312,0.005315396368100677,7.9514617920000035
254,254,254,1875,2890.8736964470345,189600,-83.7191866667,42.2873063889,-83.7051338889,42.295555,42.2873063889,42.2952819444,-83.7191866667,-83.7051338889,243.962417603,259.175018311,0.05262357660942652,15.212600707999968
255,255,255,1877,1567.6310601688235,1082000,-83.7255236111,42.2385041667,-83.7220691667,42.2420327778,42.2420327778,42.2420147222,-83.7251186111,-83.7249513889,250.740600586,251.291915894,0.003516869218162732,0.5513153079999995
256,256,256,1878,215.78251548,139300,-83.7046263889,42.3023538889,-83.7042947222,42.3029933333,42.3028766667,42.3023538889,-83.7042947222,-83.7044011111,275.92678833,276.354980469,0.019843729279938594,0.4281921389999752
257,257,257,1879,3099.275169803599,88400,-83.7277597222,42.2420758333,-83.7246861111,42.2488083333,42.2420758333,42.2488083333,-83.7252486111,-83.7277597222,250.72618103,250.476348877,-0.0008060986525037405,-0.24983215299999983
258,258,258,1886,2750.840212786915,356300,-83.7503786111,42.2526716667,-83.7283608333,42.27398,42.27398,42.2526716667,-83.7492586111,-83.7283608333,249.449401855,252.00567627,0.009292708121850552,2.5562744150000185
259,259,259,1897,12019.90675008523,373500,-83.7989205556,42.2725383333,-83.7587716667,42.2780655556,42.2729144444,42.2780075,-83.7989205556,-83.7587716667,297.006958008,259.796051025,-0.030957881844797232,-37.21090698300003
260,260,260,1902,2637.1957320349625,193900,-83.7407291667,42.2646316667,-83.7337127778,42.2717194444,42.2646316667,42.2717194444,-83.7337127778,-83.7407291667,255.704421997,257.470336914,0.0066961859958181965,1.765914916999975
261,261,261,1913,3085.823390695101,306500,-83.7766294444,42.2638680556,-83.7502275,42.2739577778,42.2641927778,42.2739577778,-83.7502275,-83.7766294444,271.391296387,285.037353516,0.04422220208991225,13.646057128999985
262,262,262,1914,2151.129320156976,205600,-83.7440013889,42.2774769444,-83.7330286111,42.2816986111,42.2807983333,42.2787047222,-83.7439741667,-83.7368433333,262.388885498,268.697296143,0.029326167017268933,6.308410645000038
263,263,263,1920,6516.983564156972,713900,-83.7486777778,42.2777794444,-83.7050077778,42.2957541667,42.2780747222,42.2954894444,-83.7486777778,-83.7050077778,256.420257568,258.836151123,0.0037070735213880902,2.4158935549999683
264,264,264,1928,7675.028840568307,959800,-83.74733,42.2776783333,-83.7054094444,42.2956847222,42.2777538889,42.29546,-83.74733,-83.7054094444,258.531677246,260.091918945,0.002032880610157722,1.5602416989999597
265,265,265,1936,5094.046768633021,172100,-83.7508819444,42.28282,-83.7357844444,42.2836133333,42.2831944444,42.2836122222,-83.7357844444,-83.7508819444,257.014038086,240.75352478,-0.031920782997239584,-16.260513306000036
266,266,266,1938,9614.480866556623,103700,-83.680985,42.2455894444,-83.6749197222,42.2535297222,42.2455894444,42.2527933333,-83.6803169444,-83.6749197222,254.499588013,254.290481567,-0.0002174911458577163,-0.20910644599999273
267,267,267,1940,5637.6680721641815,165800,-83.7247011111,42.2440066667,-83.7004316667,42.2494225,42.2494225,42.2453619444,-83.7005994444,-83.7247011111,244.957015991,249.645614624,0.0083165596030529,4.688598632999998
268,268,268,1941,3904.281957950218,260700,-83.7276263889,42.2568130556,-83.6960511111,42.2611186111,42.2608091667,42.2568130556,-83.7276263889,-83.6960511111,257.726806641,242.975585938,-0.03778243003252021,-14.751220703000001
269,269,269,1944,5721.182962348897,330600,-83.7471466667,42.2549441667,-83.7257,42.2760569444,42.2549441667,42.2760569444,-83.7257,-83.7471466667,255.848876953,258.397155762,0.004454112162726144,2.54827880900001
270,270,270,1946,11458.306364157705,576300,-83.7024227778,42.2449630556,-83.6757580556,42.3090088889,42.2449630556,42.3090088889,-83.7024227778,-83.6781288889,250.098724365,275.62802124,0.02228022137682457,25.529296875
271,271,271,1949,5460.279126060634,792900,-83.7474575,42.2777080556,-83.7050661111,42.295705,42.2777861111,42.2954116667,-83.7474575,-83.7050661111,258.174438477,259.056732178,0.0016158399454472448,0.8822937009999805
272,272,272,1951,5329.872592814293,583100,-83.7510258333,42.2826677778,-83.7205902778,42.2990977778,42.2978194444,42.2826677778,-83.7205902778,-83.7510258333,272.324157715,245.223419189,-0.050847536020402,-27.100738526000015
273,273,273,1954,5780.08416918539,113900,-83.7505416667,42.2448041667,-83.7147633333,42.2725836111,42.2641833333,42.2493063889,-83.750265,-83.72127,271.411315918,260.12487793,-0.019526462200617645,-11.286437987999989
274,274,274,1956,11607.125653139952,922700,-83.7368333333,42.2531955556,-83.6756397222,42.309155,42.2612411111,42.309155,-83.7368333333,-83.6775719444,253.153167725,276.122039795,0.019788634781991114,22.968872069999975
275,275,275,1958,6277.634324126439,394400,-83.7255627778,42.2482719444,-83.6918336111,42.2604327778,42.2560830556,42.2482719444,-83.6918336111,-83.7239344444,247.558700562,253.054992676,0.008755359004431697,5.496292113999999
276,276,276,1962,6495.094485608616,1023500,-83.7437141667,42.2732536111,-83.7210425,42.2995813889,42.284815,42.2745783333,-83.7437141667,-83.7430852778,254.197250366,262.954833984,0.013483393656747823,8.757583618000012
277,277,277,1963,6552.752231810433,584600,-83.8011213889,42.2780283333,-83.74792,42.2854086111,42.2795880556,42.2853605556,-83.74792,-83.8011213889,256.642974854,283.358886719,0.04077085927152541,26.71591186500001
278,278,278,1969,12509.772264413426,1194400,-83.7511838889,42.2413758333,-83.7273972222,42.2869794444,42.2869794444,42.2449547222,-83.7436408333,-83.727485,242.5206604,251.973129272,0.007556070063157402,9.452468871999997
279,279,279,1970,3581.230929933989,118500,-83.7434880556,42.2436772222,-83.7274988889,42.24524,42.2436772222,42.24524,-83.7434880556,-83.7275383333,262.060516357,251.789352417,-0.02868065864823151,-10.27116393999998
280,280,280,1972,3724.8935145630726,180900,-83.7330816667,42.2568766667,-83.7273152778,42.2606888889,42.2568766667,42.2605958333,-83.7273152778,-83.7330816667,254.494735718,252.943069458,-0.004165666450764531,-1.5516662599999904
281,281,281,1984,20713.54463223274,1010600,-83.7212408333,42.2447069444,-83.6768475,42.3068275,42.3068275,42.2493483333,-83.6768491667,-83.7212408333,269.029907227,260.072814941,-0.004324268628324693,-8.957092286000034
282,282,282,1996,7388.455569579919,522400,-83.7484011111,42.2779333333,-83.7029775,42.2948719444,42.2781044444,42.2948719444,-83.7484011111,-83.7044875,256.471618652,258.380401611,0.0025834668757539724,1.908782959000007
283,283,283,1997,4310.966221098758,78500,-83.7347358333,42.2441294444,-83.7275347222,42.2475194444,42.2441294444,42.2475194444,-83.7347358333,-83.7275347222,257.105010986,250.797775269,-0.0146306933157424,-6.307235717000026
284,284,284,1998,367.2963739889038,90600,-83.7252461111,42.2424727778,-83.7249441667,42.2456777778,42.2456777778,42.2424727778,-83.72495,-83.7252461111,249.438964844,250.463180542,0.027885374118710306,1.0242156980000061
285,285,285,2002,9189.969634169303,580100,-83.7433325,42.2867530556,-83.7032430556,42.2945794444,42.2867530556,42.2945794444,-83.7433325,-83.7047025,243.824493408,257.866027832,0.015279213504764967,14.041534423999991
286,286,286,2006,8490.231002683255,78900,-83.8011033333,42.2831533333,-83.7881355556,42.2855563889,42.2831533333,42.2852708333,-83.7881355556,-83.8011033333,291.482025146,283.096038818,-0.009877222911853894,-8.385986328000001
287,287,287,2007,9256.212609081142,880100,-83.8019525,42.2279183333,-83.7277575,42.2849486111,42.2849486111,42.2445713889,-83.8019525,-83.7277575,282.817901611,252.298553467,-0.032971924185077016,-30.51934814400002
288,288,288,2010,4693.4297455337255,341600,-83.7569230556,42.2506113889,-83.7494766667,42.2726961111,42.2506113889,42.2726961111,-83.7569230556,-83.7494766667,273.843444824,251.709747314,-0.04715942250470972,-22.13369751000002
289,289,289,2011,5001.660783105895,121200,-83.7765341667,42.2741597222,-83.7588111111,42.2776891667,42.2741597222,42.2776891667,-83.7765341667,-83.7588111111,285.101776123,260.449615479,-0.04928854865656156,-24.65216064399999
290,290,290,2013,11216.46406496761,700400,-83.7272511111,42.2531591667,-83.675955,42.3090169444,42.2607419444,42.3090169444,-83.7272511111,-83.677905,258.625274658,275.232666016,0.014806278935721978,16.607391357999973
291,291,291,2014,8681.65362901095,745900,-83.7243061111,42.2549877778,-83.6760566667,42.3093427778,42.3093427778,42.2562,-83.6773258333,-83.7239,276.453308105,259.963409424,-0.01899399484370724,-16.489898681
292,292,292,2019,10951.306319107534,555500,-83.7476511111,42.2781433333,-83.7032044444,42.2951319444,42.2782994444,42.2951319444,-83.7476511111,-83.7046569444,257.884521484,258.52734375,0.0005869822725950363,0.642822265999996
293,293,293,2021,12160.052009928297,714800,-83.7321827778,42.2865316667,-83.6774713889,42.3092827778,42.3092827778,42.2865316667,-83.6774713889,-83.7321827778,276.335266113,239.903488159,-0.029960350032893827,-36.43177795399998
294,294,294,2025,17933.212549312768,512800,-83.7813152778,42.2982872222,-83.6773319444,42.3238436111,42.3094,42.3070952778,-83.6773319444,-83.7813152778,276.337127686,286.965759277,0.005926787199182901,10.628631591000044
295,295,295,2029,10367.697057830135,633200,-83.7480155556,42.28033,-83.70288,42.2950480556,42.2804802778,42.2950480556,-83.7480155556,-83.7045111111,256.086120605,258.460266113,0.002289944967532786,2.3741455079999696
296,296,296,2034,11020.109431944264,550000,-83.7434002778,42.2867005556,-83.7050875,42.2956425,42.2867761111,42.2954177778,-83.7434002778,-83.7050875,243.9296875,259.116729736,0.01378122127693379,15.187042236000025
297,297,297,2035,5178.678722550104,434300,-83.7509513889,42.2826366667,-83.7190783333,42.2897202778,42.2874083333,42.2826366667,-83.7190783333,-83.7509513889,244.242141724,245.595306396,0.002612953594324397,1.3531646720000197
298,298,298,2038,2910.2734397207823,144800,-83.7491797222,42.2436711111,-83.7276119444,42.2459305556,42.2459305556,42.2446002778,-83.7491608333,-83.7276119444,267.399719238,252.17868042,-0.0523017761587122,-15.221038817999982
299,299,299,2040,16573.84829446146,478000,-83.7041602778,42.3026469444,-83.6771741667,42.3093311111,42.3093311111,42.3026844444,-83.6771741667,-83.7041602778,276.489654541,275.828643799,-0.0003988275569932536,-0.6610107419999736
300,300,300,2051,11170.255123583356,689800,-83.7248875,42.2440638889,-83.6758733333,42.3089994444,42.2466361111,42.3089994444,-83.7248875,-83.6781519444,250.204772949,275.630004883,0.022761608858094737,25.42523193400004
301,301,301,2052,12086.62757771099,784400,-83.7813608333,42.28074,-83.6776630556,42.3243066667,42.309585,42.28074,-83.6776630556,-83.780445,276.457733154,286.790924072,0.008549278636935895,10.333190918000014
302,302,302,2066,6034.377251686921,516000,-83.7462733333,42.2533511111,-83.7284694444,42.2795722222,42.2795722222,42.2533511111,-83.7460094444,-83.7284694444,259.519134521,251.849197388,-0.012710414030581946,-7.669937133000019
303,303,303,2071,9726.604461738883,475400,-83.7715477778,42.2521797222,-83.7281991667,42.2680383333,42.2680383333,42.2521797222,-83.7715477778,-83.7281991667,285.381988525,251.356216431,-0.03498238303543197,-34.02577209399999
304,304,304,2079,11322.99293537804,783400,-83.7504602778,42.2802777778,-83.7029633333,42.2947538889,42.2803516667,42.2947538889,-83.7500127778,-83.7044505556,253.220809937,257.694671631,0.00395113029633584,4.473861693999993
305,305,305,2092,13889.286103552087,1919500,-83.7286908333,42.2521783333,-83.6769891667,42.307195,42.307195,42.2521783333,-83.6770544444,-83.728215,269.897766113,251.316223145,-0.013378340296310999,-18.58154296799998
306,306,306,2095,3666.9994724478233,152100,-83.7510861111,42.2549866667,-83.749955,42.2697280556,42.2549866667,42.2697280556,-83.7510861111,-83.7499819444,283.955200195,263.266479492,-0.05641956082643797,-20.688720703
307,307,307,2099,7087.971849382691,473400,-83.751265,42.2783172222,-83.7192816667,42.2897819444,42.2874852778,42.2783172222,-83.7192816667,-83.751265,243.668640137,246.741027832,0.004334650375207096,3.072387694999975
308,308,308,2102,5783.030142129464,541100,-83.7473433333,42.2780544444,-83.7034230556,42.2945869444,42.2781552778,42.2945869444,-83.7473433333,-83.7047166667,258.14276123,257.966003418,-0.00030564912811864266,-0.1767578120000053
309,309,309,2105,13375.072905298404,543900,-83.7510591667,42.2796913889,-83.6928977778,42.3051383333,42.2955194444,42.3027819444,-83.7048708333,-83.7038608333,258.910217285,275.789337158,0.012619843968992728,16.879119873000036
310,310,310,2106,2942.323915536824,160300,-83.7039061111,42.3026116667,-83.677695,42.3093455556,42.3026116667,42.3092416667,-83.7039061111,-83.677695,275.759674072,276.135009766,0.0012756437014698205,0.37533569400000033
311,311,311,2107,5699.663099642834,531900,-83.7433911111,42.2868216667,-83.7033686111,42.2951,42.2868216667,42.2951,-83.7433911111,-83.7045444444,243.809417725,258.55657959,0.02587382968065665,14.74716186500001
312,312,312,2111,4517.7320050789285,251200,-83.7405333333,42.25481,-83.7254988889,42.2707833333,42.25481,42.2707833333,-83.7254988889,-83.7405333333,255.905288696,254.25567627,-0.0036514174238658705,-1.6496124260000045
313,313,313,2112,3152.855492848602,336700,-83.7512566667,42.2438591667,-83.7492233333,42.2727875,42.2727875,42.2438591667,-83.7493094444,-83.749245,251.404663086,269.633880615,0.05781908582054691,18.22921752900001
314,314,314,2115,4923.986918355666,282800,-83.7501994444,42.2522316667,-83.7280963889,42.2643605556,42.2643605556,42.2522316667,-83.7501994444,-83.7280963889,271.398590088,251.292922974,-0.04083242920074655,-20.105667114
315,315,315,2121,2097.590976150954,247900,-83.7494788889,42.2716325,-83.7346141667,42.2726708333,42.2726708333,42.2720177778,-83.7494294444,-83.7346141667,251.82975769,262.565490723,0.05118192140502187,10.735733032999974
316,316,316,2125,9012.54912660175,1096100,-83.7509797222,42.2569180556,-83.7268725,42.2981669444,42.2569180556,42.2831672222,-83.7268725,-83.7509761111,255.233505249,242.696182251,-0.013910975632636517,-12.53732299799998
317,317,317,2128,6073.637122747466,451800,-83.7456311111,42.2812047222,-83.7322983333,42.3003525,42.2812047222,42.2983136111,-83.7456311111,-83.7322983333,258.047363281,251.068908691,-0.011489753265215242,-6.978454590000013
318,318,318,2131,2421.3037219155226,452600,-83.7443286111,42.2646036111,-83.7333019444,42.2896583333,42.2646036111,42.2896583333,-83.7333019444,-83.7384902778,256.338470459,237.776535034,-0.0766631658548815,-18.561935425
319,319,319,2133,7504.274365094161,527400,-83.7448758333,42.2780166667,-83.7032225,42.2952125,42.2780166667,42.2952125,-83.7444158333,-83.7047241667,263.880981445,258.792755127,-0.00678043904059144,-5.088226317999954
320,320,320,2135,10540.535973443097,1475700,-83.7440216667,42.2608688889,-83.676915,42.3090486111,42.2608688889,42.3071088889,-83.72964,-83.676915,254.913848877,269.766998291,0.014091469540380628,14.853149414
321,321,321,2142,11956.76660499978,1593200,-83.7512136111,42.2551113889,-83.7272786111,42.2980558333,42.2571002778,42.2551113889,-83.7272786111,-83.7512136111,254.955673218,284.155761719,0.02442146488372882,29.20008850100001
322,322,322,2143,10083.559781501292,574700,-83.7472947222,42.2777330556,-83.7033027778,42.2951905556,42.2778552778,42.2951905556,-83.7472947222,-83.7046036111,258.331359863,258.707366943,0.00037289120946279073,0.37600708000002214
323,323,323,2144,5215.202713605841,366500,-83.7509716667,42.2817841667,-83.7188130556,42.2897558333,42.287435,42.2817841667,-83.7188130556,-83.7509716667,245.193389893,248.081710815,0.005538272476780758,2.8883209220000197
324,324,324,2146,8743.238354306337,849300,-83.7503775,42.2540483333,-83.6762619444,42.2727619444,42.2727619444,42.2591702778,-83.7495580556,-83.6762619444,251.433258057,235.049423218,-0.018738896208307557,-16.383834839000002
325,325,325,2150,11956.910045618528,644100,-83.7410925,42.2802416667,-83.7031161111,42.2949847222,42.2802416667,42.2949847222,-83.7409661111,-83.7046011111,266.339996338,258.510742188,-0.006547892221754156,-7.829254149999997
326,326,326,2154,2747.3086753368584,170300,-83.7389008333,42.2343736111,-83.7279630556,42.2443852778,42.2343736111,42.2443852778,-83.7388438889,-83.7279630556,256.925872803,252.798461914,-0.015023486745190174,-4.127410889000004
327,327,327,2158,13358.356353469691,1596300,-83.7443536111,42.2499708333,-83.6780394444,42.3091194444,42.2499708333,42.3091194444,-83.7254158333,-83.6780394444,251.236633301,275.872497559,0.01844231842730147,24.635864257999998
328,328,328,2161,12654.2492980466,150700,-83.7990602778,42.2726222222,-83.7802469444,42.2738644444,42.2729386111,42.2733844444,-83.7990602778,-83.7802469444,296.801208496,294.233764648,-0.0020289183817809773,-2.567443848000039
329,329,329,2164,2081.640796219675,633000,-83.7509483333,42.2293136111,-83.7391227778,42.2738972222,42.2736077778,42.2293136111,-83.7509483333,-83.7392552778,250.692840576,253.672744751,0.014315184606715345,2.9799041750000015
330,330,330,2165,5055.0996554370695,162000,-83.7671769444,42.2423077778,-83.7511441667,42.2548722222,42.2548722222,42.2423077778,-83.7511441667,-83.7671769444,283.733612061,279.255065918,-0.008859465106273083,-4.47854614299996
331,331,331,2170,1335.6311492826123,229800,-83.7084127778,42.2577963889,-83.7006883333,42.2684983333,42.2684102778,42.2577963889,-83.7075,-83.7006883333,258.556213379,254.047851562,-0.033754734629260034,-4.5083618169999795
332,332,332,2175,7639.263391922433,424900,-83.7382716667,42.2865911111,-83.7030122222,42.2951294444,42.2896438889,42.2951294444,-83.7382716667,-83.7045169444,237.477905273,258.616699219,0.027671352317115563,21.138793945999993
333,333,333,2176,13950.3924946135,555400,-83.7765497222,42.2532341667,-83.72829,42.2741108333,42.2741108333,42.2532838889,-83.7765497222,-83.72829,285.032714844,252.172302246,-0.02355525392820253,-32.86041259800001
334,334,334,2178,9177.025231611804,1025400,-83.7443702778,42.2718394444,-83.6771177778,42.3091444444,42.2718394444,42.307205,-83.7415580556,-83.6771177778,256.035858154,269.791320801,0.014989038116506584,13.755462647000002
335,335,335,2180,5232.801310715941,172700,-83.7509480556,42.2803088889,-83.7437866667,42.2869263889,42.2869263889,42.2803088889,-83.7437866667,-83.7509327778,242.320907593,247.597122192,0.010082968887543179,5.2762145990000135
336,336,336,2188,15279.51303666874,1546600,-83.7443497222,42.2566869444,-83.6776822222,42.3092113889,42.2566869444,42.3092113889,-83.7271894444,-83.6776822222,254.505859375,276.166168213,0.014176060814478435,21.66030883799999
337,337,337,2189,1757.1348059961226,113400,-83.6927322222,42.3050280556,-83.6773441667,42.3093197222,42.3093197222,42.3050280556,-83.6773441667,-83.6927322222,276.433319092,276.844299316,0.0023389226247128255,0.41098022400001355
338,338,338,2196,10249.828515130375,1336500,-83.7510052778,42.2568669444,-83.7270241667,42.2980116667,42.2568669444,42.2817069444,-83.7270241667,-83.7510052778,254.995651245,248.012054443,-0.006813380743550046,-6.983596801999994
339,339,339,2200,1063.4751010238151,94000,-83.7401919444,42.2718677778,-83.7346536111,42.2721566667,42.2718677778,42.2720836111,-83.7401919444,-83.7346536111,259.838256836,262.619140625,0.0261491152337997,2.7808837889999722
340,340,340,2202,2252.167765626805,69000,-83.7393741667,42.2427125,-83.7348025,42.2441777778,42.2441777778,42.2427125,-83.7348025,-83.7393625,256.964996338,261.486633301,0.020076861701499454,4.521636962999992
341,341,341,2207,15274.282431692904,636400,-83.7509866667,42.2818036111,-83.6772466667,42.3090986111,42.3090986111,42.2818036111,-83.6772802778,-83.7509866667,275.880889893,247.99597168,-0.0182561536400075,-27.88491821300002
342,342,342,2208,3168.1883989502203,679800,-83.7499844444,42.2532766667,-83.7284177778,42.27392,42.27392,42.2532766667,-83.7489447222,-83.7284177778,249.510147095,251.816146851,0.007278608707745922,2.3059997560000056
343,343,343,2213,5875.871879922423,401100,-83.7433497222,42.2845727778,-83.7031447222,42.2945636111,42.2845727778,42.2945636111,-83.7432141667,-83.7044877778,255.585769653,257.602172852,0.0034316665831656042,2.016403199000024
344,344,344,2214,1654.6414751634477,75800,-83.7349833333,42.2440038889,-83.7274741667,42.24616,42.2440038889,42.24616,-83.7349833333,-83.7281152778,256.671875,251.539978027,-0.03101530895422233,-5.131896973000011
345,345,345,2219,11002.225546402942,289900,-83.8015111111,42.2727827778,-83.78596,42.2851825,42.2727827778,42.2851716667,-83.78596,-83.8015111111,296.422729492,282.799133301,-0.012382591665631796,-13.62359619099999
346,346,346,2220,10606.733154108617,2344300,-83.8018866667,42.2434922222,-83.7489641667,42.2847516667,42.2847516667,42.2473194444,-83.8018866667,-83.7611041667,282.22668457,279.047668457,-0.002997168128580985,-3.1790161129999888
347,347,347,2233,17828.14684809008,523900,-83.7483244444,42.2850427778,-83.6769805556,42.3240977778,42.3095469444,42.2850427778,-83.6769805556,-83.7483194444,276.374908447,247.762435913,-0.016049065349701068,-28.612472534000005
348,348,348,2237,11183.171181353842,2049800,-83.74633,42.2322452778,-83.7343311111,42.2980455556,42.2709380556,42.2322452778,-83.7406725,-83.7392194444,254.428604126,255.501495361,0.0009593801458805905,1.072891234999986
349,349,349,2241,4548.537606868715,235900,-83.7199433333,42.2305591667,-83.6998091667,42.2449966667,42.2440938889,42.2305591667,-83.7199433333,-83.6998091667,248.969009399,257.870178223,0.019569335547431527,8.901168823999996
350,350,350,2247,12134.378641170491,390500,-83.7672002778,42.2421927778,-83.7274633333,42.2474802778,42.2421927778,42.2473441667,-83.7672002778,-83.7276880556,279.523101807,251.202026367,-0.023339598520086616,-28.321075439999987
351,351,351,2253,1716.748835656908,306400,-83.7511947222,42.2437183333,-83.7442402778,42.2640691667,42.2640691667,42.2437758333,-83.7502080556,-83.7442402778,271.082794189,262.807739258,-0.04820245625368621,-8.275054931
352,352,352,2255,6075.741968986438,564400,-83.7481627778,42.2778991667,-83.7028163889,42.2947427778,42.2780533333,42.2947427778,-83.7481627778,-83.7042016667,257.054138184,252.797317505,-0.007006258240582802,-4.256820679000015
353,353,353,2259,10474.377883445017,625000,-83.7473769444,42.2776994444,-83.7030244444,42.2949352778,42.2779569444,42.2949352778,-83.7473769444,-83.70443,258.29901123,258.042022705,-0.0002453496789375167,-0.256988524999997
354,354,354,2265,10612.547690035584,689000,-83.7462697222,42.2774066667,-83.7028791667,42.2952272222,42.2778858333,42.2952272222,-83.7462697222,-83.7043752778,260.07611084,258.872833252,-0.001133825383761724,-1.2032775879999917
355,355,355,2272,7505.475533690265,795700,-83.7442169444,42.2778975,-83.7029741667,42.2950836111,42.2778975,42.2950836111,-83.7442169444,-83.704425,263.887817383,258.638000488,-0.006994650979374871,-5.249816895000038
356,356,356,2273,3597.8048259293214,564200,-83.7463905556,42.2532644444,-83.7286597222,42.2795086111,42.2795086111,42.2532644444,-83.7463075,-83.7286597222,259.230957031,251.99005127,-0.02012594005536298,-7.240905760999993
357,357,357,2277,7717.428541510359,1275900,-83.7511319444,42.2532622222,-83.7203186111,42.2999022222,42.2978277778,42.2533172222,-83.7203186111,-83.7282080556,272.874755859,252.317749023,-0.026637214268345276,-20.557006836
358,358,358,2279,5921.3321365392285,1197800,-83.7493133333,42.2570944444,-83.7271633333,42.2980708333,42.2570944444,42.2848061111,-83.7271633333,-83.7493133333,254.951416016,243.076965332,-0.0200537215052617,-11.87445068400001
359,359,359,2280,3439.5668606680606,457200,-83.7514897222,42.2523261111,-83.7282644444,42.2740591667,42.2740591667,42.2523261111,-83.7514897222,-83.7282644444,250.854141235,251.482467651,0.001826760321681249,0.6283264160000215
360,360,360,2281,3146.982049740239,196600,-83.7562883333,42.2435719444,-83.7346897222,42.2447886111,42.2440794444,42.2447886111,-83.7346897222,-83.7562883333,257.18347168,275.282775879,0.05751416201927395,18.09930419899996
361,361,361,2287,12336.567291689074,1380400,-83.7442208333,42.2608088889,-83.6776833333,42.3091844444,42.2608088889,42.309175,-83.7299108333,-83.6776833333,254.791702271,276.126159668,0.01729369993713663,21.334457397000023
362,362,362,2289,1149.4488056247678,64200,-83.6828038889,42.3078452778,-83.6778183333,42.3092233333,42.3078452778,42.3091375,-83.6828038889,-83.6778183333,269.708679199,276.032196045,0.05501430344071733,6.323516845999961
363,363,363,2290,8180.89172755899,1043000,-83.7248458333,42.2441211111,-83.6779475,42.3095652778,42.3095652778,42.2464552778,-83.6779475,-83.7248458333,276.694061279,249.904251099,-0.03274698494253938,-26.78981017999999
364,364,364,2297,3237.0118162516706,245700,-83.7188741667,42.2868633333,-83.7031313889,42.2952308333,42.2872708333,42.2952308333,-83.7188741667,-83.7045375,244.937210083,258.793884277,0.04280738514361318,13.856674194000021
365,365,365,2298,7609.263693454255,236500,-83.7495861111,42.2432066667,-83.7275833333,42.2464761111,42.2461425,42.2464761111,-83.7495861111,-83.7279411111,267.323638916,251.640640259,-0.020610446159723936,-15.682998656999985
366,366,366,2300,3875.4295427685856,422800,-83.7594861111,42.2287155556,-83.7276330556,42.2448719444,42.2448719444,42.2360280556,-83.7276330556,-83.7593444444,252.073501587,268.738189697,0.043001277663739144,16.664688109999986
367,367,367,2305,4584.660227644637,661800,-83.7464002778,42.2550252778,-83.725885,42.2870155556,42.2870155556,42.2550252778,-83.7437258333,-83.725885,242.251647949,255.431045532,0.028746845751940243,13.179397583000025
368,368,368,2310,13232.60344159647,1377500,-83.721255,42.24473,-83.6767025,42.3095127778,42.309045,42.2492022222,-83.6772716667,-83.721255,275.765777588,259.818359375,-0.012051619218030878,-15.947418212999992
369,369,369,2314,2114.668340681451,179100,-83.7298972222,42.2443511111,-83.7258386111,42.255065,42.2443511111,42.255065,-83.7298972222,-83.7288336111,255.818069458,252.474716187,-0.015810315902987808,-3.343353270999984
370,370,370,2316,536.4523209622847,73200,-83.7296125,42.2441661111,-83.7274788889,42.247855,42.2442188889,42.247855,-83.7296125,-83.7275691667,254.874969482,250.598556519,-0.07971908554756697,-4.276412963000013
371,371,371,2320,1157.0893548628026,125700,-83.7421794444,42.2778622222,-83.7372941667,42.278645,42.2780327778,42.2786158333,-83.7421794444,-83.7372941667,266.203155518,268.472045898,0.01960863897319368,2.2688903799999594
372,372,372,2321,904.6898592988064,135800,-83.7406241667,42.2718844444,-83.7350325,42.2731258333,42.2719602778,42.2731258333,-83.7350325,-83.7406216667,264.179870605,265.678253174,0.016562412065641165,1.4983825690000003
373,373,373,2323,11404.093433189426,1674100,-83.7442366667,42.2500122222,-83.6781127778,42.3177772222,42.2500122222,42.3091827778,-83.7259927778,-83.6781127778,250.868209839,275.709381104,0.02178273121364096,24.841171264999986
374,374,374,2326,5060.601756956723,704800,-83.7510191667,42.281685,-83.7190502778,42.2897394444,42.2873908333,42.281685,-83.7190502778,-83.7510108333,244.422149658,248.044631958,0.007158206478307907,3.6224823000000015
375,375,375,2328,3694.385867390419,349900,-83.7485961111,42.2778455556,-83.7200613889,42.2896488889,42.2779919444,42.2871894444,-83.7485961111,-83.7200613889,256.511901855,240.81628418,-0.04248543571697466,-15.695617675000022
376,376,376,2329,6430.289788028188,762500,-83.7292383333,42.2544702778,-83.7247572222,42.2557741667,42.2551108333,42.2548494444,-83.7292383333,-83.7255277778,252.143890381,255.86529541,0.005787306287707093,3.721405028999982
377,377,377,2332,7287.088444155774,785700,-83.7509683333,42.2827158333,-83.7038058333,42.2951211111,42.2951211111,42.2827158333,-83.7048575,-83.7509683333,258.580078125,245.208755493,-0.0183493657926914,-13.371322631999988
378,378,378,2335,3504.5135540740835,528200,-83.7464908333,42.2572005556,-83.7274602778,42.2868969444,42.2868969444,42.2572005556,-83.7433558333,-83.7274602778,243.661132812,255.041107178,0.0324725077791899,11.379974365999999
379,379,379,2338,10305.157738056028,718900,-83.7510266667,42.2781258333,-83.7194069444,42.2897638889,42.2872511111,42.2781258333,-83.7194069444,-83.7510147222,243.162948608,246.506454468,0.003244497678705319,3.3435058599999934
380,380,380,2339,9787.065369429043,1195100,-83.7442877778,42.256705,-83.6769869444,42.3091355556,42.256705,42.3072927778,-83.7270108333,-83.6769869444,254.903366089,270.138214111,0.015566327499353126,15.234848022000023
381,381,381,2344,3633.2267962608007,201800,-83.7257052778,42.2332688889,-83.7195541667,42.25479,42.25479,42.2332688889,-83.7257052778,-83.7195541667,255.613830566,249.129318237,-0.01784783340174473,-6.484512328999983
382,382,382,2350,8473.136010143096,925500,-83.7495494444,42.2813555556,-83.7024413889,42.2950513889,42.2813555556,42.2950513889,-83.7494836111,-83.7044594444,253.489151001,258.55291748,0.005976261182657652,5.063766479000009
383,383,383,2355,16244.784662413293,1377900,-83.7210433333,42.2446986111,-83.6769275,42.3092494444,42.3092494444,42.2490175,-83.6774072222,-83.7210433333,276.336761475,259.469329834,-0.010383295983389116,-16.867431640999996
384,384,384,2356,3427.2876552208154,536700,-83.7349111111,42.2546927778,-83.7261655556,42.2813652778,42.2546927778,42.2813652778,-83.7261655556,-83.7303175,254.821212769,272.308227539,0.051023561943188335,17.487014769999973
385,385,385,2357,2116.240051590836,372500,-83.73245,42.2571241667,-83.7252719444,42.2816641667,42.2815141667,42.2571241667,-83.7301408333,-83.7272180556,270.821258545,255.035675049,-0.07459466926609032,-15.785583495999987
386,386,386,2360,18887.65639580299,1803800,-83.7581869444,42.2521969444,-83.6757616667,42.2642994444,42.2593513889,42.2521969444,-83.6757616667,-83.7281469444,236.517623901,251.288299561,0.007820282128765694,14.770675659999995
387,387,387,2377,6414.080611334567,778600,-83.7295411111,42.2567486111,-83.6910819444,42.2951075,42.2605883333,42.2951075,-83.7295411111,-83.70461,255.407562256,258.555511475,0.004907873456663249,3.1479492189999974
388,388,388,2382,6433.406587534915,158700,-83.8014305556,42.27274,-83.7865413889,42.2853102778,42.27274,42.2852908333,-83.7865413889,-83.8014305556,295.656280518,283.133514404,-0.019465254788000076,-12.522766114000035
389,389,389,2384,4783.935324185716,246800,-83.7991369444,42.272555,-83.7589680556,42.2777272222,42.2728630556,42.2777272222,-83.7991369444,-83.7589680556,296.921051025,260.71572876,-0.07568321205813414,-36.20532226500001
390,390,390,2391,2773.8450966568303,196500,-83.7538880556,42.2812788889,-83.7341491667,42.2815258333,42.2815197222,42.2813447222,-83.7538880556,-83.7341491667,243.737930298,265.486877441,0.07840962615081835,21.74894714299998
391,391,391,2395,2951.753038685092,99900,-83.7485147222,42.2811811111,-83.7364502778,42.2813602778,42.2813602778,42.2813144444,-83.7485147222,-83.7364502778,254.777862549,268.484710693,0.046436797893209966,13.70684814400002
392,392,392,2397,3850.697674885604,328000,-83.7523438889,42.2716841667,-83.7280363889,42.2760802778,42.27539,42.273855,-83.7307702778,-83.7522711111,268.514434814,254.521484375,-0.03633898064737386,-13.992950439000026
393,393,393,2400,601.3314944066478,123800,-83.7487611111,42.2782011111,-83.7481927778,42.2818730556,42.2782011111,42.2818730556,-83.7484502778,-83.74869,256.69430542,254.506576538,-0.036381652731663904,-2.1877288819999876
394,394,394,2401,5437.654359703235,613000,-83.7433636111,42.2864966667,-83.7032988889,42.2951175,42.2867011111,42.2951175,-83.7433636111,-83.7045283333,244.475097656,258.596588135,0.025969907546505168,14.121490478999988
395,395,395,2402,4292.547301662461,368700,-83.7419144444,42.2778766667,-83.71936,42.2875244444,42.2875244444,42.2778766667,-83.71936,-83.7419144444,243.628570557,266.195068359,0.05257206982921355,22.566497802000015
396,396,396,2410,6052.147084657561,694300,-83.7462983333,42.2779613889,-83.7028686111,42.2953508333,42.2780319444,42.2951761111,-83.7462983333,-83.7043375,259.988555908,258.959442139,-0.001700411059881178,-1.0291137690000483
397,397,397,2428,2606.437599986164,94100,-83.7504619444,42.2643683333,-83.7495894444,42.2728180556,42.2728180556,42.2643683333,-83.7495894444,-83.7504552778,251.32800293,271.894165039,0.07890771053815303,20.566162108999976
398,398,398,2437,4933.485977123924,423900,-83.7508216667,42.2832091667,-83.7191933333,42.2897633333,42.2874752778,42.2832091667,-83.7191933333,-83.7508216667,243.89515686,242.864044189,-0.0020900286294554937,-1.0311126709999883
399,399,399,2438,6834.2492828520935,524400,-83.7438627778,42.2848727778,-83.7031886111,42.2950569444,42.2848727778,42.2950569444,-83.7438627778,-83.7045336111,254.167602539,258.536590576,0.006392785438357894,4.36898803699998
400,400,400,2444,9010.61543119217,963900,-83.7458425,42.2779766667,-83.7031169444,42.2951311111,42.2779766667,42.2951311111,-83.7458425,-83.7044780556,260.824035645,258.688476562,-0.0023700480386565177,-2.1355590829999755
401,401,401,2464,4042.995504045509,598600,-83.7501280556,42.2833016667,-83.7191444444,42.2896966667,42.2872936111,42.2833511111,-83.7191444444,-83.7501280556,244.002410889,246.488433838,0.006148964094795611,2.486022948999988
402,402,402,2467,6802.458489764727,588800,-83.7462869444,42.2777869444,-83.7051372222,42.296645,42.2777869444,42.2954247222,-83.7462869444,-83.7051372222,259.932159424,259.217651367,-0.001050367395871078,-0.7145080570000459
403,403,403,2471,7988.373954843253,763200,-83.7495169444,42.2777986111,-83.7032777778,42.2951919444,42.2779233333,42.2951919444,-83.7495169444,-83.7046155556,253.890350342,258.687347412,0.006004974181239097,4.796997070000003
404,404,404,2478,4546.337473169588,459200,-83.7338816667,42.2865711111,-83.7030041667,42.2951394444,42.2879136111,42.2951394444,-83.7338816667,-83.7045527778,232.276763916,258.63671875,0.05798161284596866,26.359954834000007
405,405,405,2481,5211.7791393497055,489800,-83.7509461111,42.2818341667,-83.7190175,42.2897461111,42.28742,42.2818341667,-83.7190175,-83.7509461111,244.422149658,248.141708374,0.007136832862282658,3.7195587159999945
406,406,406,2485,10750.913164609838,581400,-83.7510808333,42.2807541667,-83.7038116667,42.2950638889,42.2950638889,42.2807541667,-83.7048336111,-83.7510808333,258.52331543,248.274017334,-0.00953342529761712,-10.249298096000018
407,407,407,2533,15311.542557639534,3876900,-83.7519913889,42.2357636111,-83.6925041667,42.2814205556,42.2812505556,42.2740444444,-83.7457369444,-83.7519913889,257.626861572,252.300338745,-0.003478763246257491,-5.326522826999991
408,408,408,2536,11000.678086907006,908500,-83.7511516667,42.2796427778,-83.704455,42.3026747222,42.3025980556,42.2796625,-83.704455,-83.7511344444,276.083129883,246.143173218,-0.027216565485414863,-29.93995666500004
409,409,409,2545,7245.345816594617,775200,-83.7510105556,42.2809138889,-83.7189619444,42.2897658333,42.2874186111,42.2809138889,-83.7189619444,-83.7510105556,244.670608521,248.675018311,0.005526872702788434,4.004409790000011
410,410,410,2548,3220.8603557281863,190600,-83.7797888889,42.2736286111,-83.7629341667,42.2771286111,42.2770619444,42.2736358333,-83.7629341667,-83.7797888889,264.045135498,293.697814941,0.09206836965431602,29.65267944300001
411,411,411,2556,5983.842225799794,96800,-83.6926958333,42.3049644444,-83.6775969444,42.3091536111,42.3049644444,42.3091536111,-83.6926958333,-83.6775969444,276.738677979,276.08203125,-0.0010973663879747994,-0.6566467289999878
412,412,412,2574,4324.754825183502,405800,-83.7324658333,42.2865016667,-83.7032166667,42.2946988889,42.2865016667,42.2946988889,-83.7324658333,-83.7046319444,240.108230591,258.004425049,0.04138118438660465,17.896194458000025
413,413,413,2581,8921.058201441521,683600,-83.7475166667,42.2779702778,-83.7034377778,42.2951388889,42.2779702778,42.2951388889,-83.7475166667,-83.7046352778,258.061676025,258.567352295,0.0005668344039394817,0.5056762699999808
414,414,414,2584,5306.175342028577,483100,-83.7510952778,42.2810527778,-83.7332394444,42.2896133333,42.2876688889,42.2810527778,-83.7332394444,-83.7509502778,234.346389771,248.709411621,0.02706860128749917,14.363021849999996
415,415,415,2589,7556.480974907992,780500,-83.7488186111,42.2778269444,-83.7051325,42.2956802778,42.2779033333,42.2954561111,-83.7488186111,-83.7051325,256.009643555,259.237670898,0.004271866293659319,3.228027342999951
416,416,416,2591,5212.178509265579,777900,-83.7509858333,42.2812286111,-83.7192694444,42.2874433333,42.2874433333,42.2812286111,-83.7192694444,-83.7509238889,243.608642578,248.535324097,0.009452254390589334,4.926681518999999
417,417,417,2610,2601.5727120565457,49600,-83.7508619444,42.2811858333,-83.7496033333,42.2834052778,42.2834044444,42.2811858333,-83.7496033333,-83.7508588889,248.792999268,249.330444336,0.002065846850936155,0.5374450680000109
418,418,418,2612,12922.137394832123,4723200,-83.7509775,42.2777602778,-83.6973655556,42.3026969444,42.2778236111,42.2820094444,-83.7473416667,-83.7509775,258.191680908,247.711395264,-0.008110337145176397,-10.48028564400002
419,419,419,2628,1567.3040160061666,194700,-83.7508772222,42.2818569444,-83.743645,42.2870425,42.2870425,42.2818569444,-83.743645,-83.7507758333,242.391647339,248.652816772,0.0399489781849094,6.261169432999992
420,420,420,2629,5791.105975591981,661700,-83.7473961111,42.2776369444,-83.7031302778,42.2950277778,42.2777769444,42.2950277778,-83.7473961111,-83.7045636111,258.211669922,258.500274658,0.0004983585822376771,0.2886047360000248
421,421,421,2654,9409.608358610449,698300,-83.7505419444,42.2833033333,-83.7038863889,42.2952761111,42.2952761111,42.2833183333,-83.7049511111,-83.7505419444,258.887298584,244.108352661,-0.015706247899549122,-14.778945923000009
422,422,422,2663,2820.94220464031,65700,-83.7520069444,42.2795255556,-83.7501566667,42.2846458333,42.2825358333,42.2795255556,-83.7501566667,-83.7515797222,249.914398193,246.608688354,-0.01171846804696345,-3.305709839000002
423,423,423,2668,7184.739041657399,107800,-83.8021377778,42.2829625,-83.7883697222,42.285075,42.2850325,42.2829625,-83.8021377778,-83.7883697222,283.075134277,291.787658691,0.012126440180206434,8.712524413999972
424,424,424,2673,8643.260133782971,450800,-83.7356369444,42.2864119444,-83.7030969444,42.2952066667,42.2886908333,42.2952066667,-83.7356369444,-83.7046294444,233.277023315,258.690490723,0.029402768014625713,25.413467407999974
425,425,425,2702,8844.141043012978,196700,-83.7767244444,42.2740808333,-83.7542358333,42.278625,42.2740808333,42.2780091667,-83.7767244444,-83.7542358333,285.221099854,249.747299194,-0.0401102671740831,-35.473800659999995
426,426,426,2710,7194.237667982589,442800,-83.7510508333,42.2797244444,-83.7208716667,42.2997683333,42.2977436111,42.2797244444,-83.7208716667,-83.7510508333,271.751495361,246.405380249,-0.0352313526260237,-25.346115112000035
427,427,427,2744,10596.111716664202,398400,-83.8019436111,42.2726227778,-83.758915,42.2849294444,42.2849294444,42.2778594444,-83.8019436111,-83.758915,282.75994873,260.098388672,-0.021386724196555695,-22.66156005800002
428,428,428,2759,8043.102009200223,569300,-83.7511347222,42.2799183333,-83.7193097222,42.2897680556,42.2873672222,42.2799183333,-83.7193097222,-83.7511347222,243.542022705,246.465621948,0.0036349152762176484,2.9235992430000124
429,429,429,2763,8689.53897151433,1041200,-83.7510030556,42.2797336111,-83.7129525,42.2901838889,42.2901838889,42.2797336111,-83.7129525,-83.7510030556,257.91305542,246.405380249,-0.013243148226684997,-11.507675170999988
430,430,430,2775,8407.839524741485,676200,-83.7499572222,42.2816244444,-83.7033586111,42.2951641667,42.2816244444,42.2951641667,-83.7499572222,-83.7045727778,252.397079468,258.656707764,0.007444992274615018,6.259628295999988
431,431,431,2776,5341.847780521524,70400,-83.7503991667,42.279975,-83.7473722222,42.2835794444,42.2835794444,42.279975,-83.7473722222,-83.7487391667,251.77734375,255.75177002,0.007440173388199981,3.9744262700000093
432,432,432,2780,3219.648579802659,252700,-83.7511675,42.2550411111,-83.7488652778,42.2762158333,42.2550411111,42.2762016667,-83.7511675,-83.7498561111,284.143707275,247.239624023,-0.11462899387963082,-36.90408325199999
433,433,433,2789,6628.241395485387,547500,-83.7434636111,42.2865052778,-83.7033041667,42.2951897222,42.2867763889,42.2951897222,-83.7434636111,-83.7045230556,244.176376343,258.716705322,0.021936986144127372,14.540328979000009
434,434,434,2790,5800.900761295917,1127400,-83.7526127778,42.2765744444,-83.719235,42.2872461111,42.2872461111,42.2778444444,-83.719235,-83.7501616667,243.642944336,251.150375366,0.012941847526920158,7.507431029999992
435,435,435,2806,1253.822563352033,107300,-83.7511275,42.2799236111,-83.7508558333,42.2831683333,42.2831683333,42.2799236111,-83.7509041667,-83.7509616667,242.987457275,246.65071106,0.02921680887877567,3.663253784999995
436,436,436,2814,7348.8430226326145,941000,-83.7482033333,42.2778558333,-83.7027625,42.2950058333,42.2778558333,42.2950058333,-83.7458586111,-83.7043752778,260.951019287,257.578369141,-0.004589362557876181,-3.3726501460000122
437,437,437,2820,5210.146015444152,200000,-83.7501833333,42.2737986111,-83.7498430556,42.2740216667,42.2739702778,42.2740216667,-83.7501472222,-83.7501144444,249.414108276,249.457260132,8.282273831395032e-05,0.04315185599998017
438,438,438,2831,3808.8912303578777,728800,-83.7651244444,42.2440875,-83.7500958333,42.2698291667,42.2440875,42.2698291667,-83.7651244444,-83.7501213889,276.590942383,262.853912354,-0.03606592716931844,-13.737030029000039
439,439,439,2848,5907.748969782601,557700,-83.7442397222,42.277985,-83.7032138889,42.2950022222,42.277985,42.2950022222,-83.7440333333,-83.7046802778,264.066497803,258.530761719,-0.00937030084144142,-5.535736084000007
440,440,440,2849,5624.021626691854,905800,-83.7510411111,42.2809619444,-83.7039025,42.2951522222,42.2951522222,42.2809619444,-83.7048983333,-83.7510411111,258.594268799,248.635025024,-0.017708430108522584,-9.959243775000033
441,441,441,2856,10778.782200886562,402800,-83.8016194444,42.2724922222,-83.7589655556,42.2849675,42.2849675,42.2776891667,-83.8016194444,-83.7589655556,282.718566895,260.723510742,-0.02040592484097567,-21.995056153000007
442,442,442,2870,654.9162347144671,204700,-83.7508752778,42.2550316667,-83.7498336111,42.2699761111,42.2699761111,42.2550316667,-83.7498669444,-83.7508752778,261.334442139,283.028930664,0.33143782232557184,21.694488524999997
443,443,443,2871,344.1737797900855,75500,-83.7499069444,42.2641766667,-83.7491108333,42.2726180556,42.2641766667,42.2726180556,-83.74974,-83.7491108333,270.623931885,252.048950195,-0.5404854767558829,-18.574981689999987
444,444,444,2874,16149.004363601647,1738700,-83.7486897222,42.2778636111,-83.6817427778,42.3026997222,42.2782861111,42.2967844444,-83.7486897222,-83.6817427778,256.319732666,271.74230957,0.009550176338986582,15.422576903999982
445,445,445,2886,14580.457686613996,1075700,-83.7498886111,42.2778127778,-83.6776152778,42.3091891667,42.277955,42.3091891667,-83.7498886111,-83.6776152778,252.436126709,276.163635254,0.01627352204811041,23.727508544999978
446,446,446,2898,9817.979385786088,665300,-83.7459802778,42.2776875,-83.6777816667,42.3091166667,42.2776875,42.3091166667,-83.7459802778,-83.6777816667,260.864959717,275.952209473,0.015366978251809188,15.087249756000006
447,447,447,2902,8641.037906712754,634600,-83.7510061111,42.2798477778,-83.7036369444,42.2956244444,42.2956244444,42.2798477778,-83.7044263889,-83.7510061111,259.067596436,246.397399902,-0.014662833667849347,-12.670196533999984
448,448,448,2908,5356.789224064693,152700,-83.7989597222,42.2726266667,-83.7767322222,42.2742608333,42.2742608333,42.2730841667,-83.7767322222,-83.7989597222,285.364959717,296.672729492,0.02110927739694178,11.307769774999997
449,449,449,2909,5108.768195043791,357600,-83.7990625,42.2725413889,-83.7541233333,42.2788461111,42.2728961111,42.2783108333,-83.7990625,-83.7541233333,296.916656494,250.728820801,-0.09041264291277877,-46.18783569299998
450,450,450,2919,7316.124807483456,588800,-83.7482241667,42.2848775,-83.7033127778,42.2951711111,42.2848775,42.2951711111,-83.7482241667,-83.7045722222,248.4034729,258.676696777,0.014041906440153165,10.27322387700002
451,451,451,2922,10552.136095629812,317900,-83.7987761111,42.2726319444,-83.7585927778,42.2780741667,42.2780741667,42.2731216667,-83.7585927778,-83.7987761111,259.14755249,296.851409912,0.03573124698758426,37.703857422
452,452,452,2931,8257.453246330275,787300,-83.7486075,42.2777325,-83.7048322222,42.295655,42.2778486111,42.2953308333,-83.7486075,-83.7048322222,256.303375244,258.893005371,0.0031361125241593816,2.589630127000021
453,453,453,2949,10024.950272186925,1936400,-83.7488419444,42.2776313889,-83.7046144444,42.3011308333,42.2777844444,42.2953361111,-83.7487819444,-83.7048133333,256.270111084,258.87802124,0.002601419631455926,2.6079101560000026
454,454,454,2956,3722.8226735626913,95100,-83.7512080556,42.2786658333,-83.7498413889,42.2808516667,42.2805230556,42.2786658333,-83.7498413889,-83.7510747222,253.379577637,246.443527222,-0.018631192139502963,-6.936050415000011
455,455,455,2967,8292.984490728979,1091600,-83.7488186111,42.2796677778,-83.7032172222,42.2950205556,42.2796677778,42.2950205556,-83.74878,-83.7045108333,255.872314453,258.440246582,0.0030965115815450523,2.567932128999985
456,456,456,2973,10583.740276807785,376200,-83.7985091667,42.2726227778,-83.7583433333,42.2776022222,42.2776022222,42.2732363889,-83.7583433333,-83.7985091667,259.829101562,296.987457275,0.03510912376606798,37.15835571299999
457,457,457,2999,8324.444630436672,867700,-83.7511716667,42.2782166667,-83.7037694444,42.2952013889,42.2952013889,42.2782166667,-83.7048702778,-83.7511630556,258.66418457,246.689605713,-0.014384853017520745,-11.974578856999983
458,458,458,3009,8158.835109209721,288600,-83.7506383333,42.2811486111,-83.7335230556,42.2824116667,42.2823997222,42.2815158333,-83.7335230556,-83.7506383333,268.132720947,249.576171875,-0.022744174652177485,-18.556549071999996
459,459,459,3011,7126.422512282275,946100,-83.7512644444,42.2810883333,-83.7263011111,42.2846969444,42.2813486111,42.2812536111,-83.7512644444,-83.7509494444,247.046798706,248.575317383,0.002144861197220384,1.5285186769999939
460,460,460,3017,6675.154905924799,115400,-83.7053575,42.2776494444,-83.6987886111,42.2951236111,42.2776494444,42.2951236111,-83.6987925,-83.7047047222,230.490188599,258.624542236,0.04214824065084039,28.134353637000032
461,461,461,3018,5719.449135797327,810800,-83.7509702778,42.2781197222,-83.7034480556,42.2951811111,42.2951811111,42.2781197222,-83.7047363889,-83.7509702778,258.804534912,246.466461182,-0.02157218666554245,-12.33807373000002
462,462,462,3019,2588.655317542093,390100,-83.7497202778,42.2810502778,-83.7288619444,42.2825633333,42.2813888889,42.2814302778,-83.7497202778,-83.7288619444,252.953720093,264.56918335,0.04487109624620192,11.615463257000016
463,463,463,3020,2785.261892909865,317600,-83.75092,42.2808211111,-83.7326091667,42.2864719444,42.2863833333,42.2808211111,-83.7326091667,-83.7509163889,240.282363892,248.787322998,0.0305357236925218,8.504959106000001
464,464,464,3025,5291.108695858378,384600,-83.7433227778,42.2867611111,-83.7046969444,42.3025566667,42.2867611111,42.3024875,-83.7433227778,-83.7046969444,243.784484863,276.296936035,0.06144849190731329,32.512451172
465,465,465,3031,5688.112888885647,801400,-83.7508758333,42.2820211111,-83.7038294444,42.2955338889,42.2955338889,42.2820211111,-83.7049786111,-83.7508758333,258.960388184,247.998413086,-0.019271761423426376,-10.96197509800001
466,466,466,3037,3286.445375916894,123700,-83.7802630556,42.2742477778,-83.77677,42.2802494444,42.2742477778,42.2802494444,-83.77677,-83.7802616667,285.37020874,287.7940979,0.007375414899698592,2.4238891599999874
467,467,467,3056,8285.745422544005,856200,-83.7487775,42.2777430556,-83.7051961111,42.2955936111,42.277785,42.2954502778,-83.7487775,-83.7051961111,256.270111084,259.397674561,0.0037746316599296097,3.127563476999967
468,468,468,3060,5634.755009766083,581200,-83.7509583333,42.2819261111,-83.7037775,42.2953322222,42.2953322222,42.2819261111,-83.7049741667,-83.7509583333,258.953338623,247.924606323,-0.019572729259649393,-11.028732299999973
469,469,469,3062,8158.499276507904,268900,-83.7508661111,42.2811008333,-83.7388233333,42.2833516667,42.2830525,42.2811008333,-83.7388233333,-83.7508661111,266.648071289,248.949401855,-0.02169358662679346,-17.69866943399998
470,470,470,3065,7045.458423083181,714800,-83.7442611111,42.2554211111,-83.6881305556,42.27179,42.2716613889,42.2554211111,-83.7442611111,-83.6881305556,249.901382446,251.942092896,0.002896490778965178,2.0407104499999775
471,471,471,3066,2274.7499222606352,87600,-83.7084938889,42.2562180556,-83.6920036111,42.2591108333,42.2562180556,42.2591108333,-83.6920036111,-83.7084938889,245.893157959,259.916564941,0.061649297496623755,14.023406981999983
472,472,472,3072,7060.281494417716,569200,-83.74725,42.2780144444,-83.7047627778,42.3026177778,42.2781252778,42.3025861111,-83.74725,-83.7048611111,258.357452393,276.231262207,0.025316082800700936,17.87380981399997
473,473,473,3080,5969.203974182902,787700,-83.7510869444,42.2807138889,-83.7036458333,42.2954741667,42.2954741667,42.2807138889,-83.7052241667,-83.7509986111,259.535858154,248.504806519,-0.018479969052364455,-11.031051634999983
474,474,474,3096,8283.751281530425,428100,-83.7649852778,42.244305,-83.7495852778,42.2727513889,42.2727513889,42.244305,-83.7495852778,-83.7649852778,251.493255615,277.149139404,0.0309714837717726,25.655883788999972
475,475,475,3097,2756.927718025785,277700,-83.7616686111,42.2469966667,-83.7500016667,42.2697066667,42.2469966667,42.2697066667,-83.7616686111,-83.7500655556,280.521606445,263.10647583,-0.06316987553659738,-17.415130614999953
476,476,476,3130,5665.400245994811,298500,-83.7990086111,42.2726016667,-83.7583669444,42.2779791667,42.2779791667,42.2730811111,-83.7583669444,-83.7990086111,259.301361084,296.471679688,0.06561075480985419,37.17031860399999
477,477,477,3131,13093.5800332276,351800,-83.79921,42.2724666667,-83.7542994444,42.2786158333,42.2728375,42.2780308333,-83.79921,-83.7542994444,297.000518799,249.736419678,-0.0360973904239812,-47.264099121000015
478,478,478,3137,5872.706362480955,708200,-83.7488327778,42.2779994444,-83.7052977778,42.2956919444,42.2780708333,42.2953283333,-83.7486711111,-83.7052977778,256.400238037,259.517181396,0.005307508337091691,3.116943359000004
479,479,479,3145,5441.513353323109,137000,-83.7438716667,42.2811186111,-83.7339138889,42.2823905556,42.2814019444,42.2823538889,-83.7438716667,-83.7339138889,261.787506104,266.3387146,0.008363868270401621,4.551208496000015
480,480,480,3149,759.8434813622318,83200,-83.7370619444,42.2774925,-83.7334955556,42.2787058333,42.2787058333,42.2775083333,-83.7370619444,-83.7334955556,268.630523682,270.502532959,0.024636849617284892,1.8720092770000178
481,481,481,3150,1703.0719463154824,180800,-83.7481944444,42.2810011111,-83.7356472222,42.282015,42.282015,42.2816905556,-83.7357458333,-83.7481944444,260.876251221,254.687545776,-0.03633872496856415,-6.188705445000011
482,482,482,3161,7292.869131707813,327900,-83.7861188889,42.2727941667,-83.7588502778,42.2779652778,42.2727941667,42.2779652778,-83.7861188889,-83.7588502778,296.515319824,259.93170166,-0.050164177916361075,-36.58361816400003
483,483,483,3183,8399.649121688717,725300,-83.748455,42.2774091667,-83.7031108333,42.2951341667,42.27784,42.2951341667,-83.748455,-83.7045816667,256.638122559,258.63671875,0.0023793806367627935,1.99859619099999
484,484,484,3211,7624.241234837053,521700,-83.7487033333,42.2777616667,-83.7045794444,42.3026847222,42.2781022222,42.3026547222,-83.7487033333,-83.7045794444,256.352264404,275.90222168,0.02564192415352605,19.549957276000043
485,485,485,3215,5917.192666095294,465200,-83.7510236111,42.2797022222,-83.7471394444,42.2838716667,42.2797022222,42.2809072222,-83.7499386111,-83.7510236111,252.422210693,248.655014038,-0.006366528235692554,-3.7671966550000207
486,486,486,3223,8767.54917034849,546900,-83.7508002778,42.2810219444,-83.7036502778,42.2955491667,42.2953569444,42.2813786111,-83.7048691667,-83.7508002778,258.938018799,249.065490723,-0.011260312480829454,-9.872528076000009
487,487,487,3229,395.3166513756224,371800,-83.7501655556,42.2792269444,-83.7490883333,42.2807675,42.2792269444,42.2797666667,-83.7498744444,-83.7501655556,252.996627808,252.551544189,-0.011258921159846525,-0.4450836190000018
488,488,488,3234,14272.359797582512,466700,-83.8020722222,42.2725513889,-83.7587161111,42.2851511111,42.2851511111,42.2775283333,-83.8020722222,-83.7587161111,282.735931396,260.623535156,-0.01549317918882123,-22.11239624000001
489,489,489,3263,5694.241169767254,1134400,-83.7510227778,42.2807525,-83.7038183333,42.2954772222,42.2954772222,42.2807525,-83.7050052778,-83.7510227778,258.856140137,248.524795532,-0.018143526594183147,-10.331344604999998
490,490,490,3271,5235.979476454589,420500,-83.7436641667,42.2870830556,-83.7048033333,42.3026044444,42.2870830556,42.3025619444,-83.7436641667,-83.7048033333,242.228271484,276.242950439,0.06496472509256672,34.01467895500002
