route,total_distance,speedAvg,temperature,energy_consumption,slope
1,4205.270059726966,71.0,,0.0,
2,18632.377163725167,106.0,,2970.0,
3,33087.97136043405,60.0,,4290.0,
4,20347.33163434583,95.0,,4290.0,
5,4174.777336916378,71.0,12.285713857142856,0.0,
6,18571.39662024152,106.0,13.386029727941176,3100.0,
7,33213.25614646405,60.0,13.456521565217392,4340.0,
8,20366.95082440368,95.0,14.396693421487605,4340.0,
9,28646.48100686588,45.0,,4620.0,
10,23561.065629302502,115.0,,3960.0,
11,34240.191870088645,70.0,,5610.0,
12,43465.41162830981,96.0,,6600.0,
13,28326.82661885024,45.0,16.198412821428573,4340.0,
14,23428.45705000621,115.0,17.491525610169493,3720.0,
15,34021.92983659845,70.0,16.272401630824373,6200.0,
16,43492.420664018486,96.0,17.02007311678832,6820.0,
17,4504.499320089163,100.0,,0.0,
18,18808.54277009155,106.0,,2640.0,
19,33506.87914846007,66.0,,4620.0,
20,20473.13916336232,97.0,,3630.0,
21,4649.460608768538,100.0,11.601694440677967,0.0,
22,18461.275833661926,106.0,11.461239937984496,3100.0,
23,33065.13187976109,66.0,13.171232899543378,4340.0,
24,20391.3944029343,97.0,15.590163672131148,4340.0,
25,17854.737561167603,41.0,,2970.0,
26,24137.48961307314,114.0,,3300.0,
27,36310.050586667945,75.0,,4950.0,
28,44241.312873416864,109.0,,7260.0,
29,28692.538671382597,41.0,20.04044107352941,3720.0,
30,24016.10629866477,114.0,23.525180402877695,3100.0,
31,36098.58492419245,75.0,21.22168297734628,6820.0,
32,43891.95214404324,109.0,23.82209757303371,7440.0,
33,21860.80479695566,98.0,,2970.0,
34,27329.6364107193,97.0,,3960.0,
35,21908.83716434408,98.0,26.088757337278107,3100.0,
36,28187.97539925925,97.0,27.072674523255813,4340.0,
37,4361.413300648389,108.0,,0.0,
38,18658.03314544411,105.0,,3300.0,
39,33207.134357637944,60.0,,3960.0,
40,20097.799036172823,107.0,,3300.0,
41,4698.241241706128,108.0,13.898304949152545,0.0,
42,18445.91472290965,105.0,13.472222319444445,3100.0,
43,33009.613391332554,60.0,13.843283631840798,4960.0,
44,19914.40315451777,107.0,16.515873015873016,4340.0,
45,4150.669346304945,98.0,,0.0,
46,4156.370882617498,98.0,16.520408163265305,0.0,
47,58855.77280406673,57.0,,8580.0,
48,58711.22243903239,57.0,20.06606232642487,9300.0,
49,41107.847929323,137.0,,5940.0,
50,40842.89680897342,137.0,22.84210528947368,6200.0,
51,38588.20079989676,59.0,,4950.0,
52,38457.39900156934,59.0,22.34259237962963,5580.0,
53,57050.28778565473,8.0,,7590.0,
54,58109.433749815,8.0,19.324758765273312,9300.0,
55,37909.39314013966,112.0,,4290.0,
56,37242.76469710972,112.0,12.739177512987013,5580.0,
57,17341.31633059108,108.0,,1650.0,
58,17149.099917674877,108.0,14.934931797945204,1860.0,
1102,20757.508428820995,111.50736643582246,0.741770214307623,12054.316837893046,6.879445723818213
1435,642.9176296592819,48.61232334330797,-3.495516154077721,4488.70104769729,-3.007212319399515
1860,40842.82360003485,108.73332025589964,9.248274673124495,11701.37693672586,0.0295845262511011
1270,5305.228735924097,38.57948414974584,2.8684089901268166,7389.265564508191,8.27194304566259
1106,5825.925674399545,57.17243836125499,16.75024402320902,6761.205202007953,2.7768144260838143
1071,2510.091060779996,27.123479737919965,1.6298736724197376,4319.06050402437,1.0192223120085853
1700,10101.039527342744,76.85712506110127,1.2067481426024085,9285.72513709307,8.582446483762626
1020,8923.13244956946,117.47773382097706,34.464054284673225,10154.375379907353,-3.5998321328440785
1614,17458.505220815896,72.41917152520544,36.4582615596884,8734.982030592302,2.0968417435338456
1121,32997.59267312638,42.93769009362586,38.38972938645595,9139.60759081902,4.785611469630284
1466,2809.281958661103,77.73809351886341,25.622609929326035,9355.2963469904,4.128121585225188
1214,43027.76043272184,14.750481415846508,29.69574271581412,6935.742891556282,-1.035853183866628
1330,16396.27290629214,106.63908963184784,32.61031398591831,9893.371837354756,3.4496935680150465
1458,30369.705820489064,60.37007409358037,24.651492660429906,8731.184312327247,5.628426464289726
1087,699.0550993166389,53.92196904475705,9.860939711613812,7207.6050947903295,3.7732811099004753
1372,18353.81496191152,70.30377461442231,2.037414929508585,7948.397965703622,5.266933389659835
1099,202.34050407787944,74.97406353472829,5.677298822116754,8199.24324438179,-1.1588189091681436
1871,8356.36785150311,8.613096747181563,32.81863231322332,4371.990693971958,7.492734254076739
1663,22447.7364805188,81.91406654680829,26.324375722907856,8607.421884772135,1.7453430547745477
1130,26800.86235529252,29.031801637863552,15.51080935867682,7185.772096022532,9.80835766156853
1661,7731.137126095147,85.67431590079077,-3.676771526879628,8010.846035355844,-4.650720189995937
1308,37286.29225302105,98.7041753261036,6.97919666952474,10104.175318328322,0.7047305687146501
1769,9531.282909478168,96.47502090630245,27.80038719065937,9575.673650868708,-2.292874215423337
1343,5880.670098637158,66.3001160889467,18.057425579276032,7300.779003444786,3.3341429049108005
1491,16737.8831867826,62.420387077290144,14.598962251710253,8552.035881601198,-1.3519235843958093
1413,27616.290316681567,17.145115360729406,9.11557303509585,6100.899914978993,6.062169198512226
1805,49446.20063934544,93.04153804837628,22.31193237596608,12824.051271009102,8.227987935062782
1385,20993.914908794,32.569125653605724,38.48734234172601,6626.022635287848,-1.8367346962683369
1191,21357.22122038133,59.60345073815358,35.550563948387776,8658.945042212395,-2.589835725473024
1955,3060.740158814432,34.11289115130201,-3.627592786207309,6282.458616675993,8.130357785927178
1276,38314.40169064924,16.059403559963176,16.64292201625506,6920.138536434345,0.4190787263275846
1160,9170.971792866065,75.54692362700838,9.826118412112644,8303.31068130647,1.5187545243854492
1459,37265.69787081437,6.51984417874846,17.977209805291043,7284.021894666983,-1.6854574633469657
1313,45539.78219872408,89.83742809514399,22.279616044227165,12052.701702422915,1.3797230207672069
1021,38434.216028358926,38.110415431334,4.001263059889606,10303.5318977161,-1.530498903830046
1252,32158.42567856952,0.0161631605382384,30.17056312967153,4858.11165331663,4.988911609512714
1747,30235.42314488262,61.33549670846757,16.378062253868485,7853.329085537799,2.4831461872013074
1856,22736.281331485567,5.622229023312375,39.640272470421074,6121.219414470381,6.820906689443634
1560,7312.68048630721,33.14034693850794,-3.8692676415397456,6696.408185891189,-0.3090782589905831
1474,38964.04659517544,84.83717849468594,3.537362928390632,9915.802095342837,2.5839252318855657
1058,23918.38129259043,7.522754594623904,26.033341025217915,3539.4925879173884,-1.1071501553429837
1510,31319.72657446865,100.72061908272028,26.283088593650145,12143.701309239465,9.017108953699472
1681,18763.35992278077,0.4583907190299729,21.198470098762524,5291.10158899237,2.8290350168665466
1475,10116.063712053672,29.618864304228268,38.73820129107829,5443.49069267198,-2.3980625552308537
1699,40344.7723430343,88.90848673824857,13.689175392397004,9151.08250690218,-0.9085151118495648
1975,17185.750298132127,37.952417967516816,13.766656543038373,4791.20256207853,-3.756470538139098
1782,43347.33344567345,12.227086567921624,35.9714363450878,6568.445609840438,-4.582760066033999
1189,48289.67263588182,43.22807025605135,19.22988018985648,9796.015556673055,2.8888273910600644
1957,41516.42750763112,32.447194366143066,10.91774477135202,7086.7779613558205,0.0568438378840792
1686,6494.0884600134505,101.12542825926658,27.35220936252366,11147.602658991467,9.456601828904596
1957,42765.04527513643,37.601750110217175,22.88517781843873,7057.310269505804,-2.430029054577737
1562,26015.955488120293,94.67189661312086,8.788452262896618,10611.606077316974,6.908689791054179
1875,12146.438884792557,107.02465737728816,8.406795913654705,10361.0296581218,-0.2604283671064591
1566,4748.486077944668,52.05809034918354,12.802575888726466,5350.501383629159,-1.646939209119422
1243,13997.640972582742,109.19317726252704,-1.7770970452912866,11752.313421133302,9.544552285019613
1831,6957.611400593123,45.27816647558314,37.41776061194376,5710.211057996789,7.038648981186485
1504,1379.664651851493,115.68940997881298,3.235901808849928,10277.919275362709,4.459313371679974
1130,49389.441020793965,10.714742943068751,3.722093604747423,7902.831524163862,5.456815558356281
1484,41593.95819531102,82.44231198038914,24.11672822576849,11239.1577354925,9.870722122758847
1818,36973.5682285333,59.25768485483144,27.591117128491504,10582.493902087424,3.8981111323733018
1646,9731.38718254461,46.51785665467765,28.15759568199426,5529.531285660884,-3.471493237895599
1020,1484.0483036473534,75.9254254498321,11.878376057690396,9572.16534924072,-4.027008099479279
1840,24311.673740477083,84.46285099611974,34.29980288094665,9312.349900827676,4.999101662108101
1166,37110.55205382251,0.5235923580370905,19.479957778662,7852.141863983688,4.864017158877223
1273,48145.58443165216,20.034370649663845,14.736439847314998,9215.362952336189,6.22260689467133
1387,42209.79606129742,85.56552607611825,31.467390738955032,10001.288508659036,-3.368319046510794
1600,44685.76756412842,79.96624962938478,5.960256215072697,10881.985476697955,9.173534121327576
1315,12009.2711122773,115.92570061544126,33.70834495459836,10481.489170802814,3.267376208659672
1013,7850.768279406098,91.32453483009397,19.24732275542173,7826.709195419166,4.743332815318231
1241,12464.31032765925,114.09272492776056,35.50261709529114,10228.197428837144,-4.477214249328046
1776,7015.115715592211,84.30486018417683,4.072563897509163,8469.874214667954,9.414613217733608
1345,39944.34280321843,35.76626503673318,37.12283842010916,8700.090997727651,3.438877731159229
1564,45161.84874219469,12.643790670102778,25.95445338875756,7307.512092661228,3.450446694919428
1897,15436.36711045985,93.81886360139228,22.82478370610735,9224.461766556296,9.153329743455696
1339,43858.61652866031,77.29790657710991,13.993038376735331,10340.969057953414,8.94025267275501
1091,2846.255489929779,5.782321487195548,38.03417499845759,4876.572322363352,-1.6955211227413751
1366,33900.09132739612,43.2060559081174,14.976383274018076,8588.989029051652,8.96648232858894
1955,26421.91117380003,114.81597785811434,17.434432860140912,11596.98840313413,6.049319340700922
1454,13909.490451427137,60.04813748522415,30.167414886339067,6746.085863635572,-4.716489090028738
1427,38433.23465753772,51.92749632236456,7.817909332571775,9137.619991515892,-1.402352768924925
1508,10681.159344191745,54.92395261911528,8.117289076620631,5527.272490283655,1.194702182071695
1775,20865.85942263505,25.06592688061965,29.8883959429549,6538.169616043007,3.7423368325863215
1942,35521.98087003687,44.24486050377543,0.786090513554857,9010.626144115571,5.519945957330334
1034,16977.626158978917,44.37759071846119,32.03340341318605,8166.680200494276,-1.8468440906465096
1205,42782.47326092732,6.282602422496688,23.13287537394317,7278.272326072086,7.5505077141053345
1080,43284.807830918005,92.1081154221502,19.2587694881472,12540.24269918464,7.6857298583373215
1931,10206.267944428164,49.98053182846548,5.309922198094668,6835.302057425587,4.52498228890866
1561,22075.460434387463,98.6615864179708,30.3865676204984,9172.03976532443,8.816408657735476
1871,21657.43090015993,102.04176013438745,31.222889027893714,11443.272488438588,7.194736403457819
1387,20561.252251509704,25.43928656383897,16.7323840544433,4361.634537022763,-1.6756451105968866
1001,25148.4096954953,78.88241786041543,12.512603868574397,8962.841117450025,6.980152994655407
1389,3810.879072859923,56.6738164995578,6.077282688577292,7965.740664902294,9.298031181296576
1565,43515.49476717611,105.6188085505782,28.94053076901288,12152.200579345405,-2.935903294723536
1105,14566.747439820252,25.88888150117449,23.77533654070178,5579.4948785837405,9.680468271865436
1771,190.43843334521372,81.3375840372053,4.298396321508598,7275.334291424041,-4.625108048448646
1821,34286.68624018363,72.9302546703267,30.75106358582053,9403.842025548583,2.8325086716065844
1476,32558.556979667606,35.43617730861993,34.69923910113068,7330.68866312424,6.608397084677263
1702,49159.79444205454,16.392108438140713,-2.3338731763289355,6700.808608047893,6.856571538193816
1401,35990.43599893153,78.19677125727318,29.758928711081857,10127.35924325885,6.0200885371940185
1729,16702.034796998283,88.63169497587968,33.37608700424436,9534.668266010724,2.9402705912974287
1555,47635.615834740594,37.875281251602,39.61785547635461,9861.724140467422,4.764464831055932
1161,18330.75538319217,77.37991248267765,5.692067452181512,9215.746595240724,5.498982784796706
1201,41080.10982678912,47.41570891338039,11.695144234641376,9498.527405621118,2.418088363208434
1957,16850.13605533477,85.58482599391412,38.47859914903956,8806.784782303952,3.935274627019563
1995,2530.544843160957,23.905832987286374,-0.7693002367887001,6186.641601325042,7.695520801863598
1269,36715.8645636183,106.82580031634092,18.566852976163936,10983.193211324164,-0.3068146828125915
1862,17575.525444518094,34.48915157586957,17.803506092704946,6779.415624184543,2.8480949045294848
1815,17010.49618186076,44.13431853073835,22.294648249652365,7486.788288480325,-4.872804184617382
1270,35820.99618063836,6.971034249641974,9.885667668083054,7831.202867369545,5.311545996651898
1455,16169.689267395988,13.381465478553167,36.66631399023061,4923.830478361479,-2.0692180307773738
1461,5988.833940229925,61.903428325479375,7.152756743158276,7455.535748110105,2.215018805706533
1726,20285.06157008971,32.111121207356575,24.236298291298105,7166.679953649326,-1.8469217557931108
1251,41209.81757348679,100.25762708906332,17.316716023972127,9205.916589994564,-4.646994281322615
1701,6597.203951522365,1.7632066385944611,7.000305361603596,5270.274337962246,2.248308275470249
1295,27768.590710615463,45.49128584063234,3.4984208075092145,7271.307377516146,1.3725040991606052
1724,6699.738767791319,40.48146561229112,38.04529559159465,5714.819210284138,1.3772427028657104
1719,2554.2241371301384,2.319315710112124,20.258115771810367,4183.540340011448,-1.867907601066945
1748,18997.61775080811,14.924207880061228,22.18859105009988,4835.628033021546,9.20806884622269
1337,32928.37748488021,49.63712099023624,30.230295656889027,9036.670640041846,-4.947392722839583
1878,13821.867926494113,59.1437501336936,-1.3448003630097571,7141.403328420637,8.37318174996008
1052,22341.98427209714,48.51476967058429,27.11939205085504,7405.308634690475,6.053528847092231
1791,24617.413144681825,63.712521409451256,2.431306190754417,8595.155809786915,-2.418919497000928
1921,42080.38503896062,71.41580098868178,28.32164882844052,9757.77735180898,2.082879794553317
1216,40967.06249942704,1.1908585353402756,1.3597902232319772,7638.887898387635,9.832751222624088
1763,217.1257715610224,55.691419134420464,32.46221649431183,6442.761086705637,4.65547355476461
1187,20754.55781153655,115.6199089065106,25.64573173271556,10075.77363842658,-3.089349142719988
1379,32838.942494804985,62.28387361554584,12.365062998358916,9143.355883464912,1.8646335828464784
1492,42634.56891102355,81.30507209507438,11.147549975616254,11686.647737979309,2.0230464485921846
1040,2539.9993875578616,37.42366295002599,1.7026178600163808,6632.574695783738,7.033949993246626
1156,31449.59108870473,92.8789653783315,35.68240100947524,10426.676347346887,8.74244399239233
1014,42116.77292854915,92.75057782513382,0.3338172781965589,10808.783148378185,-3.7663768506689816
1812,12828.293427110377,62.55552571849668,16.243482483810652,7076.115833395747,-0.2894406957075155
1064,10342.290935196166,117.12165879350565,5.6433304655411565,11838.094903703057,-0.5234280967232756
1856,23445.68444156948,15.066025771518404,39.83473786085617,6338.744098541764,9.940721873785275
1838,48132.72113049979,2.033719786749719,21.36298231834142,6586.2658178790025,3.388406750370996
1520,34675.03108594696,92.41898541085152,1.731302652595577,12352.486100238522,8.197472441799768
1343,21281.803818938504,96.8586644837859,25.04037989298132,9477.561677695216,1.3904927416723585
1128,1141.053717213942,14.424867494469147,39.62240577501481,4901.110745241429,5.840847256134046
1647,27880.62058555041,31.869939955032727,22.226947627691832,7710.130461380029,-0.7012153654378093
1471,17504.5212896661,2.106283603995469,15.582059255028753,5592.754624468757,8.676790352338502
1062,9367.110743436524,35.197033293667765,8.197155472839459,6802.658674037637,1.8271936147980063
1138,25057.39029989121,92.77702487024058,-0.8544463327054421,10373.454270592096,7.055882459741309
1498,17134.993434963526,62.15526332550947,5.271083454544941,8906.73467004219,-1.1627467498615278
1592,2032.3616713172448,41.77147118019457,19.91293508041932,6178.6978236623045,5.4040651288281865
1391,36302.75040956025,44.608715388759634,28.9203564392312,9141.127808751524,1.0773760660005376
1674,36655.88770612897,0.1624350858561785,34.50689006033424,7101.588940871969,-4.528408655381794
1418,30979.6893429604,35.976063307828305,30.71705126677017,7880.891842421817,1.1951238063859524
1288,42056.95060946195,77.57504899655166,0.6459340617587959,10405.586209768311,3.250324626331306
1378,10238.759034672206,116.90333325796286,29.805694825587103,8935.140833398558,-2.7235757913023715
1772,14381.45742554512,101.64729923806794,21.172204576561253,8420.400820373663,-2.241303422110774
1489,22986.92356554561,2.831395757463495,16.109840087717068,7118.296014388678,1.9729419748473536
1230,3102.741680960267,107.82727256098072,20.77438533124363,8404.25961159776,0.1409456865010998
1040,44188.934417417535,93.98380959583513,-4.636610205238062,13389.44279082672,1.61110807005044
1027,24582.3675345351,93.64513482851766,-1.9521390663037927,10244.211918728017,1.9124048398408424
1134,16300.695789644771,54.95949108042858,18.66321755828416,7002.024986664859,-2.898859344458666
1200,23950.37602341516,47.76063515454034,2.812866226670092,7412.94867616505,-2.282081370948279
1839,16323.978104638303,36.34988745998312,19.549342846004496,6068.385505291041,7.722480902192414
1779,14384.544679590968,7.883383074523893,10.939610734366685,4321.714027221558,-2.55921966034274
1929,22456.120118926025,27.38824361924389,35.833540930363874,5718.007942325242,4.988714995123914
1032,24147.0431520149,29.59243619736296,37.735754228700415,5649.020888901555,1.277920701516882
1047,21723.93512927665,58.08924836522419,39.09028508808338,7246.204952002877,9.523550289544612
1502,27441.75456498927,89.69332879160328,35.45220981472684,10665.410555629542,-4.008434571676437
1406,39190.61221401411,56.85717940775359,39.36508830365498,9406.50879628313,7.455832990461428
1573,2957.682764067593,6.941333933659273,26.77662065827128,5003.859572411352,2.3717384665393224
1727,40594.78246196328,114.93477611858448,38.22440259554732,12076.855144544248,-4.919714437037171
1804,11503.866178573448,113.12691829129346,23.88066094555722,11675.0984564875,-1.0450967159066944
1098,12679.43653619767,94.222745177809,31.414639309857407,7601.020711365071,1.1154527882390417
1683,30013.377804434203,118.95934818770648,0.9359496725669628,10810.343746474828,-0.2870786982661233
1871,48785.99800851406,65.33787993603156,25.71698144211511,10310.317721865056,0.4367419602089999
1725,968.2267442696838,115.53220203038472,36.89964892008668,7563.23597732226,8.750078637057698
1986,33689.366121752835,9.072604874010093,19.30217086897432,7378.986621979528,0.4140104858849156
1546,34875.170575208416,43.88168979136456,3.4068871088639163,8177.638453823276,1.2824406910409918
1960,28725.224620782687,27.0457521608119,18.709985232625066,7393.1141692482015,6.416973303671693
1738,583.5367083713904,23.499970096112403,26.812344732676973,5454.71951952768,6.907503486225627
1612,30356.954659651685,16.896353867121128,29.640482459382905,7158.108063537352,-3.738655223199581
1942,5839.563321726906,74.6896369879196,18.56659044693928,6542.540140474495,5.561050518505063
1461,3995.577693944262,93.7586226896766,4.781561089839254,9689.173091058923,2.238579305151636
1642,34833.4730867569,69.39580793044328,36.70099548604363,11374.770076034045,-2.9921916014351693
1768,35041.704325348284,17.63552515058516,29.81278374040108,6489.437938928182,-1.0293415407967357
1004,44506.60222286416,97.33485239201651,7.180978027792181,12368.708146146908,-4.32446754040222
1217,268.6853985748785,76.31456485964742,31.531581282836846,7792.634273744754,0.4035578321775279
1502,19000.1167205984,46.57988473523946,10.65381922831266,8201.626808664003,-1.1689033949896377
1766,712.3727478689138,80.89563546432755,9.059410510077134,8609.10805061433,0.7315509607002646
1397,18296.6610550928,31.188597509139942,33.83844823062149,6697.371404209059,3.7051082129613526
1870,24633.731122897672,41.42306501930526,34.29558430677046,9601.38930743646,5.9850932805492985
1794,26533.48516134637,110.09830117583884,12.931663126854062,12653.064241971526,4.0802797983929455
1392,17861.042406973047,34.860540680570445,-4.598473771329597,6172.63975897983,5.175659533899186
1206,36292.53826851375,56.39859217895239,3.3954529629996344,10487.010493004307,7.9845868092819
1014,20838.18664528579,106.81693648752176,35.91833477010514,10558.49140936168,8.107366651922664
1857,25904.61446143069,84.92656203210329,35.4437201674776,9946.489189665854,7.9107902253876095
1553,40024.37128920976,7.46438713976433,15.400513664205144,7089.250612363737,-2.702466267807101
1891,8797.708040086582,17.676365313476442,8.685251827414536,6303.347504178713,-1.2339629960953196
1460,16112.672104834804,0.940990892630018,8.623673144732724,6067.30111612533,2.5348795739135817
1690,26119.33707333472,75.71061482749961,35.373766118284216,10125.589100553048,0.3810894102404045
1574,38404.14942575016,53.7208110492502,9.612998993898245,7977.275296471308,-3.024965475800552
1863,21325.235831701422,16.112982108273066,18.02111168830493,6517.722893155605,-0.6837464809152287
1742,3731.061936274737,114.95209452681246,27.8954972766804,8571.435267387125,9.631431424984584
1240,49442.64354041624,63.55916687347439,4.426646872423847,9167.873235557056,0.2039013324480425
1563,35424.74506187637,29.0271952935467,6.422758671365214,5985.324175772955,1.2837110244394214
1095,36164.483283786336,60.07242853856491,11.112785189280707,9581.487464556352,-4.903978672140545
1899,23308.735084921303,81.55443992821293,24.44005252063255,9162.56754280557,5.791223196852981
1733,27397.29884143804,9.148706156827735,31.78707930158476,5784.014522421799,1.2032509831806966
1484,49703.01734479722,32.96445780574704,19.601759349894976,7505.022781866153,-3.4528990565725834
1406,29796.2736135048,96.83585890607924,0.9817931492330656,12594.407898532168,9.52835107457008
1230,11024.580357639254,55.15978444831935,15.081048538137448,7651.400666883276,6.661498188776301
1748,48222.54901199074,65.58925704387539,0.74608249554373,11613.581789617932,5.892251341490903
1654,26934.35785406084,51.93792026513631,-1.0266273649987108,9413.401344038231,9.368085022625042
1170,1131.6001088589958,5.267993117160614,21.53275464331515,4619.3859002994,1.112201267757067
1540,28710.238751716657,19.88997357841871,38.02954503090653,5869.688190548365,5.778003104386727
1035,3616.732590009144,53.46499664902691,32.69253250003268,7017.272710229336,-1.906881539218234
1524,26426.656686647195,25.102255848951337,29.851206814412187,6915.063771620711,5.4568082117818015
1159,41284.05102503179,5.997483439161448,27.717518463940017,5146.897145026316,-4.788813617185958
1838,26989.431920495736,101.23795968621884,35.37075357110639,9122.3491500264,-3.105419293390788
1698,18735.321362092272,117.7431034996939,28.877578786425,10741.487129034376,1.3788837790427273
1242,44142.22656671211,95.17714487960872,23.20948053853472,11236.73505160413,-4.818609577909878
1085,46386.74488868935,102.45419060456004,11.410603612317416,12701.097224346717,1.929487831756289
1795,17439.80002174821,29.037255638045444,-0.4575249563093262,5058.622287283958,2.841876235975059
1577,24997.64412045213,115.27523706158397,15.746501372980468,11475.563382974338,4.324098963806231
1681,49147.82257487786,23.631084534411407,36.61529062654153,8502.312396920895,-3.4941998450957543
1556,8987.232209796712,114.17157724341988,21.239511941881865,9779.1481406395,-2.284821303091815
1573,14977.846476686673,119.37831527591412,3.302688095281012,10787.762346506684,4.199250560757927
1952,21478.280538159408,85.40673668952584,24.206048881637976,10081.345049184192,4.872815686939589
1645,5134.32604104844,117.73724781501863,15.945800533622702,9519.905023017587,-4.611496576845856
1795,13674.924169359814,68.34477354805244,36.91210398623349,6768.290313531678,3.1055104317255733
1027,27279.96547404519,31.14501398113084,2.2422959527901165,6731.536215927841,6.774725979982488
1619,11502.053213483045,52.43950627987451,27.040528682804315,7790.485977817996,-3.963486833219089
1555,34345.62077165178,71.22731224545431,25.672110916306075,8540.770640989045,1.197592978697796
1339,17448.80695656993,8.7697874432418,39.25937103346771,5571.952206597819,-0.1023309045484719
1797,4580.767321710872,74.68119175406953,20.42104569782974,7586.804366321019,8.70498438028025
1957,38250.19794099292,117.74134041147536,34.2208316170138,11944.422948391291,-2.2129641019031703
1330,28414.07357843077,22.81291797404732,-3.887872811085619,5627.068656230467,-0.224593802832798
1639,41260.97720871579,95.111413954606,0.5301385700859678,10718.235737358717,8.476671174869544
1505,18071.56569478004,108.94785525355432,10.567235778093874,11061.30269995153,-0.0402004091004082
1347,1067.0338250775387,113.2441911384265,22.8697328720757,9499.919712339868,2.970211608783916
1472,2429.755847246452,115.21627252865366,15.208570523533387,10107.419892506256,-4.50446994153681
1230,39792.946111570345,62.57515664657663,4.121331130596499,10368.813498596792,9.773536542625544
1189,20590.99648442812,117.27694895898044,21.51416829511455,10344.287566658548,7.374200618067842
1224,48821.64669056775,90.87722485613268,20.50145767036133,12651.649867756369,4.516014171200144
1384,41532.38773270719,19.40057234843543,18.60013653343819,8114.822725461316,-4.088670903650296
1376,904.4819439388212,57.2280127761564,-0.924974955018584,6025.249985540711,-3.8769505794082897
1282,43512.011984940815,86.19974104464048,36.71614717403039,11461.720130275757,3.174604461860346
1957,10722.022076372412,29.68083789829,21.65148866656464,5886.635139509641,-0.7240334569484865
1632,24364.619978508657,76.87382202586649,6.879628623939576,9223.04621072456,4.3418417125476
1627,25355.45526209372,79.9920574855943,25.93381856775343,8888.020381358712,3.972887227716587
1972,3080.0879875526543,19.523969257027908,9.30585958909993,5714.2429226415325,7.579770974189467
1744,6370.715756463431,67.81023749433075,17.763521204849162,7163.87035269474,-0.7793440893103645
1258,21210.065331127487,92.59522931743292,10.350929697654234,9600.153383268977,3.667952867364889
1358,32166.78174011188,59.86747974431303,34.61773119419618,9580.912336452784,6.660449782581415
1709,13294.407169282984,1.452374013132891,39.72912630407186,3462.806974121468,2.361594794834893
1455,26367.40820034044,1.0846162895150613,2.253192939755441,6623.071278681715,7.459654974084167
1410,19018.85539190825,42.84352127640146,-3.938947224953141,7101.677753388138,-3.0308569763934057
1648,31555.13893704809,111.14328821181384,4.869512814191911,11785.669830042232,6.008466477207151
1317,21279.421334664068,27.44121355243305,21.547839239392605,5128.339089250298,9.144731372814675
1676,42596.4916860917,76.12364266460246,2.827801280988988,9913.170106107144,-0.0217501850965087
1224,49188.82902062329,26.64910448319847,31.516799107276903,9128.637468360748,0.4950466361794738
1818,45661.28644294712,38.60039875914583,13.390175955749909,7752.1528603860625,-3.7467548421371792
1233,8513.351347549105,101.76505075217808,22.47397333213583,9161.189647064995,4.622391693620676
1683,22913.16616332593,87.46337307239362,15.50280287302865,10065.300593475533,3.286760884523053
1663,22995.00426082848,11.447913277585275,35.649756472852914,7547.332487817549,-4.394813619014483
1974,42039.27294820693,51.44424251837204,-3.4189098321975,9556.897294159297,6.283180404569675
1826,17923.74725859953,3.500371637431736,27.818585304546986,5783.286044211346,7.439267436175374
1373,27525.13328216925,57.70681759236108,24.347746000339,8838.65647482586,8.606794062111312
1671,30503.02226133165,79.49208140412817,24.228176394359195,10111.563793640968,3.186011292559632
1607,5664.887201300497,14.220314831778186,13.62952268671923,4387.029740184001,1.7887005235263604
1471,27942.2604166558,34.66619266909988,-4.294614718584612,7277.87723087748,8.14205731798116
1232,12417.390268896144,47.740395060258834,26.015832488558104,6639.856424613486,0.9804522860220856
1691,10410.18232903898,110.34372295872598,32.3262045763714,11287.280263691056,4.831646878518425
1112,12590.747449598344,119.19060185075568,-1.1646360055693346,9363.864364636453,4.230433846013895
1829,5057.664733511286,5.389355879473903,14.872787690978589,4998.982323228927,0.582416497277678
1496,3579.53950603549,91.32095081944703,2.316768427617439,7936.711746095406,-3.696650936509278
1441,32378.631833087147,44.60688796828119,22.49220038933237,7663.061288866339,-4.678766919939715
1563,47054.84530798525,47.0949823475376,30.35221943615665,9104.4480697064,1.4235661080308084
1267,34431.1810950888,90.51179680164272,25.001795421733284,9911.696155031008,2.218023622350352
1509,15661.5948697757,110.21117185744905,9.312703171864849,10502.960866057929,7.34017402284838
1806,16818.825088823083,114.1114313403058,1.2879716274572717,11725.829269951562,1.216174748672067
1385,27115.321240884183,69.25471032459849,30.7420665722708,10011.340748317743,-0.7826018789979612
1386,43328.46362795245,42.85453911606034,9.576258632171148,7854.812634784348,1.9314470211272985
1112,10202.981062394252,94.5058903030535,-4.003707571500824,8147.294676639061,-1.4301427936396829
1612,23478.716953522093,30.120165991476032,20.713954645716285,5178.22226436933,-3.629590833275653
1624,24997.4414498979,67.68888346002213,6.100478960502025,8337.556282829299,-3.304354494708392
1951,46568.05874823458,43.02941538298478,32.85426992611796,8841.427386500069,-0.2126831015460863
1080,26854.02862007212,78.79572884494513,1.4464841975850344,9917.158312103693,-4.80985373662264
1698,39064.84779607845,28.847869547220828,14.566038207666264,5864.353251287796,-1.696950699781428
1112,4481.278876972605,22.99115348817909,6.390859162495531,5670.954862593594,6.812847113985308
1001,16413.488276691478,110.18869040105244,26.03207286494866,10974.713529706947,-1.480742113545337
1641,30610.030318575748,12.216441953944427,19.683890921083968,6221.998538582303,-3.3390573344072614
1219,33914.132802808424,60.7149489281918,30.59444736618682,9682.59689427012,9.236208399918088
1565,44272.08631953589,26.50233395556107,15.637565885064348,7656.481905594491,4.337051745274291
1854,29562.14486664672,4.671595599080094,-4.783620580502198,5928.888721931869,-4.099610758465012
1996,14550.002609845262,4.322258194971167,4.683841624277306,4740.995597404055,-4.066340502576457
1735,27000.85241096654,21.02661265269928,39.96206986874231,6656.939174705967,4.181831885487545
1224,35605.34746364633,104.01244254072004,13.240524518927964,11255.83613002366,3.101932030973675
1384,39238.82576531783,33.8974492772432,22.910579854880147,6072.512647507128,-3.974378414105227
1402,47234.75510739812,114.05510046903548,35.72192236264407,12436.091758428567,-1.6352678753999692
1637,9618.556868985675,69.79467515870323,-4.07641180347102,8163.81703380562,8.935643717283824
1129,33081.163520963724,52.39370277225193,24.68233283788279,8990.536588874667,3.580162157215259
1052,10095.406900796464,69.61066016033455,7.976963829029653,7741.615059998135,1.6048809722174535
1683,15961.829216524562,62.00380622715213,7.566171490859416,8602.217107564373,-1.2476688211945093
1729,7223.948501669285,91.05315045087902,5.11831314617381,8787.384765336335,-2.9945293654719354
1671,38672.38782090378,33.89952791674227,32.022814733102194,8637.514669300319,1.0394752616602156
1709,45708.57607184802,42.36604699203629,11.782647960092252,9263.305762954931,8.835498389969509
1415,1593.4472323305413,107.29131630399009,-1.9797557782808413,9540.969658520287,-4.2693290648368745
1246,40694.050938078966,113.57478157804866,-0.6416978952576597,11184.092512634988,9.864682239143
1835,12163.593617378508,107.10698729837694,1.6876463209060928,9370.157920945428,-1.882809196969883
1438,24399.763550794985,50.33375927487763,35.45174142629163,8158.178508190995,1.1315104059851393
1202,37436.13706610729,93.6438603608258,14.234954192830411,10184.649324230164,-4.324230377514237
1183,25392.03066951559,57.160287996131856,36.22222028197844,8283.335808697264,3.7717330466204704
1122,11639.36995526927,59.704782257532266,31.7865762742956,5829.343241352661,2.2533289810148736
1400,45317.668475908846,24.561613086874075,32.70471795660316,7939.370112310896,5.000605521021699
1766,29719.773881918973,70.93563639102197,7.90743150093247,8666.42466517712,3.140171909372089
1293,46569.65360193615,22.33630773040176,7.2091485719291075,8888.77577071772,0.9726667697060352
1279,42347.40276301764,39.78776388806325,20.20307709270226,8542.395729778693,6.066350467175061
1836,43841.72336347466,102.6036241943922,13.806623289547783,11777.175573786191,-4.624683083195634
1883,18149.46547603293,24.849097105302626,17.9077309735156,6504.771204143845,3.115435313118928
1609,49367.02501543482,8.538994220811936,-2.605810916403524,8301.149554949196,-3.29185694256486
1197,42634.48373827481,8.280911113537957,38.72155860681376,8365.985222903613,1.5401249962874992
1981,16946.58887680846,112.89414246037296,-2.3824036471944594,12335.348793170824,6.866879752870247
1906,44831.126336992056,60.83045255542015,3.047408394784929,10670.090764749664,-2.863088806093997
1510,37789.11223303245,49.1294486180422,25.51902361758661,9351.930199557824,9.03715523158728
1751,36284.33758511634,97.30542972095022,1.9975698277862417,9386.856341791196,8.327570385871068
1143,410.6689399483394,100.29911134926192,-0.1908532531494939,8605.69416259577,1.2235760630004773
1608,1226.1390924077232,39.86292397387256,1.9129171616914968,4669.938365141335,-4.910377389110952
1200,34770.14744009722,83.23416689685543,-2.2135890552615907,9830.314516571088,6.84617240011729
1123,14006.30889009976,92.5347379022264,6.309343311625495,10953.207935325365,8.213437051184243
1186,3020.0655236386683,78.55808242391454,7.200367195666656,6009.739385783418,-2.378928614668512
1325,14368.957932478392,18.191408976011925,17.437993939674477,6806.128106000592,8.742883132248355
1463,41911.682774331,105.10597002204683,14.74251327421488,13883.965745185164,8.711459159420441
1348,23583.528678350685,64.69134632832105,16.31710368169803,7738.5552564236605,2.0693627655128566
1770,30817.40500774708,33.896691164400444,22.72177768940061,6107.987564198341,6.970522161967628
1659,40045.22017213304,51.02738225252327,5.393264406229472,7134.398841030913,1.6742196740798256
1763,16236.386147034682,4.508530847868886,1.0616858991352824,4934.346972485078,3.460693988779268
1954,656.1808202186998,15.344016146690109,34.54952253904946,2941.566150635413,-0.2024148528535505
1931,16233.722181966676,91.8656100619033,23.527360280602807,10928.62862572381,-2.607959820187633
1402,47838.25165505286,0.0013961706439369,-2.2701517729340166,8575.422963423893,6.198048757210477
1345,24166.02078752977,49.98789941787506,38.24732424553691,9074.460367868838,-4.979107332212965
1962,28533.39942851989,62.70122173027061,26.1880826020784,8567.400896164625,3.6932903447317216
1510,38045.42505407338,6.556130400116675,1.826708893915523,6775.898175638535,7.970290395676955
1146,5835.175591139743,116.76937955667994,38.61104942543803,9174.2661188221,-1.6808406983532418
1147,36723.4047448537,27.13503974996064,11.443330446233489,6902.901528420381,-0.0065081480299644
1863,14957.946877725542,36.503846356353705,39.30295359391466,6962.667603645115,3.812287792966941
1710,19469.25863064599,36.47310147060328,-0.3525966773020181,6028.277265888428,-1.2969463020328984
1819,13547.544220751935,27.64999945408199,2.1986147665973075,5458.040257648327,7.712302859961746
1488,7761.922751729616,0.1768586503573699,24.583879789367987,2479.34461503535,0.4990475066883251
1928,18136.922553092187,87.52137529055956,-4.003544067526704,9670.171611525042,3.7242057972982927
1935,4822.483542225482,116.02145997591424,-4.158966145179394,10178.10568867986,-1.6081827860118687
1639,42254.42518885802,26.91521799420541,30.639227450120515,7818.502063426208,-4.379204945135214
1550,15366.722952404163,79.5656630164107,2.550114928291914,9178.173057798376,-2.3944960097950907
1337,32715.50418450989,89.02755923504581,36.34554966644233,10715.636498791964,-4.307015935867952
1871,14905.108223763937,101.81104549086297,14.165327297711729,9343.4725467074,2.0290584941982885
1640,10614.131683510885,50.71550364163309,34.314355943467405,7343.886673951775,3.7995608637707416
1778,35711.48921000193,36.35170867685151,13.79936128389378,8853.74627025306,-4.329871884718209
1987,31237.79064495249,39.03541608276373,18.860350223746305,7102.762424767702,-3.642766676931007
1952,10983.436067825576,85.51455997182154,9.243137275438574,9447.932891574912,2.2828754021552635
1472,30643.59780448048,98.01353598067632,24.61343879901708,10343.39639922266,6.987698983014642
1945,349.5837192019917,21.79367613079232,9.319052467437976,4333.264726888353,4.420137683735788
1150,8928.038869350592,44.512920978931824,5.042654403252216,6795.549832141417,-3.4293466984419583
1414,36414.923522050674,108.232823609898,-1.3528709616784655,12821.880653551045,8.313134107622421
1989,20566.51825965616,96.8032223633687,-2.4048793477468977,10289.359438878955,8.7617535218462
1297,10261.081458751478,118.18300833149708,8.768845894103002,10778.582403705715,-0.1256475822580869
1610,25345.22721331073,90.50979116184968,28.14130053621649,9590.77993323136,4.240266878220433
1262,23314.32835090468,47.18342412335068,4.2529029854627325,6901.98900721508,2.3849072527706774
1763,31733.42099584626,70.87654007935653,8.465235256277346,9868.496141582567,9.130356529447331
1143,3719.662165019116,79.32171050967844,35.73271383349557,7818.869289447193,2.631227994231037
1345,40985.5465632272,9.414697958054871,23.76208731150943,7576.953645077632,9.399487205680964
1623,3008.0112685645004,65.33963509246381,36.387507523988944,7988.497789929901,-2.0098617420469083
1571,22747.37819953637,85.11849941671315,36.00517153016354,9402.24628226622,0.1830513654351993
1880,35552.60388104993,20.078556480127247,-2.146519288143953,7497.137852552828,6.720178601442061
1001,17306.07062977888,93.67580609106686,37.97541962177642,9242.05559970966,6.754161033900518
1896,45514.914649198574,70.0527336616934,-2.696991842243495,11509.210157928172,5.982749109350577
1303,37786.06963214785,114.26661428371136,36.65285129868191,11656.914162972176,7.894171969979562
1253,21359.798436386227,5.0906757848270034,19.60300464955221,6156.87057915913,5.538192594157183
1651,9272.93704926546,31.83913650665604,18.993531229482617,6213.1008591513255,4.541277167083507
1452,2267.6015376637024,72.18646551597888,27.096882817891853,6505.595154949426,1.8838751961626807
1036,40103.0499382933,35.587189464711685,34.56450718427785,9001.879800770228,2.006316149939903
1159,9794.284868225675,85.73089968854906,22.76520500475656,7648.579432149859,1.0924223980636247
1008,13556.74130150385,91.08063390263172,14.142993420159469,9690.803713406423,4.303176995557305
1232,617.8803162239773,12.301915687976932,0.0350204343148066,4950.810688018217,1.0999589384949031
1098,1009.5215598803233,61.66253570481213,30.51441876526954,7807.972356512086,-2.7875852887010453
1658,11597.879864983232,61.06686667092671,0.7732071611862308,7963.404338613228,-3.4020557568702987
1815,43656.13746495485,44.31369242586493,27.68646375396593,7632.608086694372,8.867084128656668
1207,39063.07011797981,111.95098350836064,18.75662256019117,13000.22586982518,-4.628916386931754
1130,38516.66843912089,99.30075838478656,12.362616614113085,11340.177131089094,-3.417991072915213
1403,41369.0352399685,83.66512582915641,22.584387381401545,9873.325537252576,1.6795731196838002
1151,9412.017089506053,85.71919628819971,29.75602387335444,7178.150321196502,-1.0561059964343027
1053,48955.357938237736,55.40593725757429,37.351282830277945,9366.44001082889,1.0877335060321889
1119,11686.412354096432,110.5193425315891,6.911359727700996,9562.3220044071,-3.23828927609175
1672,7581.499561868205,83.35145127039425,37.62085720952642,7059.835781922864,-3.03639594728939
1919,14802.770215581044,87.47772739869798,38.242662069450645,8200.36424889079,7.0098686308767295
1627,26569.621773624905,103.40290845448143,31.61337315158561,10323.968622798096,6.386631161504557
1586,6309.087958439956,32.88859072106292,34.66467287240571,5422.731523438481,-3.436207014130785
1624,36957.18906687167,96.84850846400435,26.159238117272725,10235.317622478162,5.0168562234853
1967,18639.18178333435,23.428872354779045,-3.240625103092189,6492.486406873034,4.13966985033225
1419,28463.98512729648,41.44103426938654,20.878534511742643,7865.354779045944,5.700440840203445
1421,36738.37758013899,40.27325451238112,28.62420533323474,8125.693158854215,2.116733568437112
1103,45104.49800502134,117.42305620669688,37.37664106178508,14545.92006016179,-0.950197586998388
1851,40985.4136394909,102.78446684975124,20.67033311584932,12961.20161467838,4.95518754034792
1253,26919.68685516662,84.14038339083118,30.73903052158225,9461.913716601788,0.5703613978423299
1226,49559.52748468236,87.24681139384681,26.72674228950223,13334.367952272098,-1.7157064848175931
1111,26533.98548160988,67.44873532830853,7.636129984641183,8780.637467895285,1.1294352057892478
1509,26845.0106972141,113.65088005302228,1.962763381811136,11696.526258442664,6.4490475340143085
1472,8008.560930576984,59.55105034588338,28.79073979050552,9271.08431014323,2.1368979480430284
1098,7521.154752128623,45.66212518438734,5.519576253077833,6261.032220342627,-0.5020360484986686
1152,8518.18620314313,19.56424043179092,6.011119958356341,5199.788134992765,7.478029222357424
1860,29631.88591186692,94.34467827132696,23.97758074152914,9710.941880174449,8.22465632771402
1913,20817.07848292271,88.13327184907098,30.50808088132878,10082.561065990356,1.4987563565901212
1895,19355.636633055004,46.12260462289618,21.20494417875563,7239.416281026845,0.6203203109034199
1877,6465.1587972622765,3.023209675107524,34.82424192455821,4679.5453948687,4.190484205284475
1337,19116.401567761062,100.67967932616128,4.514947116280352,10907.323225349452,-4.130383309131305
1705,18961.69463559193,1.370158014488836,6.35864932933328,5715.146202579298,5.369847408513957
1821,31078.63738684648,84.44397355548611,23.662997687085003,9882.34540846829,6.734314080658702
1162,19481.64398832389,116.43085316712684,32.32156830782336,11563.172377326538,0.9616289088575752
1719,20996.2245061802,52.51935937778442,19.27083107552051,8033.291910016737,-2.3807622498890533
1956,13699.893666970587,28.19680859951433,-4.532829201385422,5814.248481638321,-4.567724372887048
1680,6662.045205348289,84.5845212052058,25.462440814312348,9589.392239482584,4.558683992306499
1995,15070.543189165148,98.05537704187022,31.611209485807063,7650.559212564323,-0.9650989004763532
1160,2233.990482910506,65.57163792934168,7.4444632553188335,5737.383244033473,1.958343806819264
1579,10265.127437378103,116.04423303073754,-2.5610797002979653,9267.18240889311,0.795332824862963
1800,16315.127403761851,6.200246598955332,18.30783901483967,4727.140875873159,-2.3767280607880603
1397,7367.749967106545,60.575471796543376,-3.103015084207096,8140.961461567247,2.6255300269105604
1276,33281.985802106894,86.21447367870601,13.720753476185994,9647.520071793437,1.8939028411110688
1815,14110.174908628893,103.51685653790148,-4.198196998836705,11921.179431821978,4.362214343047484
1915,30814.82592917147,21.510673428934805,5.123502530857143,6390.9834885003565,-1.221725082053199
1503,32229.892055964177,96.00041781164175,12.497010334910946,11182.356009792493,-1.7804138021989129
1895,22419.685093314685,66.32484908622543,0.0267650385366033,9528.00359998604,7.21517589634708
1391,22510.41152150605,47.58644183879559,0.1370156794907462,6945.482493817655,5.532883674460623
1134,29115.01679853053,15.805803429491228,32.21777831465317,7025.895242903365,6.58309677537345
1194,13196.571973374612,103.83549106906948,-3.135925995917022,8355.282251901426,-3.150652823674579
1400,1160.123862867381,18.872784981565843,26.00348119031406,4526.1346137221335,-1.6394053500947354
1639,32286.72743696645,37.17454310509191,31.65169222072082,7322.079917742768,3.632972743054598
1032,30465.416652388813,34.805463835492425,0.8825059361037519,8676.069479209465,7.85802020309362
1687,23871.41511713634,104.56968410290251,3.7916830531062686,10517.397562916833,8.381719647527051
1459,43800.70396437236,80.72435930506776,23.86719857177632,10264.168093070655,7.478649433823909
1954,25480.379153689304,95.60176766296468,9.204097573444852,9849.87925569408,-4.349030808733589
1882,15244.383718918336,30.05614785509988,16.43903820557051,5783.928336804299,7.313187769835894
1469,35705.269442776174,74.98489195283987,32.62012187258794,10286.166487187616,8.486367662816225
1374,48123.93566778289,68.60951797724984,1.209242712293043,11629.202115513152,-4.148763647710219
1021,36870.25650210363,99.93964521459252,22.88436348571177,11275.045190344088,1.2442134066548212
1749,45451.509415051856,108.73044725775128,37.407897502636,11804.777911093684,3.0491548494505256
1669,5724.442486505066,1.458812577286417,-2.414001664077326,3004.880987690718,-1.508744406747505
1037,6137.217970646751,80.88239028705512,-2.2996955756857456,8798.418080425787,2.7502848405566587
1229,7814.824743093056,6.220295894367482,19.96340676779367,4695.034735662672,8.289336819415968
1364,35172.43639741571,65.86303980928271,38.20341082424481,10731.74585317546,8.004137595186467
1562,19546.382441580925,34.515927485241384,4.921313906505496,7017.153592320482,9.097559218862214
1437,23937.78534122197,36.81319194265694,9.885638637229023,7871.978158306897,2.261646975918131
1775,13169.813749357234,42.35502041428279,-0.5608411453456856,6920.200095367528,1.1585041794088022
1282,36831.67975817234,74.55509388595321,11.30112536965824,9766.24237081172,4.9868172854853015
1026,42282.864330130295,40.08599588025231,-3.0050383990964025,8989.561446654658,1.2514086640155124
1225,8094.685346256657,87.92388607083365,12.509229898513444,7293.144339362798,-4.370831059987133
1276,9717.4329104464,48.54328626886437,19.9969498723914,5877.530433655978,5.798821782556825
1797,17036.09824628742,8.202384037195035,38.87521720079176,5121.306880675112,-0.7852408807576436
1608,14080.313085774089,94.05118109809288,31.827459083887742,8777.774723516033,-4.263720315992143
1283,26623.675937508964,34.29099895112472,31.99294348489072,6312.167192633401,-4.690683852096438
1878,37653.70264750639,51.93202555191152,5.266494605748871,8984.36570320809,8.970419028659773
1959,39684.357353343104,82.25326598662818,-1.0744384024019702,9639.595730038109,-1.2188598703374662
1480,10501.63941868598,39.89473885784544,22.13836168469096,8022.960847305954,1.7184878878459529
1452,8861.534521686526,6.790278737605875,18.45121877750953,5647.256457027879,9.25864679348283
1828,18248.34434495844,44.87052564153763,18.24267444599341,7313.75740839615,2.012754681710877
1815,7471.4257439865405,113.33382992331642,-0.0946406209680574,10823.35558682323,-3.82086014710533
1658,4680.673578552899,77.00812767582698,17.224820241849663,9095.887382114635,3.2790407086998883
1515,12204.819598926671,80.57749784006484,1.7660083269805762,8531.438784842341,-3.6770201981890223
1546,19757.794466975287,75.87385843651678,13.99515671703272,10219.68068340148,-3.5736818243969544
1191,29433.299122530843,23.87905667513241,-2.202681530983279,8180.551995948431,7.772156107036896
1048,36191.61209563984,50.200063692273616,33.560166973385606,8488.372279601508,-0.6586768495311581
1511,11218.29417045623,90.1127758035982,-4.406896116233698,9199.295279960976,5.180053001686545
1016,40951.3237714036,12.164747706379098,37.26954127503984,7843.30323676137,2.633865029929926
1171,1780.1710016810034,33.34233313076547,33.83013202280225,5550.577502420524,-1.6650996319337876
1219,22257.895237188182,33.15829301590243,28.86736326561864,7619.775619836094,2.7673044797981152
1157,31690.519641221632,51.84227131134072,39.21477620285761,8305.823480664982,-3.9650969615037086
1476,14634.0749771669,117.6442489130622,-2.57810012925876,10945.053709896143,0.2081852438456408
1045,34216.22815238997,8.100305602058633,23.8718697723556,4765.7727408817655,2.8425433753073746
1372,43365.96841770373,62.244119325671406,33.21859407122722,8961.717534743519,-1.57408492871522
1517,4559.379392550644,21.52376184146525,0.6977693438846213,5915.39833260538,4.902821952720407
1098,25676.76506089776,116.48118544916927,21.31487403999373,11415.791347529988,-4.222821174555398
1891,1036.648106167297,13.596420567295704,12.726485891260232,4117.753584696249,2.272148468059404
1744,14050.756881129231,48.43212028339095,14.6122201006192,6271.09347309194,5.72493671934075
1036,6933.319879003577,88.54619818015274,36.06358384233518,9368.170559911388,1.4491908843515926
1279,31251.32274088293,84.54653136329344,19.23931526236296,9626.762339903797,8.11879622978407
1348,12509.314986483292,50.72743642727187,-0.8032079819154125,7795.997284115907,4.482891718609984
1496,14191.668670656916,41.58290015432619,37.1747278229993,7422.291561441926,9.377393740881066
1301,10360.951571654305,47.71348542634447,3.334502675330297,5783.179673135806,-0.7381728083753192
1180,12265.744997183676,31.713151579036712,35.16865674124288,7103.002104597173,9.081839962821206
1606,11332.999747494976,24.639952644815978,38.6914324488412,5606.996999484127,4.10233884828545
1098,34923.778913501454,57.9647637070668,34.5026858422313,9324.592206421145,6.17768348820098
1699,47794.93895130959,32.22405072811288,25.47102000140142,7110.385940017107,8.532416755651704
1992,24562.54810285037,34.49539978767001,28.459831892039062,5755.048147698596,3.2679578198773136
1115,30059.351006059125,78.81072761694685,26.494025969413983,10836.462052143652,7.93271187924498
1190,40923.49655505082,116.22447980398708,15.72359745347782,11636.69839441148,3.1254540938208297
1252,23857.69677756336,72.43646406712502,7.34888734353342,9145.871663819604,3.9879839142585656
1980,15171.015949817887,9.237536047795952,7.825122847796337,6939.404579139354,1.676478593460783
1927,47553.64359249852,9.070033662488036,27.90255375787619,6279.9556476124735,-2.815421722398457
1982,45317.21196465232,114.17078650146792,23.17164017442476,13496.776754712884,3.302548500233
1160,11095.952165086002,35.67489483688004,21.319781528611607,6143.070211057646,9.661723453992716
1255,35183.51471742044,11.048038329897052,24.36739770659789,7477.292013663217,6.807789935984264
1322,32392.262872701096,71.88535045804579,29.86538059439,10620.24048613538,6.212477271301546
1127,32516.67919760324,74.83785339483194,28.67534115904901,9473.429181867936,4.649632040944443
1017,41547.09064527466,77.82057841424258,-0.2571617393419174,10766.514879382195,0.2186301023086674
1792,33737.87049640376,32.08824334290496,11.33657723680215,7087.248116738467,-2.455772082824323
1734,25948.39176704876,1.813282105737004,6.878521155283856,5112.16511638386,-1.6317259753596525
1565,42318.690042408,115.80184433453664,19.22073980008653,11524.161060938004,-4.905168656860248
1569,13315.56580189672,30.1071654829323,-2.2362762932789537,4914.29994484026,5.102206313475321
1322,33993.35354184952,81.1231545663057,29.31088213716281,8963.564155859594,7.178163378346506
1871,35105.86190670301,84.79558438544515,-0.2062699806774279,10605.787215774357,-0.966329732029104
1685,43528.97851111248,73.20089004953829,7.213091165977806,9955.221187652676,-3.6222440053359217
1791,49915.55107962635,37.54888730563778,30.22336773494714,8890.679287229677,0.0359060173287675
1625,27921.809530531013,32.53155045168789,-2.67980076865812,7262.812942824015,-0.619231558745331
1287,24272.25505058743,71.72019392432438,24.70904808501962,8397.129245578497,1.7631454116659775
1942,30074.09322102144,103.931476033403,36.601522230747385,11319.191009308952,-1.0384691851848356
1853,32968.01297072747,113.60804747080746,22.79370177345045,11990.562471311596,0.0959905801754361
1662,35677.91281355251,12.708696528450917,27.06958693306349,6809.806980629067,8.61332169023864
1961,14132.90603244729,18.579433511726386,30.65200926351461,5426.686236653094,0.0225302933440927
1638,24402.91621829605,113.36835105396956,5.001084498376816,9252.716775868876,6.782770700948454
1154,18608.936921605586,88.3842274001751,21.143376310565344,11090.019715065582,4.38750550336689
1489,2034.7868096931325,105.95925897957277,8.907552221358511,10414.17625964358,0.0630691844706081
1385,30515.21947791524,24.31591609624117,6.227292065138737,8076.016790523178,7.266824046705256
1985,43753.2446763912,70.51030453312822,3.660538678849949,10927.198180407471,3.926141043943973
1784,46081.487832244246,84.13675133009684,21.344377688621982,11712.95653056715,-4.870719086016495
1103,25919.440275594527,81.61342625363672,30.75393669492123,9529.33573587004,-3.9690769764140033
1928,38317.64038497395,48.97820290400377,34.41500788848005,8622.642336469511,6.289593391784782
1392,35649.395746564864,1.8473870029570167,14.286367576383672,5091.600894132403,1.6979168437779153
1810,11522.009030993791,69.95112681651158,11.78045500890725,8352.403665452566,1.082616876153109
1245,3239.236126162968,30.372184701553053,25.928810594526595,5140.998098949844,-2.8125922370628804
1175,37418.034606630405,54.03050953714684,30.116165883355777,8798.103315979992,-2.6402210905809467
1038,14206.45009287178,114.90972181005807,6.399370150257846,10439.92612786661,6.966286751438508
1476,27514.18427266909,47.88423811709217,8.37808978949665,9553.46036045885,7.435257009421829
1681,26250.81238032089,100.7761927997312,19.002699361792764,12190.453978447233,3.4000381095809384
1758,40911.90788826013,22.62487268991013,14.997355952797466,7426.250401946502,-0.5730828529146885
1537,32267.81847829971,80.69525976300346,26.7604479876875,7571.974999332934,8.990512250017453
1866,42372.650935231024,117.24083453267322,17.701824594448567,13809.13859564139,4.3594358649284
1817,37636.57548072933,12.227172104752416,0.0219597575162211,9087.653507061048,6.949631791776824
1920,49991.58280479339,0.9983930672630414,2.467893765464705,6985.156933299303,-4.950756195676769
1407,43207.3609453148,52.02993511591372,35.58589797192878,8198.498440554553,1.7547940131304074
1524,10632.72237073922,11.115057966164064,5.2329264173468015,5767.601705641428,8.064236294799338
1827,48073.3070652514,89.80612196114777,-2.7461258861944904,12719.22107569638,0.073499248490819
1505,17072.70200068238,109.74583966182708,27.91545512292513,10338.06610887826,5.898267653084215
1902,30431.217180976622,52.08251672505106,25.78050147300884,7755.53405131876,4.865122376929683
1824,47073.40108867135,31.04539705865292,22.00342083946689,7926.704579376689,-2.7167245046855086
1035,10786.84770244451,52.12839828079317,17.601526950914227,7021.516367233076,6.623557408816076
1684,42879.21820794903,86.81373814200012,38.63111593210688,11097.63883708544,-3.312098145308017
1019,47662.31499493469,1.0864993896445174,0.3924533163304007,6405.884557168435,5.918711448579112
1320,42702.132374224646,70.73447873816366,17.957325216016752,12007.20973680275,9.864525051686416
1775,40976.64931372721,73.59500218648549,20.382022456151965,11533.230708266256,9.36972147717644
1511,13304.256876490512,76.52258962751226,-3.98781867286223,9629.389450947963,7.003626145855071
1399,20414.2730289396,29.042649597705264,13.539659116195232,6616.25683351434,3.0177613634455334
1653,38040.668282931525,85.68632680537522,30.22609564248885,12145.276812148775,5.1223686373111
1971,5996.454456595776,10.966978359813169,16.19944398593196,5686.820557450604,5.921625855161391
1882,44429.78931241873,23.912440376016097,34.38753024059126,7967.878027596495,-4.8739771358264194
1470,10591.82266247198,105.29640559853785,24.015951935025665,9707.274744488264,-3.464506685705653
1142,28283.85335963172,88.64677808718797,29.473841382244338,10410.339898607452,3.955886981182936
1091,5342.469362125704,1.64946648136143,31.201606083656195,5001.615499754785,-4.901981897856364
1353,9340.978337833048,29.805151244376024,26.027510774806,5897.002875925343,8.633584761602458
1833,29316.453073620385,25.728777959179748,28.7221297011858,7905.019384354021,2.344940698376167
1799,31768.643857866133,32.49675936443671,26.288974291956144,7011.141491977687,-1.1334938659231746
1726,13560.600794651897,29.70717243358637,19.770868680413045,7519.517185895996,0.9073175439639892
1958,6042.956015111411,7.503155489141489,20.493983451794485,4445.615240181084,7.761646159600042
1853,27522.84084067936,55.07286199161844,3.5448152186560584,8422.895337005593,8.907893106461737
1050,42047.828188969484,87.92801697433981,32.23476550205756,10699.6572657953,-3.256475292840199
1664,10152.135019187268,72.80780696609237,9.046179119735443,8948.158045104665,6.669409509333651
1697,34609.10895159253,80.74460023176957,19.1081597109399,10394.611627581857,3.6734067732479545
1574,19355.46538635156,9.7379014243487,6.229550107413219,4871.102720019956,3.782541364967301
1189,47160.09435515931,114.17888522121449,26.31392405978024,12129.380236918432,6.691781828437396
1124,4220.40010332622,100.61902006116298,38.8826028482771,10945.756194405456,-1.6573296982106376
1149,2094.420883983634,96.61083821947952,31.08731055913333,8316.11961675683,2.9656745196243737
1313,6302.982269373734,98.7580566050121,22.85929668494051,9042.602468209338,-0.209710768237862
1569,39143.99752331776,111.92526097593137,20.537794018394543,11314.805469330133,-3.5823148253522774
1341,46146.20966808415,65.31047593364373,17.039706580881806,9258.473710544087,-3.423808316650942
1304,41141.584596952096,24.033842144115106,4.22371442936201,6919.433712030807,-2.9529279406227387
1691,35919.817345501026,74.01403294230494,10.660452332991047,9639.051762322411,4.22349773357257
1681,2973.474437907638,89.14577924015268,13.287733337708527,6836.261900383338,-3.41254702434035
1837,10769.19836968288,88.55008720248304,37.50560836784547,9588.237662625264,3.551557638852604
1782,46775.41522351095,62.57388290002561,14.151228431620556,8584.01682157466,3.824455869658896
1053,31177.37371215525,8.215046320029366,21.37856596581667,8546.698257200214,8.558447651828367
1443,23469.37795221256,44.53355261161534,36.50910432752914,6237.917747570681,4.395648944882714
1612,32650.374136561084,110.49199301560289,18.32918835151044,12816.443679280772,9.78381761322252
1992,9011.82862575398,70.13386917089112,6.315240093881547,8424.41285127217,-4.535111300887477
1263,44654.16121155444,64.59983319068562,12.14527479691349,11952.964156710475,5.562192049676785
1052,32849.55104803094,32.26242172586322,11.899264020375233,7646.9932118809775,-4.602798829204351
1571,23615.09928898423,44.21387038998947,27.16229041159696,6846.211713111762,5.940663668120553
1619,22923.04195256614,107.44153069838032,8.325432870701164,8990.542359952333,0.7877531380605323
1004,41136.63908319395,79.97556570322028,27.86298599921774,11087.852481594378,4.169616480888843
1102,15462.64013291504,94.48644321027994,35.01592203490265,10501.831629597227,-0.3569289186749342
1195,6942.876881920686,54.52145076811861,10.123285527117034,7463.020493730563,-2.613424412710264
1773,9364.91026367196,75.62966633473894,1.0903495110596078,9734.2538394348,5.852687771339236
1876,4148.686046738529,29.806033049184904,23.734945793588924,7148.268094653773,8.5693057040513
1991,25442.36005692452,84.65529963401835,11.23845103857974,10667.64443106622,-2.2462633444994755
1883,33895.18383048129,51.31216004440048,19.029377521506007,8573.929629896333,8.81054501805401
1349,46705.86154157696,53.10546177776947,23.53745343278248,9313.483715475852,-2.897268361931844
1046,37565.66720310867,77.9186789492258,13.348432482741018,11538.70819097744,6.034928238242969
1866,29197.2246607312,112.3536745762712,36.61125033055336,13194.555117707863,9.39167737268509
1822,43211.30137985491,7.680761593034511,12.982659437671243,7985.534102345353,-2.7894367736564347
1935,44621.43170403147,98.96918848164093,8.8318447258013,10468.352711442903,1.5263507013303004
1819,35648.04351080507,35.08597324946317,34.85538494944994,8312.417778372075,0.0618622353759921
1655,2908.601251591389,53.27033454076534,1.1335775541614366,6573.384889863339,0.8271662527614723
1268,14658.939462353826,2.6295994530010747,0.589401795351554,4486.334153631775,6.297096086976648
1369,16875.67932259924,36.125529340117566,37.10641934225316,6416.388152260095,4.91783398833339
1635,49869.332545170735,60.31574911561566,4.403578634925205,10815.014515482688,9.530304466942288
1105,23261.71255577728,6.7411292816926816,1.679683163108824,3835.054362905594,-2.217807449653666
1669,38118.073774310906,58.93148752597982,19.082573680879683,10072.219763612911,3.148913039888201
1658,40708.4839688043,111.25327546301128,-2.894519020536612,12312.794740738957,1.736892181285401
1656,32697.679936973684,12.647186172936626,22.900675032740203,7879.44020058193,8.782841633886244
1119,1011.9955606513806,91.73288736906052,15.381885925257912,6977.013524580545,-4.8407115128456
1830,1065.539245825923,49.16052640511912,23.818538398663005,5978.992498035336,9.837556011506411
1786,40957.01803809493,78.62084574292057,7.777160658973772,11999.308884092628,2.196014715587932
1603,36988.07467422527,31.228391758227524,35.74624964570238,7778.167435746696,4.383094708503961
1057,26852.214780155093,19.139071504962995,7.176132072640556,6220.863499812662,0.4007883370857321
1950,12518.39925209522,19.25551371254717,23.690410849428726,4602.203167781804,7.787900045432483
1345,4427.0136080548455,8.459033477177357,37.52913327824311,4217.923270091064,3.429819176775741
1740,8296.991495739538,22.277604588149163,13.036417975357718,4220.078762919292,4.942164043746473
1473,29058.156342811264,79.7063261986762,2.2641937731780244,9680.898737513737,4.733570620910147
1116,27336.74913194929,105.80287342122097,-1.9227885839674803,10245.943216178805,0.459732098465988
1829,47069.21971359509,97.69508227093942,38.33580985634228,12836.834854315568,-3.8601350629007625
1790,47868.10823195976,82.21611718493808,29.36656686972725,12390.889633835965,7.115593391410751
1126,28842.74163655428,13.25182360933232,36.35284270318529,6957.649001199662,-0.6542612122352374
1392,42087.48675025576,34.70249355551398,26.447487392191515,9368.844236545669,7.7339534271655666
1907,40631.25085394298,37.17682503869628,10.41018268852106,9093.480085742536,4.129645131862395
1640,37643.59069003326,29.994833567714547,0.5357463692521076,8310.608657304083,0.30555937146217
1057,21923.166970084523,61.80067916516678,36.81880866737503,9373.850713795744,3.913707234604342
1633,19531.375034312023,64.2664577855607,17.03285698589235,8964.577469139278,4.682390385421563
1512,13280.285300515829,42.82631702053322,12.842904832493026,7788.394981277598,5.600251116380084
1750,46861.04092784266,42.45469904837232,21.000642755760545,8172.516536569507,7.33507201760607
1801,41737.82496077372,99.42667174872976,-0.2048305356018929,10148.504102854497,-2.6036758667302298
1095,8938.07719378943,94.71514179836228,8.914171871851778,7852.490954514688,9.16216577152925
1637,12697.90823811459,36.935499801689474,23.704424819417515,6334.777841525726,1.162609216412663
1117,29108.24729364572,109.65461326479112,-0.4944674139280138,10284.129538024134,7.906754475645659
1559,20738.62869986592,114.33780204030072,1.085924153419776,10204.726246670323,-1.6928060694832228
1600,10773.49252592084,39.2091050436049,17.9764538840975,5640.295160192952,-4.564565416929279
1487,39578.71193116962,42.530993855166585,23.0555706070491,9568.348775160224,3.600160654342762
1236,177.50112335077588,60.67609841063506,3.4150767607205825,5081.3480488554105,-0.1300058139134154
1884,17229.49902021606,112.93449750404082,-3.5111914495028684,11285.98317482248,9.76693007421924
1896,46474.56063704424,105.15833197707738,38.12651017450403,13332.91181048003,-3.4331981792692563
1271,38062.32310751106,12.308155510030776,-3.7628303952849422,7248.351633536088,-4.290457009947174
1188,20124.12040362753,47.127689192569946,-4.907658131571146,8699.240903863161,-4.324732721703001
1998,46443.548087259296,66.40454276997262,9.550325597268989,10516.222624772472,-1.7468945716430824
1703,45050.07996601742,60.3758967061848,5.010392594900569,9389.62320493945,3.687866745480076
1446,2723.927823276097,23.26356815242712,20.81138629441949,5205.182233407961,2.583450604670376
1580,6484.260754633897,103.05801254017857,35.239399457848606,8449.45791386809,0.2511370725034219
1789,19422.791865448093,81.23289395962048,16.649845259769158,10167.86526495616,-3.6681033887463608
1860,46476.94281270196,100.54900498221645,29.79855439676368,12101.013652771577,-1.4939435780852175
1246,42225.83797134754,103.05171352193666,35.915216731552746,10910.399365569703,-2.237794028229247
1962,2483.309538626114,89.80270243988878,3.522984412279337,8193.523582540303,6.185002557340727
1075,25665.31379343859,52.70527214996608,16.973989875490265,8974.646232646506,6.699195745019711
1153,36040.63944111626,73.26561060185095,23.893149981942827,10614.56884332634,6.655210195927296
1655,13868.54203857198,19.243848734369177,9.934745706415503,6764.915852556029,9.53560816621223
1434,36153.97253942798,80.83745009698892,28.28884499447913,11216.315208787724,8.26356919501048
1996,18549.30187058899,21.51039068871369,26.73917388498212,7132.087928262888,2.4670712076775727
1085,13775.41938396772,83.27395086121882,13.94924278681388,8288.822539640512,1.2240403136374771
1696,19688.98486883393,27.55177929047624,-1.0420810958992357,7592.513110549625,8.736527765641927
1284,47544.96991418509,14.106156018026397,-4.479404743283918,7702.840643118092,4.1683787807222
1973,45274.18935901248,19.83413881715489,11.620730297238271,7752.011344868918,-0.5840199946160709
1219,45706.16919710517,0.2390562262884321,-1.306901969708078,6475.649930856739,3.4669604157275096
1068,45877.21751202735,86.24875414242364,30.173099944371742,10426.415057451612,9.882241340441894
1046,8995.877147248977,87.88812588700549,10.044660247104137,8767.580710366246,7.742050902285435
1093,44813.463812873946,61.792001989591135,24.97442241062636,9137.615138794068,-0.7808042591068762
1749,10692.594144606986,19.363536126646043,10.587054428520624,5638.710909584735,9.294316388758254
1957,41922.96732480032,10.02652050128277,30.81722875726081,5968.6999524147,9.721931672186738
1452,27140.754410727182,2.295475972474441,34.978562347890154,4592.150556149495,-1.5324956087687718
1203,12074.11764959204,19.889781235826483,32.6881367168233,5209.581861246792,8.433881777520119
1911,19986.16860833528,106.9026641979776,16.801310379093398,11658.633112614572,8.24804076548248
1217,21725.57135344047,28.984421004201813,-1.2221775108580777,7350.262141762542,-4.403696401489391
1473,36685.24543911643,42.51255926606588,11.726999760704327,7408.693997592659,5.0453378959253055
1431,30340.471430234986,12.641458137759985,14.10051976172872,7206.8685342605395,-0.4207893045324598
1340,40857.42972490248,26.68335656978044,38.21143048855936,7313.47608040958,5.119189397378138
1550,19900.568871132687,62.30694849362462,20.447378734319305,10489.499201280376,8.703380412853653
1611,37205.16773070879,72.9303219714783,23.838080480339872,9723.518245184328,2.4816887198427766
1288,39660.94459243691,29.44227769994533,30.190161145093327,6592.975275849419,1.2161924618297917
1253,3250.899738278066,6.927859107014065,20.569111024465244,5982.899686202853,8.82296906781126
1733,18844.34448780724,46.92394429528784,21.931807413224288,8478.903809369398,9.61172376607799
1356,44310.87567581011,28.10440451116009,6.039750880057239,8350.359924161941,-4.06645508309296
1022,35278.29832933029,26.34647078757624,-2.351002659742598,8774.47868187516,8.842721037223109
1761,20980.47273626689,115.18353632561464,27.462364559906604,11049.997034745673,-3.758471997171667
1521,9230.415200841247,73.95605831108689,33.19081138094917,7234.714096138618,0.0592932007538449
1757,4920.880763242027,66.82541318065151,13.540008249629672,7172.769137192766,6.438611836454902
1836,11544.605368258628,49.89301242279864,19.70115039616944,7476.258965623983,6.65555472909543
1099,12310.152865249363,51.47332001161731,8.827835230106663,8495.703125131906,5.887328360187494
1801,18596.03109797632,64.9086004605697,15.259926705958062,9605.541825333104,-4.413312679083974
1179,8928.389963908243,83.57157684433287,4.400037681990479,7125.33267911222,-3.0055092796386007
1222,7387.771949126591,84.25753154181953,29.194906364723245,8211.690773395854,9.043247473296228
1905,42215.937135749016,20.603268924653943,17.136030449879282,7848.787716444733,-3.778079174061638
1761,12551.958284241897,60.013530249195234,19.62204489449855,7712.85206854109,-3.8218112454032505
1658,28124.10792342081,49.43497140409224,-3.331036478244957,8819.254077774569,7.534689066368053
1441,10045.047446928558,104.4632359523261,23.007927653200632,11264.101853580372,4.618986298343293
1607,24638.49995638936,75.77027054620517,4.119511540350526,8685.31909717213,0.2748408376776936
1768,13907.92947617976,63.90048796991782,12.252758996419246,7945.623739750536,-2.514342693925604
1324,4431.303938166145,13.847357061470085,13.572206504312897,4348.593200966573,8.262556298392223
1515,49110.57389573894,72.67654671880938,15.19296688696408,11245.75508053284,9.828066364427682
1015,22944.525215149308,14.06446868162801,5.234637510164347,5254.507772888758,-4.250424073357562
1791,19713.0651745926,40.46478906789025,33.254960112203825,7642.569966445254,3.3117007313530262
1335,10036.19430846586,17.141035777719825,14.253256781708014,6190.289776782769,-1.080446226412774
1758,24818.75743153921,83.04883764292427,22.54605060587176,10007.59280531494,7.485802503245562
1257,31797.427374686555,24.75025366033832,22.627189556219783,7395.982994132206,0.1910963766220854
1496,15302.038898125558,47.02312478256312,22.31431034896144,6866.41953923525,5.719439337795098
1987,24072.87818054176,107.48097331425345,20.16931040273187,11057.72168380234,3.0928513228941554
1895,11930.344146184298,24.517966007876435,32.01815867191549,5270.229114587738,3.1228507239245538
1159,26432.88277800612,60.93660767505349,31.56780161862352,8706.133738844877,7.869991467706322
1474,39382.00255966937,50.31259933992264,13.771505767218656,9460.347621060331,2.056066388868463
1851,3104.650963912867,2.174884925487568,23.613072165877977,4000.874326743174,7.68399301216721
1663,25940.16448150504,95.13097362873754,-0.3726839962990969,10085.508384412697,0.4514024205636318
1907,20028.2178073553,8.285508757751966,-0.9152294779242452,5113.182980898872,-2.3782558630354247
1689,3794.662942262685,56.91060251723443,16.596238248456785,7821.914358403266,1.8321606648492264
1674,47031.40233902905,67.281395392674,35.50918106227096,10041.011860858544,2.475336720655333
1379,13066.164923094651,75.41117479375045,24.2499866135663,8042.556871555063,2.175747964566872
1544,28274.115595742645,82.63579551694507,25.114739019141737,10622.98091549056,7.124956178189233
1928,18693.75052882676,30.39268602272581,2.0952990435775583,7373.84522608149,3.470184121901457
1956,13629.522080575782,1.1974531990139248,15.39869999209775,5188.596864586135,8.326661076382043
1690,26406.31446604872,86.81323948258944,13.035592524302212,10424.576372974976,2.712782423739132
1426,34482.52696352726,64.27879192170943,30.23402560393869,7831.750987793984,-1.629273756769936
1612,39298.20652312264,100.33412438486984,1.2020843547520617,10999.064786365232,-3.0575623960587106
1267,31732.831304701653,98.56660354808332,19.2635953298862,10979.42243132236,8.025442314169315
1834,26362.16989244075,101.19914013454598,36.01081761469833,9857.781550807233,-4.157408016466825
1576,38885.35631080226,58.211359197544816,35.16069503435791,9285.07333113306,-3.235855821203566
1416,25921.04939934321,40.03540750042388,33.355169938647414,6342.596696990664,-4.045122216235384
1167,48713.91916122869,94.9869843109644,11.87433908213725,11700.859869640524,1.3560129577273037
1841,26384.36114267225,54.15529356351059,37.3495310794776,7845.593974987806,2.9892342459039014
1042,15930.632513438291,22.013063568412143,31.23852288967173,5637.774965393751,-4.701879034660989
1555,22373.463311012,102.59688234737692,33.301359365840646,10548.256738720926,2.7337925033740644
1284,24550.50490662717,105.90718521268168,36.95592074462442,10867.846841413037,0.9063920693593904
1396,14245.95577644334,55.957170736820416,37.16505695263364,8318.735585452308,6.604677736838472
1011,8021.266980934433,9.083967277174496,5.802923346699588,3868.086664957967,7.449349326193348
1606,21626.032368359727,46.53913079003175,0.7459470299725091,6869.990480448774,5.2745115457930805
1301,44861.937699924565,96.4245191355124,26.08937246070919,12764.40459906252,2.102433029749359
1897,12851.005505979916,108.21288342554745,20.344628048671407,10934.19105699441,-1.757771074370178
1252,18154.75137887337,24.4167290997115,9.734192753436943,7373.429401215825,7.706723009538402
1498,37910.37845872541,8.036833443032583,25.800227804965704,6390.875229937654,0.1250371006662529
1753,4205.437277810354,105.28205437594065,-2.2101405207835216,10508.092818674784,0.3443783079242379
1034,41271.02049480781,46.72859267746504,-2.8756257576852464,9707.272276536118,8.740173207805672
1726,36041.91303896638,65.01131571210759,10.943976289079204,11214.724969791152,9.633958833968697
1848,27533.23062374036,116.16789744609108,3.723098054447238,12230.623516765683,8.471964345767562
1089,10552.991836702577,7.9877673497067425,27.335022283190987,5220.329127325745,9.973520853416217
1775,4724.660202223256,77.79816089425147,37.66098270586864,8617.015788655768,8.03363265852216
1604,11662.783522328824,8.89265070898405,24.77323361580815,4244.887493780801,5.565362764301227
1921,38098.61244147956,45.05627141598004,24.46529652074037,8920.221513173563,-0.5927090064279072
1969,46681.38148959608,96.4577454232136,-4.703199196118757,13728.496446818166,9.294355733498143
1601,36920.62077289669,52.01666793067613,18.05246372760836,9008.0976402099,8.149402474206305
1417,26428.08938421995,119.66188246835404,31.769559407882177,11604.620860395717,-1.3887981137652017
1114,47539.06859313272,67.08711419359226,24.4354164402108,9067.472039535296,2.3374370986274045
1616,41445.51023470547,38.539458316314416,5.2502073091975525,7989.669186826725,-3.949165090616748
1902,32826.282311685536,26.413359108570376,33.181386179224035,7452.511336792408,9.299632949008256
1195,1991.4443910960108,42.06246411433942,38.3969525896832,5576.667347042578,3.5915249158218394
1825,14457.902055280168,44.7039928511461,7.55467813751217,7483.254784327444,-1.3219918110775186
1500,15479.683559113948,8.245641326875317,4.319245397461302,4123.557669057856,-0.6140102956418643
1625,17427.538613506535,44.34890393121278,10.233710709370415,6530.040427329046,9.709845589447896
1492,19530.3442894008,55.70862236870699,-2.157877225504801,7822.527370275558,4.234214377062965
1074,46974.52667851967,86.72853026865656,34.3044702889094,11880.38771691623,1.310246861596056
1412,37119.4331641581,78.80753816659296,36.81847662396165,10872.205779142676,2.497681926783072
1375,34627.55585415248,85.05187862749851,23.498636783490863,9308.185142896868,-3.5217489143398497
1419,21383.09644470557,1.0036418252228518,29.39506657840507,3779.9156775737056,-3.87465859890686
1728,16943.725454242216,26.120087949664324,25.089280484582023,5801.14939133997,3.8906161495057727
1276,6066.951719686986,79.40211460798278,11.980940318044109,9291.479460840335,2.6800605466047465
1760,22729.4241324362,58.078724181569655,23.44190629244196,7908.519447826243,0.3872978695516167
1675,10346.584536236032,0.6376170802015135,32.63440768938008,5252.244383925397,3.491709287670467
1393,19611.41914677617,96.53935709181869,31.44583346060952,8996.503262021824,-3.909860758442416
1868,7903.9239003349,92.7371487948405,-1.3524113112496463,8783.85592249395,9.159867571473194
1456,17265.395919654315,65.81029955922752,15.817043224440267,8239.863470016782,-0.594324683236672
1919,2244.670559205089,7.975599093152654,12.87946587807625,4891.0747970604125,-3.923318139920017
1191,400.5577276790576,91.98180594391016,28.840393560093908,7553.082396024984,-2.457435911388439
1738,43508.47022178167,70.04563052776368,17.561917279560248,10125.44429528988,-3.567891282762248
1688,32099.07893389869,93.8351972589551,10.736549885623882,10056.631132084602,-2.320932434604781
1098,29424.56604123079,90.20963908750085,26.78573922669407,9954.443723431788,1.2513108223991782
1547,25738.32141476559,96.36024863494046,16.311033415115443,10711.580547171849,6.070763409032812
1977,36363.78594708868,62.16096796855498,6.548081248883875,8795.124581237244,-0.9147747881744036
1998,36834.66369091313,16.8389421832218,35.06876151746015,7091.468766539744,1.538899329124658
1095,46769.04326036186,80.53889680556264,0.087153166887326,10388.698321445432,8.931359318323544
1663,12296.08395004254,74.45685420623647,-4.186053190153105,8790.65560808105,-0.5626739101103686
1662,39281.42061242982,89.07038246389047,1.4759964691617729,12090.81053935304,6.920796298970647
1189,49558.7712372676,20.38572072608824,2.3639464073804897,8087.173659085803,-2.632746912764504
1735,1548.190790548885,23.397023988034707,19.211899002140456,3843.209325600348,-2.3251738061412857
1036,18761.8727439761,106.84914206631942,23.118947528666688,10518.888172811656,1.8422931021439848
1779,21858.18979373596,89.9973358142485,15.187501032645962,10043.145079883514,-1.488466243004205
1368,41109.433350243584,108.98741864403875,4.187706037553911,11387.070354083868,8.545421106913903
1694,785.7964267062819,91.04583853967048,0.9485904457266344,8172.759224466532,-4.238715633147833
1524,29971.11465353994,71.65863671883622,17.14683861056769,9613.807705509667,3.959088492157594
1278,44639.68261976309,78.49592844334484,20.446738942891542,11106.508166914811,4.0634409422427975
1216,7466.590216780836,106.6953508728012,8.678261726656332,7069.032002426072,-4.009611087208285
1866,5867.123481462688,69.45681054143286,4.919797630343837,7580.920057344561,5.98846322306337
1872,49989.34329146281,75.88695891940648,-1.373327291865774,11313.473346330496,2.03346316768294
1797,41315.35084147958,18.77720592043207,-3.818998085349529,8396.323043652119,5.846100602422128
1272,34901.183919163785,56.87054641393232,-0.2418606123719051,9008.604878938197,7.403874789026048
1880,20009.16350651307,85.96765343497188,28.39357355277733,9935.77380871026,-0.1565097201395922
1061,42712.7524110273,32.51312379796385,10.480839256925025,9621.223086982733,2.267288244032315
1595,46146.37297649644,24.27050166294419,-3.7661488069144,9909.82367406844,-1.0885883034798294
1879,36647.18654846341,37.65921698692986,17.867437233445507,8258.772996558324,-1.9772980471649748
1728,19964.92950934994,28.980075359140013,19.12302700998814,6601.836193587243,-4.991078629360139
1341,29218.50168097716,25.7895164443675,14.290995082557709,7038.232964709881,9.45447268119756
1396,5016.011422357182,50.98210114417044,-0.0192734584031342,7787.981595652883,1.6139270399447234
1698,7985.2217078704625,108.94062166602409,28.97353289226836,9738.629310210215,-4.803953404116889
1018,39173.56341031783,60.84715760864619,26.00867147064786,8001.340862942148,-4.8659213364792775
1176,1562.8420604402904,22.550445697838764,12.762811222221467,6575.161046973448,-0.6747114717320741
1611,2554.8802653889948,9.236600325704888,12.13669105366306,5150.160235172385,-4.790934819348224
1395,25450.37223013904,83.53873741655103,2.017080172567441,10087.33055681765,0.6177192648782253
1444,8609.410885309504,45.93585173236654,28.909720618948725,5727.970683891282,-4.055922478415782
1232,14755.833474774769,98.61971359024312,21.98082569528948,9067.70611803583,-4.4112261327453535
1914,20001.6880968734,79.14129223689243,-1.1392949519174458,10752.037552419495,5.04072091111825
1075,26160.54449254663,95.54897406496424,12.012855629661107,12005.553003011284,8.60261934164327
1264,14248.382591737169,32.63352473021385,35.660242415582616,6677.627285575269,1.1407987495341896
1454,24228.968807715224,83.08307069532698,15.35685707453018,10713.263721683705,7.551556454138989
1795,18597.16049984107,31.68743816324625,9.621737468525971,7475.764637835135,-4.561018082963793
1717,4143.452367943035,112.688217534035,23.97028339518677,10108.802739199453,6.665350839552737
1734,43369.65641345929,76.36491378400493,4.133756995782623,11265.408724691408,-4.058000115156636
1383,14140.158569942025,38.94141602104105,18.57115291932308,6651.543770892704,7.576591347960274
1563,30507.72598075068,32.34142347507272,25.12852391036405,6371.535689722761,8.23549517308096
1850,28533.030742067047,22.91119020859722,33.4695287188785,6869.365183721849,6.789607635734715
1505,10038.422439248208,83.35691506724733,26.16269362500415,8073.726446286408,7.311235366169337
1366,1594.912704476996,26.245873559751274,12.2984408725854,3891.8997423506953,3.4222684949847846
1143,42860.877599118,71.43639191129868,29.551007800674,11114.788285284443,-1.0267258612602208
1884,24934.723788315623,31.75620323104288,35.42799676318788,6978.967059826215,4.6484650399145
1068,20781.92898616044,79.43627337526424,16.49936310969728,8968.977452427542,1.5931247361454206
1098,38169.23470006432,97.7927674248647,-4.797464653252294,10019.198748001394,-4.91995158621431
1395,1754.6301936924754,93.36302917735838,34.64131116783298,9328.793805792073,2.1523855965225254
1024,38284.24265754694,91.3021597116938,2.4448896223937924,10146.308681855164,4.767818868258184
1947,20504.8317223488,22.526688683070248,0.6846477241167994,6750.644724129667,-4.791745104630189
1890,27626.022895484617,10.606193638142244,8.845535458301418,6730.151496499021,4.320405041622365
1468,37646.718103272426,83.87385941848628,12.099268542584252,10592.664057872636,4.787978593252845
1483,27385.84854196537,44.20166565532216,30.971951418399343,9252.755314349562,-2.628386326416549
1564,3182.4339507294,51.88154716840168,12.51325233009079,6939.917773610762,1.466112777347643
1150,36457.18447236296,3.737891135206928,-2.803047514061751,6505.278525223344,9.464989013336988
1143,39338.447536439606,31.149173913005903,23.618275599577533,8712.412431002022,8.262838416996738
1568,23148.46858612479,4.041168464935683,25.204946054350376,7389.774691523477,1.162321342873791
1038,22009.064375226026,105.50229271214972,31.639941437444666,10494.816138149328,0.2476940203623332
1108,12671.08542581334,29.207601986223658,12.948973629750927,6737.948486129378,-3.13878978534716
1692,32243.72159581368,66.88046034876096,-1.126801570654532,10437.937008303012,-4.472163731897603
1041,44111.226848057566,4.6775184793356495,19.887802496254867,6607.990116306335,-0.5380583383688196
1185,32832.84016916271,80.02168695667896,0.4448822159877963,10819.818016332552,9.104250206233576
1934,38589.11196157263,38.76328149049127,-4.231610463906054,10087.209483771683,9.37920177000501
1397,41889.03666909933,107.7503024349199,30.03625623331056,12474.375207616426,7.187790108644144
1222,11384.595243872893,106.5741826720843,13.15347701522728,10693.6539196821,0.2623722027978923
1633,20165.006272442763,39.034874203409736,18.625232742809622,5945.959295144894,-2.8456035067683323
1132,21854.384798165025,108.11530748285617,24.82821412458403,12427.554423159265,3.933002134085189
1162,27989.128207565864,119.53892081985346,13.046245002005726,12380.81208411216,4.697575108092721
1214,2554.1878546629528,99.04987969487377,-2.699078338517192,7632.793734962934,1.3686035386840611
1732,29461.51783403037,101.38456173062748,6.373464596858227,10172.87348448829,5.374701933379605
1234,4517.222020833302,29.88104833309079,3.7453536102075455,6235.7753077434445,6.2002282847760295
1842,40347.837574901525,69.20428786293076,38.98273093709195,10857.708408769748,6.745924953621699
1657,48154.79718763244,8.070709676084142,28.277745431145696,6485.317434659863,2.534471670362609
1750,14558.974394200137,11.390152418600366,15.319749921843664,4562.704215102031,6.874611663396001
1587,25380.09472806599,119.86711344399488,-2.1484671594118554,11564.052327062676,-4.617853605958148
1008,41177.058495837744,39.19670993110931,0.2132735115221748,7085.410249448179,5.206065501083044
1073,15801.234901760412,89.78206944586157,31.58048061721366,9252.250166820237,-1.4654906442428022
1953,7973.1068981058,96.79980636321798,37.54520922266503,8884.168905134442,-0.9421956246852012
1491,36979.21993272352,102.96279252086752,-3.58924169861022,11446.236722087227,-3.6304744008990153
1912,34948.24489567381,119.71539568825878,35.96787052097241,11565.150525397476,-2.1141160461023105
1252,28540.27848754133,28.979578230824146,12.125367102369635,6122.438466652065,9.880123495030045
1229,47227.39609215133,4.842099223163965,4.613469729415327,6180.511638256826,1.2308519584521296
1518,47760.60294296845,49.34298215935031,-0.3995439164064338,10129.822780463375,8.916480980330283
1173,43091.31657601377,15.609680379473634,29.72870238789377,7332.155891338558,-2.556507077108029
1652,14721.702262387813,2.691106699446615,16.100971833181614,4760.364960871626,-1.939117368522207
1167,11345.75994454105,43.25121925697833,32.45907018708655,8252.603118604417,3.367200307226069
1169,41803.46064526178,94.04859012902836,5.177071904123295,11419.946708723704,0.2429881131862368
1392,32602.908478297428,67.9416829470085,25.53556165745911,9435.927779561252,4.6587281286219415
1945,19866.68891634571,37.533358705242485,0.3154767189757628,6474.6887439926,1.3306986358064554
1794,20546.84818070588,78.52104065912637,-0.9612192139353626,9690.099905804243,7.17395856198193
1633,42681.275926136834,27.842181637057287,1.0029932662788177,7716.721190443317,1.4733860675662562
1193,8246.038434874583,1.725773528650203,31.400558525213825,3943.970996884028,3.5852377365739585
1516,47204.2731488326,91.72240637237128,24.5028880944688,10074.241991814832,-0.1839019996440685
1028,31697.443146230667,74.8491701836811,2.468375137014621,9975.993226234848,5.560614811579811
1164,39588.750895383775,91.4763149401152,12.314749480833342,11568.28830418454,4.821013134485712
1421,18606.241065625883,4.672562002519873,29.36587043904056,4861.342312501147,0.9550154916108662
1338,29386.12837691032,100.45435533967826,7.855347523624925,9938.737235180914,-0.8595184581410518
1647,37524.52564867319,74.3431440043564,36.45686705408931,11165.00053759529,4.2115656223044855
1495,21812.985613171244,67.60744208551682,36.15712561076157,8337.239419516436,9.147274738165116
1364,24448.023446151423,74.95368577374379,19.88053715626256,9016.07311942152,-3.0103546396009766
1832,29145.783460320115,103.73198962420368,23.43884211184517,11214.074502290612,6.986749275183406
1341,3264.008847482052,70.43238078706885,24.394825902452343,7992.252840861935,3.14487659212136
1499,43173.00741576344,69.71404558658152,6.631080598978404,11034.26075389862,2.883395427607887
1656,43347.22899405172,118.88149884789188,11.439462492579416,12222.204880052595,9.425262213639687
1510,14142.741873068517,90.80762004822816,1.11734997204481,10470.678533516064,4.088121963528351
1326,44003.14458493279,53.07525665413623,36.61921037442411,8273.151767012036,7.457767416227771
1216,37285.22090217167,84.88764000395133,27.57322474129985,11467.104643594716,2.7171587331354488
1300,24211.25125190141,46.70765660301462,-2.91396801503086,7630.081913116035,-1.25219949117366
1131,17453.424833931575,27.46505549801988,19.72243525440625,6403.794013342369,5.417354071871644
1803,20029.00812064589,71.62222522653113,10.43831806320817,8115.016299209028,8.847653566660059
1069,26767.50388002032,111.38185177367416,31.68795446776341,11357.84008969333,7.618451434151133
1251,20684.78302439041,111.49674240185551,10.471003952508076,10829.123948091592,-2.02454590639873
1414,21069.89237304669,41.02863337265884,23.98675560704028,7935.322496839981,-0.2466632140677465
1786,10235.85634381498,63.3212959466034,2.458315005545765,7204.664499427682,2.753210109605165
1444,35419.81905729392,25.396307828383343,20.143997034207644,7826.598632354764,3.574049428540979
1875,30518.61949023348,119.475733139866,8.224857964909715,12699.46077488306,-2.092788283122076
1181,49595.88420237898,117.73414894415228,2.419979006313075,12588.15428537226,-1.5498148997725316
1166,7148.085789703262,77.94107156489368,22.86666161214052,7781.163488306704,6.382466035531547
1090,5775.543601877541,96.5296871612968,23.73885400069191,9494.122606332416,5.954761250724136
1713,25845.021726876443,85.812019354044,39.2509201510204,9553.57709487507,7.588132219433366
1857,7684.339099152698,71.17898628473618,25.109772684750205,8045.121015970841,8.993947109203466
1530,30569.995438227423,6.401759638667723,18.20694723372077,6849.893996581513,-0.3760832164596248
1038,9886.143922583502,54.57172110631933,36.067937938813735,7324.97533711232,7.893924348558691
1125,24201.62504376484,80.97435626008927,32.27263684098051,11266.688193735714,4.990176869142795
1450,30604.44134713678,81.30379366604215,19.69358252980804,7606.620937484541,9.366556358376991
1172,22956.23537284268,44.77471421068603,18.010708498336328,8423.782758011872,-0.918887659648762
1652,16067.266699399532,113.00303839896368,37.38861335721446,11474.357076407472,-0.954927475407116
1753,39137.57252237839,20.08284386841372,22.770716978151885,7335.828523187163,5.5644017303909
1219,42747.43541385947,60.04313354586727,27.12006261262781,10245.3145883415,8.926161610574145
1637,13974.686728903987,82.90607718609874,-1.0994431033758594,10888.592475963032,7.368337371796519
1057,40688.34736005682,83.6562967070171,27.323752956216666,8960.699193332941,5.905593366900343
1659,19642.53758993197,77.83667481225787,6.910682899300745,10564.721262669584,0.8096379708608241
1475,24432.419560776983,33.03458561422322,0.199206544283129,7236.524544230874,5.7665100205296085
1455,11664.309422933173,18.74478824239464,33.23497489623894,5480.595628702006,7.016433646462216
1828,31323.616410504983,76.3128392192053,26.10359889937357,8918.560240359324,6.299285196859065
1894,5136.243167169997,71.91625393673253,13.340394050715869,6018.73099467247,5.152161974291845
1360,29622.712545939903,21.52272123470892,14.413752679362991,6258.4761127134725,-4.293031224639456
1934,49486.93228350433,84.6166974684676,3.8702974994417367,12009.032638531153,4.895723996722129
1000,37697.96873040885,54.62063900803877,-4.570205204017614,9572.5822402418,2.174419832243656
1386,44762.46150085781,80.13127099237835,10.721161280621953,11224.684805121584,9.423539073245284
1972,23263.357455710484,100.48404957241809,1.6786461857163495,11721.492211475195,4.107848250656065
1347,7191.056481086334,20.367411429230778,13.97770580592919,5248.08613572267,4.123408843529489
1189,14494.248501852097,2.297384159620401,32.52212895684813,5358.01468531877,9.910827810546248
1504,2546.580743484686,93.4923103674944,0.1639463531223874,8319.952932382257,-3.5961831532864186
1190,25140.36752410473,73.16369101831391,-0.8710879038734092,9080.3856818108,-0.8552557234947065
1507,32518.376907478363,83.95674835465461,35.59459989845029,11453.855314094028,4.841191584535384
1368,21281.71696834672,100.57859699863712,28.531280309724544,10215.29916889402,-0.27145615948438
1408,28203.924459281567,96.33731217894008,-2.6118560472084464,10384.882134070367,0.1922522189368285
1823,16103.04219127482,115.31041763145896,-1.4193281634087285,11951.474509058826,8.389674096956629
1928,4384.318888879144,64.31220946225419,25.821590266701737,7163.283735812917,3.690308575596948
1933,21656.749722865203,58.619475919188645,11.665489096645878,8026.194528258088,-3.4570162579376813
1116,27435.109988516047,48.22646398688761,27.5877982994999,7327.450848413183,-0.3370612140106725
1133,49133.47617512228,18.442925141304546,13.200433118521495,7580.5292318846305,-3.859124352508729
1057,17428.94288916057,68.71286794584269,38.55040092945254,9148.186502419116,3.341949001707178
1555,33920.70590810214,33.24150291911745,26.2487475517293,7916.792175885145,-2.4009770543601547
1684,41148.95961399612,110.55690146555706,-2.902290581944631,12635.858466576168,7.8567272503765935
1671,16835.99731268159,69.9828965132517,9.87257986948148,7473.466498977178,3.6597103968474975
1172,46503.56883294416,71.14082166097322,20.36227837612132,9123.248809194416,-4.109365371033579
1828,17007.68122978049,42.5909593052412,1.384313719016081,7229.867598561066,-0.4868650456352155
1814,48493.23505641621,6.2387222373248985,-4.886586496611694,7079.142602247424,4.245065008541902
1148,207.6302018451153,3.8092518447586334,-1.4311340455227666,3863.364073856618,0.0324747729074239
1079,31745.24883709507,50.8002172983837,18.59185649632756,10474.609834532384,2.697650028909336
1885,39517.319762732615,10.147845371668542,23.451479089850693,7145.147517652816,8.640434420241036
1212,14075.014906019784,72.8216346648167,-0.8193480937604383,8259.100850237402,0.2505395575941751
1202,5940.808657809395,105.7167606767589,24.9320435757526,10373.907715685336,0.0380929370468194
1763,1315.9852001227537,105.94977798224666,22.77058707646041,8654.577923878483,7.296352619690481
1228,3812.9061244858,79.08544921586788,37.29536419050682,6912.740203047712,-0.2186521562484511
1675,27197.39873387542,25.34781977675172,32.83039712030215,7888.7082548733215,-3.830624837894116
1226,41974.45343692619,103.55961976306465,37.44588386825343,12342.8055953723,-2.285825686437577
1658,3250.2301767478816,106.33121223758498,38.47484304205448,9362.212608927202,9.232003761944515
1531,5747.700858795258,23.598430194355046,14.83638411908299,6592.314804239546,8.999391888665821
1440,354.6398054932452,88.49113029248127,16.955980657510484,7902.886847811433,-1.627818638327783
1401,14185.642198302554,34.38234587125476,7.672988573009546,6379.493814446182,3.3025280964802874
1046,46070.19466694146,96.31683748235156,17.879458116767662,13041.778400980334,-2.939478493654957
1232,13886.771093378597,119.66854798843232,1.7821614189645354,11202.062532845785,5.120164427673037
1304,22096.64090580673,3.6031206395271376,25.21439323411891,6800.6401656784665,-2.22041305985284
1525,9029.97404800742,107.68390389491184,-3.878035940073671,9506.591440043696,-4.253143656175941
1142,5902.598367695765,74.71566403183897,5.603249032849739,7433.350547422174,7.373452108131989
1414,9201.482885738627,116.80591429977854,4.36322641860918,10471.946860235776,-0.1189942591456141
1512,10600.598420645663,55.80114210317132,37.20500821399243,6063.431018972121,-3.372163946598545
1372,6601.412406435262,101.68655166856485,1.5205788268532112,10621.08824247975,7.508559262933378
1565,39598.49527401331,7.487288231793268,35.084895285239234,6223.027064459996,6.435962163192226
1885,23914.557355680765,40.233486009395484,0.5961199615673696,6250.148721212929,5.256376756479522
1258,27034.49443531832,8.041984530145196,24.281409382620808,5764.548967103917,8.668730647667939
1655,18795.063707098616,117.04117601748848,9.394868567800216,9949.667936253529,2.338391303059528
1470,10616.067758567176,98.0368688726204,9.22010658461462,7580.455793603624,-3.079152536198034
1952,4785.6930606617325,102.30569054951646,39.92219950546593,9569.041426011632,-4.079803851573207
1970,3888.692582922975,112.5558277720673,5.171928600681584,10554.435591626436,-0.2233847306051206
1011,9338.587084709972,10.212418334374242,4.115203057049916,4204.434068407388,-3.6975375479387567
1329,42523.792045599934,46.271711101600005,21.52006370940836,7828.101049945969,3.03264160520628
1735,10905.604959963028,8.524186685280256,28.333857866285783,6011.429823095719,-4.782514732652632
1783,17805.497625881995,25.29517218600344,39.21270355855514,7179.7548788591175,1.6564495226406386
1967,28680.307023133188,27.52389324452068,26.56361984068573,6522.221976310432,-2.3230956521962187
1357,25619.51393993473,56.29286532570944,20.284197981268427,9995.656588974003,0.5240206580073723
1971,33324.44942360275,32.22746009443711,13.410927299113943,8198.797850571707,5.125511121560336
1407,9796.309994597625,12.117372818131331,21.780076403769986,4562.120342514271,0.2644565657605229
1667,26250.041542422176,20.098930691292924,22.037574853871128,5334.2258605132165,0.1200983080032287
1372,38410.68305607018,17.673067626250912,4.797017223894569,7279.78143213682,9.86126099259253
1007,19436.59704224276,116.7692157494758,25.204385269021152,11336.737776633545,5.782220840894293
1121,48597.53047956429,91.11510083021685,4.199070579898184,11916.13300210442,2.7079256777507705
1347,28939.676701347453,116.13137583234744,17.04796705279116,10123.246229274107,3.690634764963692
1675,33773.84523515059,52.76885838094903,6.694128068346053,9805.625996453491,4.302739472782164
1089,23008.478208782224,33.40421779951879,9.076046067838798,5765.425868231176,-4.631369015887371
1647,42906.75711324146,95.7951836651024,22.62446589982134,11651.927390406225,-3.796031142121286
1697,22629.19750743472,39.150470164937616,-2.098169836798988,6840.128403448995,4.737840270349777
1315,47119.78764787255,35.926004844641795,-4.458433310409765,9461.888521257124,0.4670328827247054
1177,15443.77809512761,27.900719064939743,0.8779004296439634,4131.867881325392,-4.168339396521124
1539,43304.38834702922,15.561477386908242,2.591814013352389,8116.726922277657,-0.537301309225608
1731,32003.723366451253,30.77556732201192,3.904283562053527,7403.067454003164,-3.045748693679147
1868,39972.828003342,42.63836981686652,29.82689815965159,8437.874440901627,8.74470763339482
1040,1981.2941011867847,80.87930497748765,15.10860851670454,6538.1338659548765,-1.9561191117032743
1739,13936.254622487297,7.507781066334189,16.147126022992246,5270.374068136208,-2.844632039089213
1703,42369.23480503232,25.26083275984116,23.995037328499457,8063.301683429034,4.392532256329249
1922,15984.851301780189,97.08283683500116,27.809894578578145,9082.261047098957,2.8286789541524904
1501,35661.50213267759,17.630630830052493,-4.842124270095378,7872.516779021155,3.63898681053688
1958,49610.221847613015,41.117417582702586,33.55264011123263,9613.677562561628,1.5392222206047288
1144,8940.720608468273,103.7590706229768,39.47956812733488,10307.256935720356,2.0075396639819427
1200,20935.542431136702,18.59103733721312,0.4813344507289772,6387.4438028191735,6.681963337706943
1928,8339.822867230798,9.928420274182788,24.29862626456066,5104.938108210168,-1.701167227614989
1723,7798.894080094405,58.1445594096013,-4.891381051956059,8229.70204461042,0.9479395424685118
1460,31688.83704252922,36.29034135342437,-2.793673122143794,9087.85037251283,9.36738077391924
1731,9649.664234697191,67.6090037380625,7.825045903872489,7498.406221591854,-2.1502144822093223
1751,24184.432051963977,96.45658685801702,33.088183798883534,10247.258158780956,-0.5933960743719942
1924,48899.27953373626,16.45781857832918,24.362540564698183,7351.484975989672,-2.126496135710142
1908,16723.161153734065,69.6838901465142,15.06194193875471,7189.879535206823,-4.692567554627965
1557,43694.12934960458,60.66105124678367,14.736931312107677,9846.287602591492,-0.9525511243749448
1546,19878.616564763004,17.289454321583946,15.9724108458907,5110.691123165178,-4.302988310566413
1252,13216.959039560845,74.87981826347789,8.99648985104517,6744.592922489324,-2.6797231039005
1389,16878.959985475572,32.836850143292594,34.497153293148145,6644.081051287306,0.4402310510142202
1593,6471.555219455171,58.540118225281496,20.55411090399088,7260.333612135779,-4.6891817439656265
1882,33981.35928209277,9.872678913247428,16.777748358663377,7294.88184245582,6.294348488960749
1255,25500.09523984205,55.15008686563477,15.928447142069675,8688.909004108897,6.933835206543202
1708,30730.14011092934,36.77561616513844,37.112191010407415,7527.262567185679,1.171207036275444
1814,15224.329608733073,98.68574534224253,27.56478676988568,10449.68052400368,9.76998969061404
1920,32707.901773944144,6.837447239684193,1.5166549622463543,6793.488994045128,5.184908722115488
1449,8313.484525753209,50.2328729901996,14.663657647446929,7802.935991793694,6.155826219711235
1009,32658.38852845981,55.01177089577256,7.97674946865355,8319.15443056317,-2.115493645007999
1823,4148.79409339527,87.00072915589425,39.40908959785732,7873.900648135658,7.561564342325701
1797,20073.630462095225,68.91450901082533,13.692806784093136,9720.77266939362,9.175695970322591
1241,30526.677130486656,80.06548046330172,-1.945845363659794,8910.509592125676,-1.4553475013931232
1250,42780.3454759996,93.24591427821072,13.504540065826196,10949.236322854353,5.296964415795703
1876,40639.50980213245,103.46435683898264,9.460762627267089,10798.344360835075,6.2041157299499705
1004,26394.80884317764,37.66505960669646,21.98121911852116,6974.358945549421,-0.4224624228567641
1118,44180.19779867034,64.56272464366836,5.173517885306342,11200.84977888418,2.125135038584446
1800,25344.55796609677,100.81296941270398,-3.3811857635278253,10239.168913831678,-3.5369135962891383
1373,25906.61910951593,118.73413571580676,-0.6853831178498888,11548.53239597442,-2.4035779406073807
1064,36055.62696919963,106.74231732525158,7.741641529046442,11439.400680362449,-4.076442145292079
1145,43901.3379062798,44.57607151492522,10.674518418989845,8482.40947492136,3.4024823581794053
1223,30175.553164975063,23.41998206623805,32.55027430201298,6453.783221470131,4.378943459159041
1238,47215.16862039072,58.72710448879064,7.153135780647316,9571.384544015766,8.741793751505995
1176,11706.044696025428,88.99697422032507,-3.582812593577924,9762.267560114,3.1327721593540225
1778,46223.04050871652,59.10828849039571,30.13300674412844,9623.802357533958,-1.0908294378785008
1852,11160.482466536838,57.98170359764022,34.10129065400332,6403.114397281132,-4.107896801133218
1281,26368.133307534816,100.58765052981607,17.15378068302375,12449.516773618623,8.274295791262553
1062,39821.98663157593,43.36845348806237,7.821725384041184,10045.505503191223,2.182871177920801
1216,40099.04994811072,103.17536097739747,29.74629460532872,10519.770108472318,6.0598298416348175
1853,13980.147182256273,48.816576114206825,-4.599571699310428,7937.003105674134,-4.780259771066166
1826,49296.17149280241,39.387972681400726,36.581270309855256,9940.91348872139,2.322083839966264
1794,4122.110763762291,54.47878934396388,33.94892401947901,6657.162667110268,-0.1141606525025213
1688,1835.6590785721728,91.49363504098422,19.517494447967607,9573.421885342515,-4.5450309107925975
1460,42092.32000628232,15.120243343679313,7.491153455940486,8402.350564937484,6.635092106086875
1928,40969.04363771147,23.570305904642087,-3.521980276295105,7916.980700388936,2.6935247934041984
1609,35669.59057602633,114.17337907957103,39.9920687588588,12029.239740010738,-0.0022963551330361
1104,42553.62380333487,21.058995285762883,29.29331753674078,8378.87736445089,7.08697725861099
1098,6964.206885744952,68.12727815172654,10.241944411367127,6323.262618201135,1.7038517777524973
1510,4874.808491994988,69.51773599943255,-4.132761276254694,7615.689469615722,-4.9475306544754805
1384,48473.191392235385,58.75493544602938,23.76812778073469,10120.49046391452,9.166714480574882
1404,31249.47584034802,77.36942982921823,39.4106802588263,10541.210239756576,-1.1647588930642176
1822,46000.3526849373,27.57920709571421,26.818271888470026,7464.563086888369,7.458632830950121
1517,45331.516888190345,66.31947213320979,-1.232851614358763,10181.22627449792,7.246230761219095
1475,32691.67798453805,44.660790629627655,13.102526747810028,7452.219932089333,-2.5643910295890304
1976,31460.87819518988,79.40007115550269,-0.0867441772598862,9615.59814880654,2.1100402182216493
1708,18061.2956182766,16.946825204777937,36.04722473204264,6505.652703504914,-4.397015322522606
1862,7540.591792004417,68.50529002073715,9.868651192866135,7345.849466619746,0.31827509332693
1644,34361.58713852619,22.232442645998844,28.0019438203302,6567.669233004388,5.964682650544301
1869,40911.24244032518,33.437167573804366,-1.188933889590202,9611.958934117132,-1.443957948344636
1770,27276.725126871435,26.24517603882999,0.778661310794778,7653.764034824117,-3.24308103886535
1436,2638.370091755812,21.94053358425805,25.57694479228081,5932.62191145447,2.6068532640251343
1022,7331.393514119086,99.08531418728003,32.95659767629761,9641.962813480292,3.054795765604481
1996,5187.820886918913,34.28490811930684,4.065248034907553,6912.9022963771895,5.137433969817371
1564,32925.799266587266,111.25485382373392,13.825176069867856,12700.075012222534,6.387066202038861
1676,28282.97544812972,116.3911830414229,22.8737665616407,10109.43364747561,5.437142968969827
1713,23378.364667789665,68.55125639245168,30.832435266712267,8413.13144312307,7.681183124422759
1457,27216.08693945814,17.160134719887168,23.268847467067648,6082.815763738257,-1.6564030357694022
1082,13870.14663347747,44.94578920554975,-0.7058335710840478,7301.998071907544,3.546501193247442
1144,40255.88585893085,95.72787160178568,19.42686977503378,11434.264388360789,0.4014303613198775
1084,16494.408043488034,44.08688744364846,34.807300666445656,7336.277951912305,9.431685355024634
1077,32250.629574922747,10.44206619633465,34.061067446079285,6262.202216762011,1.6041928512223569
1456,19604.62490693568,66.81418931138255,21.325702348793257,8719.91436495192,9.39570899700335
1877,3701.1095961524848,101.41450217952418,39.80632930468775,9020.156923949393,6.535984810886589
1000,12921.876078617675,95.51116645722028,-0.2694324927040066,9332.904116112652,5.776957931030486
1050,48258.40653703387,21.01477681564239,16.536791082624376,10268.077964917684,2.373455678827404
1684,9607.80231003037,80.731753729496,29.88056377087332,9210.795395066169,1.6506720138340318
1716,5335.941808699256,26.460511612277653,1.346715315137165,6702.95286640877,2.898222812776104
1771,14628.494392126477,26.184904146260667,38.773739266728455,5238.302501506416,-0.5955040560957015
1445,43908.50280743634,104.8886127966222,10.932094533264024,11503.872109560409,8.567649097577
1448,15370.718573885311,29.96027432882762,10.75628892903659,8553.069168154456,6.914959828980496
1880,20927.268967497745,31.58968158216134,4.593743551354278,7854.756036120948,7.0209378148756585
1487,15572.838372988144,0.0784068913559465,7.9607858829967455,6744.544881818881,1.4973039317415413
1799,49449.78077896353,104.48028409506212,20.99150050328938,13937.638641184352,-3.933665776336744
1033,49993.76744715055,95.11137758509616,14.320943007292954,12101.966088777304,5.246159768894179
1347,24190.36038719088,75.27947221088137,3.702018024702859,8832.165449198663,0.6162037595711762
1094,39262.80290746914,90.03189167266108,31.41129731424112,10989.699596814964,8.05645468676238
1071,11080.985894563031,18.24582809093901,-2.199231179417315,5641.036487538147,6.7050765767479525
1550,18777.327820038787,54.99883135050905,32.55937350251223,8627.03000112457,-2.820077870153659
1153,33999.04960429404,42.146326481853706,7.372242609156061,7911.862622780234,4.025735958077714
1249,14387.787188202976,11.25318315084198,17.31564998931873,4442.632633642358,5.383208888907765
1673,11312.467268373572,58.33565822579089,12.147904236477633,8365.995331891147,3.5220636973654216
1437,46119.67031157646,110.48875804111624,20.67709510253713,12738.584292099093,2.71063264232892
1117,12290.473987492394,4.807094286083338,30.81954978130789,2744.1316105305687,-1.5820538749108808
1770,3057.963165149603,34.97530961925526,39.51939070636128,5380.009590808208,-1.4613973336822346
1890,37579.29189734338,24.904912344684416,8.772661554425571,7131.768212350985,6.520122079638318
1305,12239.08756764719,28.57759843988356,19.921198556359016,5752.054972855372,-4.719653216546643
1267,22564.188954197336,109.01214622552504,15.970339694874884,10360.451319706652,6.683650940583645
1960,5666.695994899307,56.16828650811482,39.95176716909043,6337.731756605752,2.9019810480870865
1053,3518.9273624941848,55.95592955277826,31.4011133724752,7229.223749832208,9.04333978577254
1235,23076.23901955171,91.26907709463389,12.868773636108674,10643.253455269616,9.959823215843846
1388,16920.70827596754,18.539064480591097,16.45955750234409,5401.2651875192,4.952268476634421
1989,25345.66882390695,58.4718424920061,6.0680467491967,7883.794446838066,1.1838579163020544
1733,48292.58443748408,51.598225694527166,28.9861293886972,8238.434973896563,2.1262886284104168
1762,20428.6754837724,71.62928286559874,33.034530387029896,7777.673780421092,-1.9367685852273848
1824,30172.589476768782,119.94692439005264,38.42440706303142,12038.774884009876,-3.5114851401277845
1400,4970.009576856444,92.33386728984566,20.462300356800867,9257.886983662083,3.6814508995320274
1623,44307.28848924267,47.74388436209127,25.18073510068477,9374.54981228255,7.08242646949901
1766,40312.46906187536,99.30636627288564,15.072647425125671,11797.773542196344,-1.0735022340618017
1302,26168.109579112577,20.485003597497624,22.410782965193967,7038.698415921271,1.2947921536802474
1918,9250.506026403871,3.655642357075215,10.693706360805889,5048.26924046334,3.321604926654711
1206,21354.90097744601,24.533804695712767,28.196010243428766,6071.759138844673,8.61846729955086
1228,14939.461395841536,40.84938673371116,-3.978483541053017,7299.706795189996,-2.92053158506916
1852,49726.3860941198,61.26969089514719,-3.7194417638607375,9513.081097674483,-1.4467524690550606
1909,24592.830597817745,73.81549686494398,27.22544005839692,9811.845362214804,8.777956776786771
1577,21169.43193875161,109.2726860657306,36.88072614063248,10125.062571299672,-4.406966102679623
1074,8536.009973887321,61.18248114605492,23.451202049640088,6608.45069268477,4.841734510897879
1434,12031.536573539332,60.153077355087525,27.69377345516636,6664.003707491426,4.592888248269274
1102,35608.226937971354,6.029161178757856,32.07704310481754,6744.703774969057,0.7488165044884596
1421,26791.975695478708,4.189386318746857,11.275341900861076,6318.067014745005,2.022470185106772
1703,17965.762503964746,66.13919542996464,-0.134885409826623,8900.721428290126,7.82376927220842
1763,14920.98292528522,52.58143358980134,36.989152926254334,6842.093801770185,-2.525269049798313
1737,10116.938287557694,100.70164739763584,37.23567542510981,10321.29219716726,-1.5264878258160937
1805,1791.5048535324486,19.28155016542142,14.882825000743557,4288.672969493141,2.6852561715983567
1305,48859.7834335085,2.996599454045952,4.77263456475762,4208.775889022274,1.1461813450004517
1097,37680.206510440425,53.88465215161511,35.15594722464951,9052.604738478203,3.6155874631777536
1849,46400.75367418852,28.4974268102709,26.879201368836394,9138.357855722368,8.812587791406937
1797,20686.288233075,5.953724800660494,-4.629724225386719,6154.3178419478245,8.75653026606755
1334,43482.19924072852,86.95179442171548,-0.1526134343412879,11819.785772614205,-1.5497249042751235
1858,12886.87110329971,13.391159994869696,39.2439839247285,5916.198193790652,-0.4678308072673935
1434,25540.757213987035,72.9983400009326,-3.2842319536334896,9474.549406699598,-2.568969780544552
1446,10203.724048717368,33.7259700200267,7.7149754663629935,6569.593463120208,8.916855571958896
1993,38539.82455025679,20.819526042602643,19.68233551177613,7789.142621591752,0.967961952972928
1307,24930.34014595952,45.5701827503181,3.2960027292495493,7316.349662570011,1.7455771732551577
1248,26860.01962589961,96.17349314675444,5.442433886333154,10648.730919509757,7.039611711661895
1165,42986.78602220793,47.05122922854872,10.883536895290096,8485.056151679624,2.694602092154379
1480,36986.94913157782,90.09235790532668,7.129942074532911,10793.116115064637,-3.2036677666773183
1983,48316.67124095936,15.058355615898083,31.151030256400325,6462.725307747269,1.5677306416404493
1334,20326.26635921395,92.7325703598095,17.512351302667216,8402.295310665173,4.4578606491794766
1541,23126.59065131235,28.43199898879784,7.537906640992469,5820.101826459235,5.788136316355546
1758,30805.40041941315,81.28717558666473,9.089321507261428,9601.36677896123,4.680277791743409
1105,22720.29132955989,67.89378658091957,-3.206076818538588,8521.166574133656,-3.212289211514551
1562,21038.80744544787,111.49736606540247,-2.777356571860598,10295.60172612808,-0.4348321225727254
1080,17094.529922304537,46.47870215703768,27.305840486149783,5791.830811585998,6.00346967444823
1132,41611.02254442192,7.939822660132854,0.080987668200132,7105.530468729163,8.20285291504112
1796,26721.119245770675,2.2986582661503485,16.410854860680182,5071.893286736021,-4.292203774066104
1899,30409.41614596061,99.22302731673038,32.90645392851086,10414.13122011062,-4.366563378950342
1137,10283.36914248551,62.96827651937186,11.580407757724052,7808.207530895087,4.651067940085936
1183,12663.646372516445,93.02928622019392,10.558850215481767,8392.009747973068,3.2206923124492146
1400,17055.681100197948,28.131072001381764,34.28717241041373,7301.242040850838,-2.66991424223429
1329,23321.91191777741,41.410049461588045,33.918267849235264,7536.274641975561,3.224373725454406
1784,2291.9724501873684,3.6124646653582726,34.60615606571277,5430.475648536505,9.617310152512765
1507,44430.728943210655,115.37907894889346,20.73612820592915,13025.08435847219,4.463503305949374
1851,45195.24149720645,80.14414880409761,37.85369231079672,12140.400801097649,1.7371173407457787
1983,33117.82801061205,111.98461053111674,31.853377651781976,12803.75962864762,7.412987319093631
1068,15871.036424380496,31.85956889148868,13.703549212856592,6274.94965851933,-1.8076627152177265
1545,19327.38340264677,73.3756333470793,23.329981387301725,8862.769694120687,1.2148964624036989
1773,36729.14484366719,81.41999619511654,0.4805087241239363,8217.549531238501,2.916518377162711
1052,14385.921173465644,38.10596403091061,19.80994836778832,6086.459567922476,2.568098380761332
1449,30485.009328390457,101.7731082018756,6.84170875994209,11254.611415920906,8.814587038167286
1204,45322.92679918228,113.65937554802974,7.759625193011599,11918.862590466217,-0.6099783912998626
1125,20581.34681968336,106.18261412352052,0.6573204817566172,9877.190267568109,-4.152444189055705
1746,29393.73332174637,88.6880371127247,11.118965060826692,9923.031200641672,8.74565806770613
1042,46436.63037473301,33.295761566994486,16.662564863462094,10292.877466765456,-1.7439851429248605
1751,17095.020138857537,33.79392505267581,22.01594985340884,5088.994665600117,0.6854196096506113
1970,38006.02330110122,115.60323845352455,8.719120132118931,11218.735242497876,2.963374367771157
1882,37780.58060920161,1.2341395122830434,30.65117054395412,8111.938776173048,9.638207058223202
1110,46431.9101708893,85.92599678905734,18.44319827216731,12470.717104282505,3.0290266244289707
1760,42943.60702723912,84.74953950663146,23.71234490300788,10429.544193267124,1.7161495982271855
1662,37466.52636089288,74.72274491397569,7.516462404033978,10524.584660133442,3.7545771927647
1182,31862.11986240249,118.8130615304239,31.63611455555192,14580.215622987744,9.562122398757069
1847,12135.29572080807,37.42553229164703,23.092350275467176,7186.453565118533,7.269168981346606
1094,33565.36876613116,40.79662365518978,33.805693725212066,7686.08858222484,-2.4654779553211688
1970,13894.528960976577,9.472728353586666,2.197821052223252,5031.768186557736,7.048900223563136
1373,22056.978307273843,53.13577638524849,12.129847011894938,7543.13896349799,7.616485897058327
1911,35513.96197803528,31.32582314818177,0.0857282825766851,7744.062114947168,5.360411559376995
1519,33777.2229580821,41.2064042613173,4.698728990697662,8184.852990438884,4.8585018875089645
1899,20119.834735036333,100.14861483067531,12.75463770181915,9424.710103649051,1.6131550127170635
1359,9215.51673020522,112.2581416232995,35.25618584467184,10268.154934963288,4.625430806791806
1899,24258.708458946738,22.287968640622275,20.06683010823568,6787.438480334524,6.063624582283866
1695,13571.648731565483,44.7010717864159,9.86702488214162,5295.165309926307,-3.1576962788855143
1280,12846.180486797315,111.43566745384727,28.61046232958165,9444.046880208203,-1.140050597248465
1194,16406.999913783584,7.417015282706716,-4.114278221256434,4727.675737150955,-2.0887718155055897
1863,35341.26414843268,11.083263373365424,11.654149505920056,5454.001509394867,7.618177553590215
1194,24914.563015195246,19.534918704747525,22.03742634670203,7491.355861927768,5.200038872976515
1666,18721.23174352476,71.42554009522497,21.24567867379909,8609.250258087579,1.7616780936276486
1092,45039.6812283393,18.056672520719697,22.34010470991224,8166.815847448244,7.390836257327022
1671,35368.35564749148,116.169165774088,4.517534416650971,12879.057077219568,5.75172009988766
1945,24783.17608383069,53.60574327102244,10.168561884706545,7711.354565086017,8.703896223179452
1060,21122.289305177663,60.18215524201997,36.9204453451582,8576.619120493546,-3.847895058531264
1633,40962.95187776021,29.599033896648777,38.82889890790138,8768.71579712569,2.6373607231185288
1050,8728.932246980758,56.51523029216802,9.041725809935263,8883.324927027175,5.601218553643827
1402,33241.28087931396,79.42963591644138,24.002666653393945,9956.587916141643,-1.8876021979273137
1788,1148.663415013658,90.14125643448511,5.858355061160763,7653.605241390658,-0.0931065204295391
1004,447.3395818482789,90.46416992518957,11.58379001381715,8972.010672259192,1.2846437697973991
1465,46596.00628859125,69.3469335232906,30.65506135671837,10517.46641793548,6.914884274058837
1603,25748.03005423445,108.52317299926288,17.553042850288705,10699.825097933504,2.403643015857927
1681,15824.359535625255,98.08894167673311,33.23154819286929,9248.847022027046,2.3930504927168395
1828,39755.340594821806,90.84577376383506,23.29331105465756,10859.613507884147,1.46331427828218
1533,49242.917498191535,6.672662601655275,23.301453331576685,8409.68278965849,-1.5711636605552697
1404,1817.2481918347544,0.8253554663579177,-3.47539873334787,5380.791555134791,8.84607303419147
1837,1994.238642901788,25.49367326345676,28.73516616588593,5204.624883620139,-0.2329831901498682
1512,42753.62441295016,79.62283126961427,39.00399375777237,8586.412041582025,3.511984911548508
1644,27880.06850824909,49.3436986659055,16.286285211402312,8913.360287715093,-2.7683039671654024
1232,44148.81291292989,48.28875111591741,2.136100673162748,9359.49027285108,1.5136508814857077
1523,34762.68954099273,106.15042658755364,38.96399521212427,12275.36508859828,8.557052742538266
1345,23582.22401237108,107.46754177582064,8.055664366803985,12709.240771713312,9.931978577658882
1045,8151.161648275883,109.10103168643028,13.413908008172667,10334.788220011367,0.4262778510020064
1545,19554.07123389733,37.66536918180328,-1.518511365431075,7678.300458982401,-2.690141805284968
1944,39378.54011867924,82.92669752871141,-0.0123410438411646,10024.060533803484,-0.2832270990440735
1077,11772.485725846602,32.59598175292436,4.745455175173285,5194.811009033859,-0.0913734741947083
1729,35647.08805014722,22.87317996893397,19.680972929059045,8474.218004455619,4.667631914234764
1812,12442.494498420736,22.155894881684304,20.100514083898364,6270.948979324668,2.442350867418404
1922,23230.36547033544,41.052914503631285,22.280972027929685,6400.194351206557,6.526895923984457
1072,4363.057015114028,51.59491437357861,21.27176306534184,7683.796044342804,5.519549267462217
1793,22804.42309102097,99.7139005266082,17.28566423875365,9880.613505357063,-1.2303691411213058
1248,30673.8569610212,14.38693121672545,31.094439457094907,7052.898434108689,6.763835348286671
1046,28209.57027634881,88.1911016873873,37.02548638182426,11106.266290814743,7.711928003722239
1120,20382.67906837574,63.77458970271664,7.13925999756532,9435.8341225549,3.975852846310026
1213,18547.794259291062,34.5534411211191,0.8587157037895707,5904.087430451772,8.915015638728642
1238,13842.397998046425,59.13835014393895,14.12892822576811,7645.4760482794545,6.744221841018254
1055,38378.49287879962,35.993048373242715,-3.8109931207710814,8057.2945339525695,3.930938603097985
1349,39153.6410748431,71.52983462859672,34.74934931702544,11202.877388303395,8.592489959699952
1106,24203.0747416956,52.0612707426293,5.786781711084586,7056.9467861268095,4.005377203608084
1830,19189.832068237003,19.728663489465447,19.71834833867328,6591.185629588438,2.8178669100601024
1047,31907.40631790516,13.989968946683607,0.179274545341407,7014.448274730731,0.343875106166541
1572,27930.84287254905,65.60348184865562,19.89658026594779,8765.663098031315,8.24294995891668
1336,33396.04777384198,108.2895639943324,-3.245294619416102,8611.700436422705,-3.159092436907676
1025,15370.175057312576,41.27492238692226,29.59630130150764,6228.332863881575,2.102540713261845
1803,39438.643008426094,87.96001286671479,37.99396581897616,10022.572899767209,3.0611999781253267
1256,15905.466261519296,79.03936259277204,8.813922922461794,8292.146383352701,3.321236601546653
1007,20994.291266545544,111.78658971713772,6.619657470443167,9702.223511021692,4.778347457278647
1624,6707.894137432813,98.5177220758969,15.15977372140781,10372.81754596104,2.5869343638072344
1866,42782.92918241666,67.99263106865556,22.898814711266912,10041.818168827458,-1.147727785401094
1252,32249.259943912228,78.84365978809288,3.50331078963136,10453.826517346732,7.854165942092496
1691,11840.824233641624,107.80637599008418,31.14885987682949,10027.147698947632,4.862879917532924
1718,42600.73088473534,47.94225415043218,3.934066600768485,9989.508373991295,7.872817205654593
1302,35269.171098302395,39.215364702933286,-4.75366010073314,9412.56593080135,-0.8593476352943492
1638,22164.794749562243,1.2973300362235607,18.591276261350853,5361.249136445793,4.555853423542326
1055,49493.15728143022,99.18612890297572,0.18173700246603,12653.43766235396,5.7126061761459255
1725,16926.76652804566,96.1176840484038,26.420742642417885,9693.771332809296,0.7510774055175764
1525,5067.52338015368,12.534542172018169,2.5361498140827337,6380.680982471641,7.183661773103518
1473,36699.60651427487,69.22288573592402,31.7821177984016,8954.668932969986,-4.962368377365549
1027,37876.74708488328,55.67780378002649,16.16656597941991,10032.117778329111,3.923796253213324
1982,3042.3587911737923,14.245091461093375,20.48250570774981,4599.776488968723,4.203527055281956
1077,40989.01418799399,117.66818724728682,3.3963324386220286,13107.109191138545,3.007646395579531
1215,38819.48154228731,25.76350649560265,1.6009634888708293,7492.2926846300115,4.450727303791743
1385,46486.858954096686,8.068101610867338,23.40816099340954,8685.222823844319,-2.491597144650947
1364,6015.601215389131,71.38168554022914,6.495727690375833,8094.745968657513,5.271722227035637
1665,30080.396958216945,88.66400125596392,12.3666505742991,9959.544729867275,0.0368344425499786
1525,11049.18482700612,3.893213525662436,16.575211927164368,4232.588772733192,1.7808061386387672
1698,20032.153457246568,79.04611664724266,5.333512251142286,8682.74987827605,-0.0033595400559702
1311,13328.03237221132,63.87502511417453,30.794071475186666,7189.541363072015,2.1090430524922805
1882,22519.95533000206,12.39180106500581,37.27409840090075,4649.586286922574,4.3235383976762165
1006,5732.528788205115,20.702865233563447,14.435192292710248,5491.309718451604,7.575152063433265
1002,15245.42384217846,68.15691567792966,36.28967730199437,6922.491710710851,2.251525864603315
1622,3638.84456112516,35.5629136215946,34.72072678040613,5749.253316154814,-0.1516425859459511
1918,24642.41620375295,112.59788743815793,2.4721252924056607,11485.497248538772,2.319128183880765
1749,14904.492161443652,98.24882753808608,2.8021875620310945,8275.49031120594,5.332054961057732
1362,29556.396735556627,118.02806478163956,16.483227766167264,12268.679999879152,0.2005107508869343
1750,22876.6644528664,31.16050067404968,18.663573065437912,6599.251674815489,1.2142311208510923
1507,12268.269169427223,116.36683593575724,10.35083765435762,11535.347341198269,3.442597255131046
1273,5236.716907936931,51.74806437498695,9.081444092737774,7690.802956579649,-0.5898610425897495
1505,37690.50275151116,41.70225543765056,14.411528041069552,8423.73332397401,-1.8637301068333736
1805,31693.31444888012,6.041943236322389,26.07156766296404,5858.209036179274,-2.8941157420510706
1738,1743.2068163460526,6.3318309431523145,-1.2022865144653516,3909.517138328173,0.2891497468911144
1882,49469.34144253366,83.04135071359856,26.97619015805532,10068.96989792545,-4.274856403429144
1014,32160.26470242126,54.95147933208335,36.68081177344607,9797.445313707987,3.7522379006425233
1191,10438.321258149505,27.18259512433269,29.35780189784633,5695.5267639340245,-2.3613595100371327
1984,42040.79396639138,73.67643675902792,3.625458535577158,10100.377885398457,0.6609218849506417
1630,44116.82601815164,30.34297419001334,-1.0633465050286124,7030.465687659986,-0.961657769024412
1484,28726.90129988701,69.31581052133072,17.067118404529253,11391.992464911596,4.455849495126241
1027,44290.05267402208,43.10504963792284,38.03827401305442,8706.208420218034,7.755184922002995
1713,1555.6709948216323,98.82626719341827,31.857667932496938,8593.772709941988,4.499515644825175
1038,47263.81888725194,98.48353929201352,20.32301375558468,11657.536099245635,3.137573930100908
1952,2954.4603429380827,57.28204777468816,1.434164053791676,7381.424349959702,5.036256089830632
1272,32155.264191625847,42.09829312020187,27.1226551950218,8501.45654005083,-4.550140433597003
1230,17360.14238329602,43.50717558709135,31.58492073734041,7614.108672803323,-3.157330085568204
1085,2061.686337163648,96.68574308018614,37.07811113916294,7809.906302325479,-3.5760914604343363
1473,46471.48651606548,39.38153793571344,22.545230537196183,8248.060732928427,-3.52704251376824
1125,6854.347196844831,25.087124844821524,18.150961659043386,4332.929602453768,-1.09274427205178
1811,42701.83495245655,10.16260102503682,22.863191960545567,7645.992007000949,2.980783905748078
1536,16584.21594989688,56.00317450612901,37.446362709634506,7940.829094417979,-3.2797763201487933
1144,37084.0837365891,57.855851870381024,23.265718877797788,8800.157389751497,9.02674361784084
1524,12785.617411426112,100.90904524834886,6.591633222716842,10207.29585224838,7.813852039816231
1211,29213.35349261005,26.54864357352768,23.62681335740558,7967.218565706868,9.57466530749473
1024,39997.73497653245,45.71895284020799,34.588505776069965,9212.683205631623,-4.362499323672641
1579,28352.373533473587,97.00868866724292,20.51509128682076,11086.361517379604,7.771036706339744
1393,15396.97292578397,98.83483328987684,17.621447260436835,10217.808859912624,7.056011131622341
1066,11748.44312217052,46.15332911745219,28.00161622761316,4882.329393113863,8.531587969036906
1232,8822.799279409557,55.094882794401705,24.74449128151655,6741.795694442473,2.9191625148971303
1108,41956.74484995802,36.39430690191395,-2.449058047083999,9620.654959701937,6.818336061635101
1145,30586.03699420189,111.90658541031743,27.639001340384382,8584.190614015259,-4.230696809860214
1110,25483.028445396823,14.237251888989636,13.339724353873804,4852.630956548675,-3.861833157740168
1227,12554.076123053925,112.0499307601764,37.34042260138317,10058.781705921452,-3.2220163857561763
1110,21744.28710217948,82.06397422024119,38.68613447883436,10131.508693831152,8.72183294947312
1469,31041.134136897344,63.78865832240774,15.19324681560476,10120.6944874029,-4.0824597591732665
1033,3686.89451025114,3.919087294139505,38.59576809960652,2526.825235975099,-3.497757099513336
1622,18099.675335339165,57.071543018641,8.986923173019832,9845.862928453427,8.956156039442906
1775,12051.232222215964,48.92977260032787,25.718998965339,7982.010112277488,-3.3891112725158274
1935,32361.093822482657,19.346257437014707,-1.6225380000762062,7375.1224866584735,8.046344480880608
1368,30352.823497303467,78.76915242007883,1.5245206831951243,9779.356635787644,6.839061820934296
1747,15040.833182794027,116.5381088841943,33.903665607001834,10730.587081265496,-4.395770172017686
1594,2177.37303313257,67.46265732774302,35.22028176836336,6839.713967561855,-4.67228904665555
1553,9222.35626525844,85.7703931732735,18.96750363863851,8626.723025567717,3.015825752703897
1424,8087.097572185989,8.214054307922014,10.289804212611187,6885.967873508491,9.957631056501508
1612,28462.87731462261,50.12003949803937,15.296076929377772,9170.62567323209,8.182452401484797
1517,8547.643672083059,13.963018219739505,34.13310201150952,4479.367902346723,-0.349618499430731
1691,24168.48427821762,73.53550026438126,4.494704017941306,8611.302966436102,0.7946385117310513
1281,30764.988982426763,112.61785898569856,8.269160408571837,13636.25591503621,0.8185899435715163
1319,43990.3225916857,79.41332789659663,30.34493204137455,9587.891737820366,6.012682238575222
1737,12326.875392372169,9.216365797730584,37.08712506623871,5204.671799906089,0.1169912899357523
1442,9377.055518838231,42.55994459820994,-0.8182696993023066,6363.059879960338,-2.783044079371089
1951,8745.366273339703,66.07960553290218,31.16975356085331,6676.354489783342,6.206611128753256
1314,18085.422544652905,48.38493073599027,24.028073811932096,6497.994270076172,1.8702342736765687
1876,32494.142843995185,100.03728125702068,5.3847195008822,10421.541820203242,-3.8483191447029954
1965,33625.93479391458,97.7605205651987,29.01177384991456,10833.820997368057,6.850784027380911
1740,10626.998842765548,73.41972241238658,27.756222924969755,8957.549512572881,3.77966895925344
1376,6648.549247855816,44.81495341592463,1.3913415197235135,7388.230972970579,2.3405398790317644
1288,22489.02889305563,30.640364851589297,17.60129758351249,5580.554801360056,5.100147507209197
1436,7145.444969618994,12.70491818557552,29.123098728279963,5429.805878201663,2.580515242305494
1661,40664.74517299211,42.587722018386486,3.619485706351563,8285.590844750819,4.726302219827488
1276,4285.684229514011,49.58070206492634,15.824471007602655,6554.123067643856,8.012328180479823
1709,37629.45677677001,81.09875101248883,0.4333506112890131,10600.891602053269,4.20271552166688
1581,2228.130984338088,78.97917891570881,8.807571581840213,7504.5628353225775,4.894007467814124
1502,40368.50738815023,8.412976756950833,4.807520540569039,8533.58408164392,4.207841041310122
1623,31394.868611932667,47.43111785173893,17.728200702618516,8463.739514398118,2.9676966644994494
1515,16186.41798232848,21.81346406608343,1.35469006693386,6844.743053367037,-2.4204138353679268
1349,20335.37288875424,18.81752463801668,12.24178399266308,5927.44548889938,0.0351646533829814
1842,33713.500303809866,99.27625796846952,7.382330724354674,11250.422679923624,5.3966345103718325
1445,9362.844385665556,5.029826005950904,28.57220113931396,5149.361393383246,1.3821416005266576
1829,44527.00138756291,50.30194510825456,26.48513979109047,10377.39285758672,1.0919351786653486
1349,24196.067996175545,20.184438691982184,-0.7281261650469757,5283.750486071134,6.38903926195837
1606,38030.96077029382,105.51962588141689,37.906774954506325,11771.230619865004,-4.916467090645082
1663,25384.13168614434,66.84486159300421,28.510731313604,9234.927052917008,5.184917203680078
1822,22668.733500401904,27.765676365221765,22.71814130864957,6567.095118986305,2.33839765735023
1136,23533.81656164461,60.291274459965166,16.496567265310812,8880.072403053504,0.6514387186952817
1758,18219.923067594864,87.7783631643739,3.006508934444753,9079.900974599625,0.1080491736038444
1898,36664.43436396091,114.97416107033206,38.29071896440572,11736.571812779244,-2.406867570272457
1242,42323.00694270412,26.45352050945027,-4.646373048391632,8798.434393337584,0.0137812412290463
1542,42734.393548881984,106.3418126555214,26.16165104034449,12585.735324658232,0.8712770816555926
1039,6145.171125310449,112.11649370009884,17.834994604223432,9367.67176869332,1.561733791372523
1228,38092.25847699637,109.97046534384796,35.61618505110583,12911.471349282056,5.084509580162914
1547,10077.735523293357,76.24972282342918,12.13137757096492,9173.920160163343,1.8035652913450744
1919,707.6994167261784,75.57847853216492,18.338998853557783,7785.086099036407,6.944264563350259
1222,13845.405860434408,48.38527598205873,28.40527263610237,7013.3050806712245,4.596069960675617
1005,14714.143051774696,90.28774587645457,-2.8595055504864964,9013.66089656103,-2.1560438075886603
1321,40508.473798763065,63.75528220211183,-2.5486141538740306,8559.551635852062,-0.8424024084422985
1467,37145.57613061421,81.29256854739533,4.525273697706794,11632.526137089497,-3.811262203379218
1731,4325.760057377882,51.41494846185545,1.589106258815292,5420.902532552615,9.185826323849833
1074,16365.4692586072,87.77957568517668,-4.710043924974821,9572.869275248597,8.298257218439
1003,12639.862349340256,98.93658211254588,23.03454199477948,8535.99251912588,-3.728056618235943
1846,29813.21387052307,17.572350792337936,30.817208535520336,6273.477739348631,3.6111402377119006
1645,27121.447465244688,99.95156586890737,38.0701739351016,11695.655055471272,9.406027282912278
1117,33977.74899830264,64.83558381483687,14.84051429523632,8515.942676632741,6.207141849192336
1880,45545.41861605101,101.35990909082692,7.587429620870575,13039.116735739512,2.37718290956009
1605,21111.57052344653,51.75620476092176,33.87561019503239,7517.972112910097,-1.3834551664004775
1503,32830.60814388392,45.484858245964205,32.99780257777265,8016.181467775185,-0.8144438737805659
1997,45925.78933777613,109.80728790206668,23.11794449201665,11555.399196789893,6.043569320070411
1946,27129.861163084584,30.14031210580816,7.291706738887058,5782.662992913217,6.708629098657701
1573,15483.220904507256,101.30547903433715,35.88329177076705,8194.923207874483,2.9303998652714887
1440,20204.717705006933,58.08246870112849,3.0280601511300578,6689.587119118848,-3.185769477249428
1193,37755.2214672304,61.691453106151165,-3.0359073360341475,10233.908765041271,9.008025604398918
1846,36028.55678948946,37.016193778738085,30.8478228127314,8237.99237104801,7.671441018501023
1714,37445.92854415891,68.76506407428188,20.364657719550635,9229.93185568775,-2.8919183145886573
1391,37190.51482483939,39.02534355314536,6.091051770333632,8032.435595928831,-4.149086245567217
1025,46030.89904462908,4.712329708998277,25.19030480440957,7842.3928651435235,3.038015241246004
1434,38223.8567773898,32.63983264132273,29.502243571574432,9873.19415887762,-0.7378607340571106
1172,42786.31059754047,0.7654852087908814,33.00456781040321,6441.106064368968,-0.7512543587814804
1299,28728.21136573956,117.4025744468228,7.695670718588403,11384.709920257885,-3.691676108743824
1644,32244.152198414624,115.8896651783697,-3.8485646936622775,12691.106502306411,9.300787529070812
1325,48389.20175356072,47.4186356966766,17.951746901208374,9048.057647698311,7.452496894897669
1409,43528.01371163926,87.40450252075752,33.5235369158677,9657.024428902236,-3.292481121861248
1117,38890.2760077677,41.496731809251,4.351960176787218,8916.299385363247,8.148981514762454
1835,34307.18065298495,80.53117885031713,13.95064629033423,8593.923942246502,5.244340839447055
1786,17990.06006503007,96.6516051655175,6.538933078819992,10342.567488926948,-0.1183830225708701
1723,27451.46563139761,113.61074936306888,-4.398680685924064,12799.48904718384,8.068758316226976
1224,2850.896604799528,48.02547310196064,35.43358433995061,7872.945650507853,3.970332816729375
1531,20866.7208052488,93.99575795472572,1.0773952019046202,9517.215335443534,7.730047665015791
1112,5683.631244975549,31.911414075854253,29.50452020890781,6546.1118294627695,2.039018867308786
1139,36459.11284198589,118.8398764552378,10.597145430624725,12285.939421319576,2.5097656024274126
1558,44626.65009228234,3.092351851722137,7.495685900799934,5896.497685388721,-0.6348495588356586
1000,8786.741484891481,72.42345678013452,37.346299892741584,8451.078910150325,0.8153903791706236
1089,12359.600851612364,79.14071779815926,24.57397690332891,9814.306194993524,3.5162810369233206
1653,42863.34903341008,82.56546684889545,25.91151978646641,11252.502561718618,9.20588835562926
1319,29333.02555239011,14.44650945469068,29.184381330423008,6954.031370847879,4.001766399522021
1549,29456.613252974945,112.62357401677563,10.342000121019888,9844.394305634069,-2.7893271232940964
1804,28187.53059582825,21.74199348600993,20.36490163130979,6051.384017179976,-4.895057217852699
1893,10991.211960188552,74.73040838878093,7.160050482109854,8058.55226216716,7.764817832630198
1138,12240.820458500812,26.7211294947702,32.55436819645911,5402.127586361735,0.4648813504922957
1510,47487.19146239056,36.865970042552505,21.9688320684397,8922.506596975974,-0.2755109054025064
1867,36201.16059012943,65.57502500737492,5.953307171850293,10967.879329560465,7.010966844135728
1844,4612.680904561212,50.06321022774918,35.48912828448002,6482.8726040441925,9.180464486347532
1258,11224.619755764752,19.22707211718076,21.13780002177333,4008.318920733973,6.220676325279346
1672,31393.06450692574,20.5123682905018,17.27637264658359,6073.409592440919,-2.3922903063285155
1901,14244.92280750508,50.17737457953596,-3.4480586105614783,6290.994838833512,0.8706744038656336
1689,12661.509434729982,90.87395739306008,35.94109023222756,10378.64636628748,6.3909782865211096
1009,10197.164850856683,107.75575762173465,37.852326221412014,11263.044916599743,8.6038872200586
1260,9367.770490478912,10.09531947112594,20.31693825270117,5637.620358439522,9.979000959244903
1918,30705.19603033485,47.17246890712813,14.913100912655082,9120.354378308317,2.6734136070727867
1649,45301.85631169719,12.029467646745196,11.180427970211063,6781.040062067481,7.3378722751292464
1171,18120.479612881,1.991097675911746,7.062159214121605,4948.053515604246,-4.300525358339239
1897,6163.279208670973,79.4062419172748,20.85382020118928,9229.06624721579,-0.7126287536754807
1012,6302.537200002899,72.29393303599053,0.7642773856554417,10074.72370454241,0.5727010502123395
1167,46691.1162744424,19.562293657786345,36.36281237103131,8998.81197547201,9.632857679228412
1641,26483.900358081657,28.05753997116769,2.9181432126019367,6257.863432820594,-4.949095276777092
1595,23367.646982819908,2.8449304373422057,28.54809680545828,6261.772806888838,-0.3796889335611038
1320,44547.98807311034,100.19366468332844,8.809949756589317,12876.260548484655,8.956183894193558
1318,25404.93557369793,116.96287152582616,5.173198495540524,11706.389209790848,-0.3998264743398314
1612,24081.884753145463,16.255144415362896,20.104113070965088,6381.310863173364,-1.6239985127813474
1328,46339.96142675817,27.77702565183577,29.430624152177728,8495.651922954885,5.951327671539753
1784,23775.51023540282,104.20914287363208,27.70315010231416,9445.823378915138,6.180083394997981
1776,19608.95768112277,111.17565575474218,5.519035790374337,10852.291070853393,2.0826682397126275
1970,29124.940385138023,50.35528593681724,9.872605762132045,7382.374115984413,9.20376204798135
1910,48863.85342353711,6.074696672288895,34.09744823501693,8049.353564127875,-1.959393806872372
1919,48195.069225757135,4.727020043138328,27.545968503238363,7822.995144791869,8.701237509693962
1549,38802.51006070298,68.87398392828125,27.07122574086529,9982.413419504655,6.332621147879436
1418,25014.11487844281,47.14741306718148,7.100728434935094,8096.755282441288,0.5231251128107113
1605,44084.93924765119,3.438291309318542,30.6401938453496,6449.309670909445,7.1036292958506095
1094,21027.21062112032,69.9902870775068,11.1288007944597,9162.857852617451,-3.001967353793692
1816,32043.137932542515,1.3563043906826966,13.062573407168944,5485.474156955648,-3.0352626021015903
1580,9053.399497425027,94.48463497791276,7.940249005032673,8796.28823669384,8.94905804871109
1317,33098.25357341902,36.77193872440459,0.4625611167658876,6008.30536509647,-3.5782923823188244
1955,13877.685209814696,4.830960361107852,13.917710334810916,3777.775385863239,-4.93880589725893
1235,38610.47378457925,70.60226651797839,-4.2377224134934135,9775.726086206154,0.8354573737735302
1945,20760.60404956395,47.72212973196656,15.515960774226688,6773.985066818514,-3.442235383518084
1333,19980.6482488787,116.85604960285794,27.62528971464188,13538.768603557808,7.945547398663765
1884,37354.2246076343,65.30383950044427,38.23352647440138,9476.273956925552,8.840402701643994
1375,21323.40009457701,33.02870172444099,-1.4624084945284963,6123.391418664511,2.236395465346191
1458,35729.665726757405,85.13266375607697,7.658081687897278,10823.718388379157,1.382072995150554
1136,42767.77147127445,32.57904030512536,17.23589732252651,9059.45368421318,3.08558915416138
1929,6930.243870488756,108.5091949689078,2.6674576915862342,10677.417830435255,-1.6070806273252067
1587,24003.2475002668,44.96663646088517,0.25728349343371,6813.620658905813,-0.5305120786949598
1994,47251.08533887078,65.98422753314463,15.354314745274774,10495.781035533844,-3.4853424427399284
1546,40627.85442666596,6.068772458907463,21.132873800149305,7900.8375278577,1.6967513666704503
1512,48683.2520728164,51.134548554267695,31.9093476945863,10249.832383095993,4.1753743380048896
1295,43029.39199192856,99.8836247593194,39.90115398073805,12386.071678667948,8.95335601587403
1319,15579.968914162248,96.67785664360105,29.84218509942331,9236.255850923257,6.086097559401374
1917,9039.715241920596,26.91822706242315,4.960320338484412,7600.612956744321,5.8459560032978
1571,10606.036041798936,27.12948852126752,28.65901309425614,5632.9702089497205,-0.3800155685884672
1831,10922.947642315465,98.07663746558842,19.171913094358704,8116.844107660462,8.324399462650668
1348,3879.246103238869,111.64781042031906,15.28643090665475,10682.264777877124,9.204335450199965
1839,45349.075139540735,11.443310552760426,37.10778222582714,9538.578527395604,8.983944048130557
1778,25177.17460547918,54.00703673114703,26.59416641138477,9333.932596205215,-4.417954602134224
1872,5153.432768385055,40.49451347570748,25.676188309478107,5800.49383078331,4.065259544560323
1228,38155.81617948895,104.48261465489271,-4.470981587257991,11769.4293636167,4.648376585879426
1269,16349.47253185587,10.022989761602252,33.92821711209024,6076.724142342902,-0.5740225967524468
1827,3644.771640482728,25.33511310696449,30.698521483464,4847.252151983042,9.886182747368949
1797,9568.85222698614,90.29620051037932,8.452384506869915,10000.233203482996,-0.6321881177216166
1290,32911.736275658506,6.15526187774587,8.145103562797392,6765.279936927127,-1.7508251272841635
1724,39720.91415032728,59.10424568571471,-2.593469297664498,9762.89050721167,2.262184756647877
1164,12758.467856260948,53.0528441615664,-2.711460932209528,7460.559879499005,-0.1527893034448482
1004,28895.207714167555,40.12814147864984,25.08675310577566,7465.558346920492,8.860441898049164
1850,143.54063484825718,47.34867783827085,3.3806925808500736,5538.807662575739,1.6011509697215915
1378,13991.53478328398,63.59287043162795,36.559653242734775,8705.704278379802,1.1522433200887514
1077,9163.52770989227,19.364083006605973,32.90819926112286,5402.613164583365,4.387931951627502
1409,3919.656610003807,68.63950539403113,10.699832201448269,7876.014695908968,-3.7832799312331495
1573,24246.375390678124,96.65187951599836,12.103084831559595,9890.302149756531,6.350994202247827
1131,31587.6741901269,91.21931157481907,9.727445238465128,8535.126554389852,6.525982327073072
1600,2414.180047472006,18.46798856325284,-0.8422289063708313,4102.039911276534,2.110387520915016
1748,6980.769841848983,17.90993636897687,-3.585642905740192,5314.37942796019,9.335469115006424
1041,46621.32982019563,32.180924129389595,15.345992125295378,7948.92969931353,3.690086661936217
1088,11233.330874088491,43.32896716092446,37.436805152117245,7116.286606046203,5.428546813674862
1401,38023.38855304498,49.01466976901792,36.27621943686108,9581.053978560274,8.865174332546518
1295,37411.976250123,81.56366602000143,31.4427433504614,9793.445027116431,4.995180151371885
1839,16146.966868569703,6.8016518599002485,23.28677173493521,4298.639407244246,1.4773901158832068
1294,10285.433272406672,4.160724507127966,33.5300083011152,4535.055318281266,-4.628432365502775
1615,12273.13262542475,47.02926755326908,18.178083297920388,6771.823774138135,5.924489734477142
1525,28338.35845248012,83.65964305655766,3.107205985928428,10352.003354505265,9.472990174015678
1799,19119.83511895548,23.212241154777907,25.787665650515432,6572.931646010537,2.053526853039908
1690,24828.711375945,76.9805377507502,36.42907158303229,10391.653783065172,0.0965295668239623
1636,40599.46290986818,31.179376552835937,-4.117770616741395,7681.732223868522,2.788891396206676
1421,25164.5896013372,106.33033305762196,6.314982349356884,9110.01746502371,5.926558085269887
1864,49761.92339434993,107.482793311994,6.944718607207214,13736.452367949469,-4.98964288276926
1022,33325.10681049371,35.674464513759176,-0.543220762268259,7315.194655911002,8.308175840977803
1574,10441.65814044781,27.59925047558886,5.147239962934721,6310.759618643786,8.295442895174828
1142,25025.987227951067,49.35647664794775,12.279193506013849,6965.540635744452,3.1194690041306323
1992,40689.544325986855,28.863790221617847,37.29259411817458,7378.520874670091,-3.1643185073658806
1664,10993.246590986191,80.68606119500444,33.71195961070584,9447.554024479685,5.0770869192043175
1144,36498.16471831304,99.12776214579426,37.57028009181776,10460.536590690645,-2.9323150555502995
1224,1769.106806124855,80.77105570934604,0.4257299525052644,8149.244794059241,2.613207271490211
1502,47137.42818685797,98.92205366992194,-3.73781922713345,11969.728346417758,-3.595550420283245
1961,33201.751295780865,47.639059464896896,-0.0552576015002745,7562.157784370298,3.835980074462519
1973,8212.258179658877,18.758036485063304,36.14330356836822,4534.737114012088,-0.2289601232301894
1820,43727.305498981965,88.55411368771105,2.086988734099778,12539.050196596689,7.464871221062543
1615,4182.85197636163,43.25694061698647,20.768651795763617,7938.132427991694,6.999191893126222
1103,20355.85528594644,80.5524990274959,5.241206643734289,10701.561847839204,9.977108132116616
1946,36873.77204601173,32.477273037811884,-4.071405878744024,6346.984969219878,-1.137452379434528
1038,46876.59070542693,9.74755617680072,-1.1920396035840053,5382.475349285684,-4.072983608306295
1946,17505.632315277424,119.1098154585316,26.94086603348859,10857.252871762594,1.6450489772326715
1197,41542.51042507368,18.744180951671915,3.20649034060026,7848.451512709144,-3.7489499755014375
1645,9917.937657497005,118.61051927561772,5.311264244506575,9114.496896534964,-2.322504274013553
1578,1852.007421322702,117.27359190797368,11.97654253706586,9476.140453645286,3.959502120423286
1390,1535.1730662981815,95.25817246896476,24.575870206127803,8177.787666866346,3.8819627701644777
1178,32942.707511598535,79.13075544983971,16.12175768318498,8611.956987376218,-4.350087834054644
1967,7794.944566185113,69.33684603013016,37.507459719719634,8919.418569647905,1.6435712712741797
1553,2611.183088447369,103.93218544534017,14.53819858328485,9230.163382555676,2.953280393008625
1447,48839.7015389984,34.73274259433855,3.9608914088862255,9093.148625988071,-0.9796364327002004
1499,12176.41218965098,56.12174549818525,19.126427773405364,9464.263896078435,8.08064772813241
1014,23181.4687006796,74.32679632398023,15.290032679269014,8417.738488469406,-2.5835202853036714
1622,30692.74884208388,49.34285710433893,30.42122523407634,9723.097356783332,-1.191472924906784
1668,7308.35622755316,51.29837449083216,37.08045537427671,6187.340402664693,-2.645083774508705
1288,17922.726148362897,39.63416010025013,32.63328526164283,6897.56418496436,-3.251800491941629
1477,32420.571553946687,67.70781800214432,12.5067876216674,10522.553870675523,8.18468776010689
1230,32024.109701983867,102.06894336181392,4.7252255031111865,9697.361307623318,-0.832112523950272
1922,42118.65970596141,24.18340536075754,36.15200216562673,7433.388630669148,5.837860292017844
1419,21927.37939446224,112.13196465041295,12.36728431467256,10434.95650691386,1.4197353958787469
1156,44502.39851509251,82.69051844978756,29.65929805519196,12157.766372064869,4.538102211008752
1549,34141.41750270921,98.79278552160362,39.52873035458008,10330.292755732828,8.92264294258314
1440,28149.04922558274,66.7428831156014,20.984920668187424,8316.88361400587,7.669118005648741
1096,5945.127620414673,93.54200417088762,16.59462107659985,9051.081645525828,-3.965204113696432
1996,28777.72521593231,1.9440476807360647,26.49418521165469,5841.781682682527,7.678038029188267
1410,29774.1336885333,98.20565097354422,3.72689413557884,9955.02585809295,1.777352729210456
1950,37964.338704745736,4.816663090243982,16.970788245939257,6237.056815949452,0.2521859031982796
1288,35985.03946742776,106.7896051635435,9.05488406996466,12669.090715530445,5.0858188819244265
1253,26546.010949363143,119.0355296686372,2.390254180405595,10408.657350639642,9.25311809648872
1195,29682.175652344355,35.28809546121334,22.45614470639288,6417.434317712884,-3.5879675361779384
1597,38639.90133053242,25.23822675429524,20.9067738456166,6660.639335127661,6.521155453753586
1833,17636.869080626373,91.84360366296488,29.25416198841429,9786.608566239873,-1.9473795386306687
1521,6835.058668466324,30.363160910430388,34.28365559086126,5268.529191010295,0.7020418424049826
1516,43727.539087080586,103.8674859806644,4.9169193709400165,11576.94315197344,8.107345243948748
1634,48254.436883523165,12.341111058897203,30.08661934242101,7487.6276498121315,3.1869877601850902
1841,21522.311452831324,15.11462356552299,11.532332233881808,5036.897294202239,-3.988150280743606
1864,49516.458484956886,117.49818661207388,23.29625208070412,14211.505855774854,2.620728252051075
1117,16202.476250201697,80.86066779240056,33.26080124181151,8834.256116698167,6.844628524621363
1805,3422.0472951274496,101.62646693147434,6.528330187861849,9682.47549285704,2.9332088164839
1908,28665.7331013187,38.91952528218216,22.04325777846267,8255.740433679559,-2.496661415314216
1158,43423.21415889269,81.17804994247253,16.614349474008144,9850.661036232435,1.6756161258629785
1814,30912.34272999605,71.30901927703167,30.57597820528236,10821.422752548153,8.86518052059474
1227,570.4146973552978,72.37801441475364,26.37585845234973,5932.169991682521,4.873059851411695
1876,690.450802684777,81.90389514452659,29.63343261564588,8294.681861199319,5.948297597628841
1215,36245.118535934525,69.04310077549182,7.957440832144366,8886.51671599346,6.789047611741754
1947,42282.61548613515,51.48748431631992,26.69603323400932,8470.953161741112,-3.6395986370999776
1695,12726.531785229005,33.11072332566562,22.26126434168284,8008.206815034993,3.723048389049458
1014,23559.53973245304,92.22975970958424,15.550620522059052,9981.334326533668,0.6387278977796216
1156,48058.43593432491,27.152691600382344,12.025466066566764,7423.734415492962,-2.912612544918543
1647,23082.64677213384,83.0825167385297,9.92200138579439,8139.2451216772915,-1.9593566254396428
1260,6877.1235604598505,27.9999387179192,-4.564653741372652,4324.502367840231,6.7174071058710165
1156,45591.48503292696,75.03962039453447,2.630134808805444,9684.936078946044,-2.5776634206534084
1046,24808.86669280216,89.64939205548347,-2.345980449946708,9585.895441901888,-0.31372089167421
1323,17280.916408238914,26.245666668784704,33.17608941833512,7052.85227332493,-0.7268999260537781
1843,4961.892848060353,7.1931961033569936,33.70399916867869,3613.1228619751646,-4.2705445412814855
1684,22967.588024081902,15.716849159300889,33.078700151017046,4684.819053191076,1.9323767385903787
1129,38506.67117612487,72.71963607252306,31.806389395920213,10330.127417104975,6.48894763253813
1410,35887.49873756025,101.93356874708826,4.95987040875896,12517.296118834254,-4.667710508766505
1094,24879.72375044909,5.399618548250924,17.130377852980327,6726.266942966266,-3.311728242801558
1626,36004.81376670524,88.09815108499755,35.85296973857786,9554.334555733289,5.802800193963519
1754,17602.95236222053,40.95823751400626,29.190180732117888,7390.930182519707,3.903714860093704
1931,36789.883306256765,57.423404390342704,-4.91808713205376,8536.811153607367,5.72871421073023
1291,4378.134496692887,111.46314598146787,15.674195938170705,8214.775528888045,-1.548440676842922
1793,10041.778267402206,39.83658056830146,-4.519841033315542,5828.956824423953,7.056531749461072
1810,43898.39377443355,55.84043207273832,7.629747114130367,8581.269055258164,2.19806590165415
1282,14753.404807516486,1.6418897712817326,14.609309855209826,4983.544552611731,4.1545296126828575
1068,10376.475583934594,9.791846400580605,35.180468169262554,4112.435627999106,-3.617698741987456
1659,4541.229147943765,31.030990936174085,24.44729278662969,4733.024251720885,-1.9245262496026805
1010,19708.4542203795,3.3422688985289284,11.311805447045842,3813.204389326633,6.6003682241546215
1253,3442.405542963409,75.76503912579011,17.079470610381446,7423.422428747383,-1.6413733821683223
1841,24899.32495175204,51.1678028161947,31.78252698686383,7547.418202011118,-3.61205258717812
1871,45968.31637463464,65.77742432736264,8.484501960117093,10168.767256778325,3.958049233781505
1549,39378.003825235646,20.957662307559545,22.676564896089992,8008.489409341241,3.2190477424259925
1133,2129.621106234361,35.51184353239393,6.80110977495327,5833.621128456146,4.118408934749395
1711,15057.932388836054,79.65893698232702,16.598354675064815,8004.946522533062,4.27458244544637
1022,9463.449720102515,115.83632683564798,-3.89036733970715,10935.879798402791,2.502960187967556
1814,3440.2987721650843,6.050012832265104,33.35238937712614,4928.090498804988,2.4066088085298363
1345,5521.163344184936,106.84611850263192,-2.8243025819519025,8068.815584420929,8.862483479341938
1301,45416.404190888665,69.22574415734502,5.09622249272943,11158.46008689624,3.008225873196104
1362,15573.15243168348,67.67034801067484,10.008034553146471,8335.391897939251,4.259503036207882
1395,19671.97142380693,60.03342422493124,23.13225025452317,6366.090936499159,-0.9954591209188308
1217,24336.47332925265,8.327290308502008,27.401505950877507,6119.765274194705,8.066398012032867
1140,37271.96199757095,10.78522220833928,-1.3797030971550512,6041.412552448736,-4.634478610112552
1615,39938.68665687053,72.10944067909033,-3.044053135184433,10371.401183589,3.358401434466616
1957,48190.1041893094,40.915028572267,30.95454489832069,9335.14683260452,0.75775442797163
1209,10612.835723644494,110.07216798932168,27.047494025685687,9559.840532765778,4.0585629334071545
1984,15123.20230592613,48.79086448313667,32.419765941459545,7858.017552317561,0.4025807465707025
1992,15716.73968922238,17.19377504431693,25.44422193325824,4785.980311110585,5.765318675764704
1622,22318.41378615236,85.76626002024432,28.795552166049376,10359.161744296143,-4.695028355398538
1615,40389.47713604512,35.20241057292118,12.056727237121514,8559.159662994669,1.0883415815371444
1827,12048.85866800099,63.05643688270718,21.55829441777364,7208.720856369251,7.468953996136205
1682,39167.79615149281,83.7399342606204,31.24265542915641,9998.5401548089,-1.246989233308462
1459,10281.596917087869,108.03169334424844,2.7452890482932704,9484.55159212803,-4.20873682429517
1355,35536.366098146864,95.06294337620112,14.027033237178625,8813.591662544892,2.4478611184775287
1323,39970.16586049893,81.16332814472689,28.32203958159376,10803.71359909671,9.64800190790185
1132,42703.808666641664,81.55598188741723,18.968645729433344,9852.008315292507,-4.03762157697295
1887,25563.248517885564,113.5109572838504,25.67458538167772,10520.435098410266,-3.9491526087531
1804,16502.877833279777,35.49889169958433,8.179113814411627,6186.4519785129605,3.926748474200173
1839,38641.97324340448,0.1334513035424889,-3.544589690704191,6887.29174612198,-1.248984306828063
1126,16113.731212301032,32.63454712778384,-3.688439911053073,7744.815743654135,1.15346850455838
1105,7489.629931451878,26.14696555520928,37.42515294386565,5423.041195675574,7.457607294990861
1603,41750.85378991174,79.42015021367978,37.50430197977686,10499.955982670204,-2.017269737262253
1798,20620.92239487586,76.04539197186348,4.507705297957875,10156.098681552348,5.789499054721496
1377,28584.604940447207,71.21536592456685,1.6359546086924812,7520.250165313089,2.5672826990133446
1904,45930.35791545907,1.949213185134444,-4.183707474814061,6438.865103163671,8.574365386214076
1050,6876.251399587937,87.4533665340777,5.406558534186633,9840.912555649204,9.59443000440346
1028,27903.47643263459,38.82364949825898,10.045814851955813,8173.447463016912,2.2744117848009378
1461,27982.35312324,79.80671868079573,5.855918513704651,10013.73691637688,3.769705886732004
1295,43108.37615933299,66.7894114202584,30.882286313779066,9842.682714345368,6.187638111063299
1296,17128.822718950458,41.12771105134886,28.724372467394595,7281.339777132094,-0.2198878719199246
1725,20120.58307373114,16.14915205249293,-1.3543634891356708,4943.692269159319,-1.5988947421512978
1778,26012.72877605364,11.330267719257714,26.379472364594168,5506.796457869901,9.47027758664508
1406,8443.279114014296,99.78219997346685,18.42633039495625,8700.952273116918,1.4892308682936726
1768,23586.003582190544,110.20770504978697,0.9474747868686864,9301.659224553412,-4.976137602263394
1813,21860.481532090333,77.97456561171595,28.27909437218421,9288.101311593204,7.565774477876253
1612,9949.98430332973,12.412093783258005,-1.1279495671608837,5280.082858621186,3.994962419366285
1404,41667.823688004806,48.24326602658888,2.971779961061653,9239.713924104564,-2.4716215591954382
1345,21608.58470986977,87.47270401261886,1.7151916698923388,9243.962452701038,-4.547904602343815
1621,15372.688934872183,93.57850608120818,37.25650318749178,9437.983790991197,-0.6277635343740338
1419,6605.6744064494105,14.186234674930631,26.4170201442092,6079.183184070743,8.91830643210497
1181,4578.414939077123,0.0036862614458899,13.5078668124142,3223.422038127424,9.002367550534185
1982,48015.32198016164,85.4564455056726,31.99918678819609,11345.32418669369,-0.3349477054682275
1824,49758.156559044335,42.79154111834468,4.718173428501896,11213.532498617564,7.53896489231075
1000,44906.476651779325,30.53775979419123,36.899197557029446,7369.258919058509,1.6276798488564357
1830,22985.70846380838,1.5476963747430528,26.36487943955961,5085.649335760937,4.815171237048917
1949,40414.99641462309,64.83592881137996,20.18112884536595,8890.77975628293,0.0166581380663508
1566,41730.68170970132,102.1380882511178,30.75918019164976,11027.259190852548,2.739588944064775
1370,15060.479610965043,114.91579755271054,24.015144164132128,10649.150202775978,-0.5933083017451022
1935,29342.849603427618,67.8893940735947,34.919917375471705,9053.382760045675,-4.083284564653059
1910,47845.41863626294,61.7353593287873,32.311869703349,10820.386144126322,-2.909327207126917
1660,14075.38322994704,10.206766258708932,3.902372726835047,5580.26415452131,-0.6398825829014418
1430,33178.03007250919,65.86473618511197,5.78487102449658,9635.76777088513,9.643806759641947
1968,33160.802144857764,45.59748947584736,-2.070616380096043,8663.11137100897,9.485082253749876
1308,22688.2655267434,72.85623370602923,4.908951272776111,9580.579559834352,7.414950137267967
1136,24567.40987711162,46.647161745185606,10.45699892221606,7791.551669743409,-1.5124092335586965
1201,22873.487363273776,28.83589481404401,-3.7027690172378094,8390.973230000058,1.6240321081273388
1435,26101.73845844681,11.39583302740518,9.173314579477626,6045.652913544016,1.5967425773605646
1312,7524.012020158242,37.790213350667486,29.71956287322852,6984.393860340023,0.8045986722727578
1116,39757.88088855112,11.597380114530274,32.81474191061268,7470.634618316621,-4.326795423653816
1665,33087.64812776804,21.22763409887807,-4.60070195056595,6404.047783874528,3.0179106133647657
1936,48693.73143723282,118.48033902954552,-4.678383277884529,14019.675342301394,-3.907820118127087
1802,12357.595134748282,53.29242682879424,1.5838198712950504,6411.347256463268,7.028780210769158
1574,7383.815329406499,63.82461198060199,34.26596773302054,7213.719517239065,5.369607142671724
1243,17193.447886538343,104.83422344846583,16.11751230095592,10930.936986912964,0.2910550996530201
1536,25536.096017110445,119.46826805888251,39.230593427559135,12994.026386156804,4.707045733186948
1601,10329.976766271971,69.92573392136178,34.92991595950606,8271.324064072349,-1.5044449016135286
1074,23083.9914504884,97.4968585253006,35.05576510628679,9329.991292369468,-1.0212490256505142
1805,32166.40106094704,39.23292292040103,0.7814394367946553,8211.120868548463,-0.2879972461189259
1385,2902.947626757581,36.68927489367493,16.38532071457188,5641.533984543525,6.955173999029947
1902,37925.69017291494,48.32444651934723,39.71157687931085,8847.847962413227,-1.8396297973087328
1209,46991.59290508518,80.7008715208379,1.7069903617188658,12028.566027520212,3.4417184122905784
1474,13485.585924668449,81.86300271061185,20.84050541281876,7024.188486334377,-1.9929932836777249
1417,38833.496345433705,37.8287321579341,10.492599637888816,8947.212726143587,-0.7244386240637759
1346,20954.919635551665,15.985190896395444,12.453616300915986,4366.468054259352,-1.4677806052026297
1528,33255.18982870945,75.88755077586103,35.085662681822555,10251.080021646398,4.675070066099288
1639,37176.50189699838,15.39910346265174,21.455615613652736,6424.76416589181,2.900934166836705
1938,14819.1850996224,69.41910098751961,29.14493752249624,7364.462410317772,5.819487188583301
1954,39391.1400102904,83.21065536675708,25.29554788728585,10591.79625887816,-1.7008484400052124
1875,5345.055628564382,84.0733795673342,18.805706075648622,8425.370773847175,-4.862771964109442
1762,49337.56990313521,90.4166532791516,30.62700394466692,12741.187693813685,5.207643506955023
1178,16917.54674957123,104.74313058787976,38.68298076596728,11790.367710916144,-3.2771906225738605
1181,11267.757987347077,59.99507903577461,38.50687992801038,6784.429905469418,-1.305421633640659
1663,7018.836880065381,87.62990274354854,30.525340044701665,7495.7932325012625,-0.4147077130816603
1024,40627.8880540854,74.30072824390041,16.929839008715305,11099.381658195234,6.202031384363021
1966,29335.92963016833,22.396792775721902,2.342153163604057,8712.927080202873,4.388377159861408
1179,47588.347822567775,3.08275738432898,-2.998827096264751,6990.85654022411,-2.2360184521125674
1709,32419.15168423439,34.14496628123205,5.415023576467483,6579.95010395282,3.9683171592961255
1500,17095.589937449968,53.16404476051433,10.311609981889454,7419.652479341403,5.622219926659179
1855,41836.985447027175,74.05271333143875,0.8432327163123698,11335.891083653993,0.8334580418525723
1160,14133.628557717073,101.99511966038465,5.11443983256035,9665.58790955374,-1.3107062895822197
1176,14612.950200479305,23.54948600473988,-1.2404540947602167,4855.02811579282,5.184741593721839
1284,1511.1764588334545,15.06597478781725,18.565463742834048,3887.751862179498,4.163368002122459
1062,12675.93218744044,115.6175936969193,0.6843186028096166,11226.337310318091,-3.831317622937698
1661,13145.56749338918,12.965347125168854,28.42458834653296,4936.535632411355,5.000194603506314
1665,14946.323229188403,57.4189284128627,9.969240016483722,7767.595677490086,2.32776899252948
1155,18494.56710769296,70.26764745519623,25.242822139505403,7178.066012119352,6.300534354665912
1881,28876.031742724583,64.96493050889259,34.713374578617305,7211.78271337952,-2.1392368718025976
1468,10897.91190456262,10.323858843953184,-1.1292555858345317,4075.504206185,-1.1267537314793543
1048,31874.374750699742,6.843229680434324,39.50503543357197,6331.733621658954,3.149691086462818
1966,6752.421460203901,12.65801129532428,24.03595040650309,5266.736479624552,2.226002918382987
1848,46552.453807779326,70.2705220647135,-2.598532905350484,11099.222779554371,0.7954805658474493
1083,1402.900750766668,65.32138651611854,9.130100436677512,8719.66101915497,6.190499716446832
1360,45419.07466283651,28.04889504440931,34.88103170236553,7809.517223555871,3.471273454424235
1688,27405.292956394725,76.53289702147099,21.830512196780404,8957.93476387575,5.654077808411779
1147,35531.26272778575,98.40810024667792,7.92500652602118,12062.306956018349,-2.701175565213264
1629,14987.302271331164,4.989475181591252,37.32225629793313,6081.854862768827,5.934824427183058
1341,8772.559366733361,59.77559322576509,30.426365668351984,7400.387764112547,1.9229216215043785
1475,47370.005971442006,82.71724945232283,28.099232326747654,11951.6682329248,-4.493480964731194
1062,22106.09050556118,30.27743124836245,34.97922040030162,7608.469039052267,-1.4826266900525131
1700,24077.59377767792,36.93250863517789,29.64009751188771,7335.138537945543,-4.61365412389133
1359,49285.35237538491,73.63654835872606,7.903225893948829,10201.744471214262,1.8531178298656563
1560,16869.83306921974,107.75223521324844,21.27487339865236,10337.844446838237,-0.111803591673719
1326,5099.560939825062,97.19093043634793,32.90287754928835,10926.16944051275,9.81174339869877
1768,29387.01972086617,69.97562629195002,3.1381648025275712,9704.759373707828,8.027561754352947
1735,27784.898292878384,87.6266061308699,2.3360475775541447,10771.828180665612,7.38506290514724
1140,38677.9079588247,43.778696424935845,2.153931140689596,9529.962509159714,2.5167482354686825
1989,47758.39696566843,76.91586337185093,3.7414873598134353,12341.045749789431,7.106312490261503
1214,15452.95139847446,55.941790935306834,-0.354613297405205,8057.208119664164,-0.9969552880586718
1434,36117.6427312749,22.792336374907308,32.693305898387486,7319.974835419043,3.409742017697873
1890,21781.703336362167,84.20859286527086,31.82431991788677,9218.720389563512,0.8937709197911499
1951,39210.262201540354,66.77575648185864,1.811604633659276,8739.161197135252,-2.4298713271590544
1722,8297.420434799922,43.03458983443097,26.74917295196557,6673.195331443191,-3.91079852947394
1317,25092.73521649084,109.3607028094357,23.213900164447733,9640.886798975507,3.3732757445742223
1031,3951.627700673762,2.512094139207992,7.428741952556262,2376.3852631811224,-3.535412976796908
1669,28102.60900719724,37.89277814993952,5.231579516199377,5996.921807918719,5.770046450289735
1284,8531.783100316841,6.825767733317587,6.276363487393965,4577.46717301514,8.822027180892336
1304,48006.2489788514,91.98327794659528,27.87837736480904,10915.465789760305,-2.568408354326586
1428,27761.083546920047,84.2528944936551,9.36926798532029,10679.419835287916,2.0640786776534235
1476,26515.79195559167,39.762266248358046,7.508167492786303,9276.835043197225,6.081618895897378
1285,48619.30311189937,81.07954826484877,-3.9883505059108,10930.01599294996,-0.6974050845045978
1143,24970.92281016009,47.51246714351398,35.87064221994347,6646.24036808948,8.811467794494058
1423,33868.650555826214,90.75045497069212,28.871686501553377,9105.598521027625,8.326983383048663
1018,2429.408296115612,54.50203952840473,16.27526541130242,7012.212498541452,-3.443684664054831
1017,35446.10689811857,49.47356733979986,37.43171141577575,6729.857195725621,-4.589003427022398
1768,5305.087651884749,112.16758985859612,8.208949529894,11707.181139101607,9.646877244691028
1589,39033.70801106193,30.105491986884022,25.361726943241667,9594.854451599222,9.347125371566968
1370,43854.60704401128,14.45368079958785,8.731766995542595,7111.983235681339,1.334284066989448
1174,15841.84664136462,70.14517359113498,9.155759148352669,7444.449071162415,-4.241550138410414
1193,43918.6877011259,116.31861747410149,33.011912502187144,11709.273280543322,4.283133291190419
1501,24183.57340365107,45.3407056472624,30.41598790551238,9750.308596866294,-0.5988483891701559
1987,28621.64645118765,7.444411635453783,8.234834379580695,5952.27071044936,9.050844803508314
1112,20608.04526720578,40.71663207714809,-1.337471795003279,7535.159869374566,6.919928875814552
1113,23879.45216036441,60.71179851834701,11.091286281603931,8526.226369705448,4.743906762001652
1221,45422.71776115112,19.430760795865645,29.20258909683919,7220.120668779028,-0.7324422872970722
1677,47369.99071835309,78.97226616677905,-0.4755037466747058,11654.850562619584,5.519028691625763
1946,22348.860210368708,119.72992668122409,25.24453891254636,11504.97397362466,-0.6624759986119395
1830,25766.63749103342,54.20873711777326,35.03934669612572,6644.904137309386,-4.43553523772186
1643,5897.131678981198,42.56742680762552,3.06522200222712,6326.016600378488,2.626518814304111
1896,16348.49508072963,48.084500020136,33.799194592879175,7074.408323323678,2.3302681718303644
1263,25710.53522800292,13.817541407424136,-2.6886252894399028,6160.61564379684,6.445089595393501
1924,10208.87922988293,105.99283217114686,25.00961161407536,8454.353379758013,7.98510823531667
1054,28869.00987536838,49.77907866256224,30.59675141691428,8246.465132304513,0.3170273304139313
1870,34295.633368765724,46.47292937098096,15.014475294669952,7662.396005244052,1.7420951530550637
1642,32533.00626953749,79.16283275165692,4.167791266608109,9594.749596855978,2.056006294667922
1799,22181.373400115863,53.044010511734825,36.61282745065776,8510.064556346439,-0.1366387344143094
1777,38489.02411595543,77.78801625694153,-4.101400912857403,10379.914930004035,6.150803854377855
1457,16044.1682984879,7.373554815694501,19.97820531532896,7465.084691358098,2.831517778094492
1978,23516.91902736588,97.6468012466673,11.778223391726453,10559.914498885311,8.709336615829598
1877,13580.72892436404,112.8604743455283,15.747573796647057,11211.57979946692,4.75466157843379
1161,30221.06664427632,77.85184633912631,19.14542753255031,10166.233295373564,-1.821551616590413
1379,22091.28095910614,114.54791146305728,19.06368800199289,9819.05123385953,-2.5278702687944543
1992,10933.926052822702,18.1718777243956,4.163064869039442,6259.530844826536,0.5857650687443812
1086,15478.429247559388,57.28994273764244,25.586604530501948,7927.425652625898,0.2038981038545984
1054,14045.457034678098,72.21680807345368,-4.1383268963534245,9315.72634354894,1.1069773729376529
1475,45554.5447107512,69.8083976905424,-4.046715760421447,11307.504536501085,-2.2461339454333684
1799,26145.51834474717,48.17541349068519,16.531930357523947,9076.613367255984,9.67334005039734
1177,32667.52633926168,40.57012912395137,19.38562961216241,7822.479035902049,-2.814353406969067
1390,46743.21530772251,15.218882706050255,7.370026676511717,7490.928460373909,4.789731613364815
1348,9192.667983923242,47.00909406747338,19.82539901320751,6891.5711951545845,-4.803961474031153
1007,46850.998484164185,19.519297812658216,18.22491548435156,5938.090647348585,1.1044155747851967
1832,27027.896774941968,88.1238811790662,10.714924964769017,8766.967214144057,-0.3622490135744547
1312,42825.089041737294,25.0597122593508,24.329858644530248,7217.761213643736,0.7303695660912783
1758,8482.978189530922,7.027836634144062,38.10717474460461,4057.8626405254754,2.471160171596704
1834,13719.500372685172,66.28393653806812,17.086121249131097,8468.489477605503,4.005625022864766
1983,9789.134375912889,71.4275679263282,30.37228416737411,7669.807411197299,3.7526701719145006
1982,32705.74700851823,104.62956735366066,6.141845360784535,12019.553992816029,4.460705051816696
1442,7123.993987040431,69.23779349012182,29.287776707836656,7643.906498162244,7.668215238306859
1766,39646.87531452332,41.457702446813485,24.200767952589743,8042.340086284126,8.300757334219771
1327,12596.77092909352,96.36142578315848,23.786400096773672,10103.111981089496,6.058754508411964
1053,12848.225552776865,64.83346718249052,35.18659031990024,7967.252753922676,-3.81586635613394
1760,14127.952689909494,9.51363415574301,5.500761472851327,6340.808751693907,9.419385872649016
1238,37344.76596295576,67.90206723758959,11.580255269092394,11031.372729087469,9.210971295205692
1228,46218.37598532248,108.96222545059948,-1.2619644345056424,13384.76785069048,5.675556918180305
1578,45384.74970660781,47.55751505978647,27.675398954614543,9493.267210828724,2.761586071028857
1050,5152.585628435178,35.559096227976006,32.97402783848253,5789.178558652182,-1.2407246249616173
1608,13195.601475103023,17.216334842162407,13.262507663431135,5095.420562623208,6.345267092483141
1603,33641.8800995716,18.17346263224288,11.057206831071678,9365.93733840645,8.167902680744337
1263,30965.67697381336,51.93257812101827,24.63933351354374,9441.438288357407,4.977814013349068
1417,17566.45033878777,71.48157889938355,-1.598429264479837,8878.19851158597,4.436089492926561
1802,43155.881838391135,9.67384862035221,8.222885326134119,8257.355747625688,-2.1049294314412075
1095,6610.267128414942,112.74823068301988,11.479575934083268,9763.59390280199,0.3669478434128441
1087,31987.69071645212,90.61603409342352,18.33656278138384,12640.958917595051,5.847043330487683
1077,13726.91533699942,70.39487019403953,16.445614876105424,7421.819767652947,-4.746518917231649
1287,26406.013640381385,99.4126405126789,4.390619024858207,10828.571403648244,4.618964157833291
1119,19435.579865414304,9.622410817453597,19.33545432384996,6151.658713941353,6.500054515153721
1813,48988.78146143854,57.22066532797493,36.66409108990464,10037.556040936925,0.0205672940617249
1490,24385.9444613524,75.61117522339961,-3.781044936629155,8682.3613399945,-3.857483461988165
1911,48807.06030019088,99.4383487341947,25.613795758210266,13761.41519652734,7.286790683259978
1451,12825.543743847324,94.01634720591213,23.111906226803896,8904.53371829624,-2.8724475577246587
1499,38420.25252084896,33.24830996560796,36.5992129620248,8929.261408613853,0.5620165895466034
1164,35881.20044709624,112.90562034710452,24.04052231831868,11907.760456649572,5.6088115760167
1181,42397.49984435885,14.921500971704443,23.117922061646954,6946.023801351259,7.254789814771504
1468,34711.01244157734,105.01603423453824,29.64125470442081,11297.53886711867,7.935728777327737
1909,34149.718996215066,116.51282995255424,7.051267696884711,10791.811371491904,2.9562578741667336
1734,33069.317088202995,21.258422786715062,21.807951809450667,6467.719993343773,2.138075446837984
1822,49254.07344661345,86.64792770445423,18.373949921283067,11773.368354114076,7.724759155270446
1943,11482.07902628544,4.834262253359816,14.731262799473807,5962.502164196401,3.4461564257120667
1977,1602.672874484654,48.650739016698594,-1.423077468374263,5167.346685933515,3.6797609262284654
1006,33930.746135252484,61.95399590372088,8.16829861057786,10440.081478592405,1.5096005199070106
1329,8699.654722279425,69.67742710915608,7.599177129557626,8437.215211238088,0.5922095788155941
1774,34001.25811503249,112.31246978982712,27.591293072380047,12105.19264092976,2.2081128593474366
1672,16052.302000402056,80.67008247530336,36.42952608446957,6623.399727111926,0.4727124054419089
1150,2263.2506985837467,57.75335414630844,5.385425029458187,6993.995468796268,0.1531967495385782
1084,38511.42281198161,97.16100435190673,-1.6419227498903344,11423.861772960829,9.90496513011841
1146,2677.2439244573343,114.06393851452908,39.99806294659466,7996.005438900919,0.0432024110777211
1623,11284.501950187643,2.647937841874901,26.104239856032468,4601.765388305084,-1.1542437870099933
1380,16886.79082637934,117.90255267072465,34.89118811456159,9225.30783959052,0.3088613476393984
1914,6724.19758399192,10.33585668764164,1.474573713870832,5562.527775786586,3.861720109541592
1547,45687.10112856699,97.72641351225136,31.03456185028159,12038.869233833317,8.664857299347476
1284,31129.64089674857,33.6401703061695,31.59956856946451,7385.947832071194,6.817963752966417
1699,43782.257745641255,15.86155893046461,1.817001669577412,8267.954787726498,7.633617086135521
1081,34134.39794158307,52.782676765660185,2.263188104234308,10253.581192790496,7.885129160257865
1513,49598.07575958272,77.27478953371363,8.295304725481046,12087.910457390091,8.80792594670301
1896,26305.124663146904,45.714221402817,4.75543514360829,7897.39642061245,-1.4739315063668017
1814,2782.7857406366984,6.547848993923875,38.89344586254673,4245.970396220783,1.8754904655615328
1708,8126.846353448305,71.935336759046,11.332472513639551,7379.016498974741,0.7779649986466977
1915,29462.78983223881,108.28839313328096,29.25878852952431,9687.330205288132,0.728154919202507
1522,17451.654098976407,45.9858439136702,31.227286156720268,8118.517786011685,4.784254775532773
1745,5733.350768167648,25.95993331569925,12.367339921960356,6607.589666590886,1.027045904766151
1385,11983.173121740576,53.10928151193784,25.716349942705097,7288.535149326161,4.244954588758056
1706,23781.07944533884,5.8035253258537045,-0.1489936596922811,5104.679103198671,0.7341904559171173
1470,25957.27532379552,98.45851013763296,12.86329231668712,10459.817058709888,-0.3330772591336552
1118,46735.6048142877,99.1608973140224,38.52897970427049,11549.161882719223,0.2961576766477112
1395,4624.894490507119,70.56005561155541,2.5838794261121647,6156.944362900817,7.056355840206397
1531,17954.59176335331,42.37234667260674,12.357008711528408,7173.342630641425,4.015765543433364
1260,25351.855648417302,95.974003733494,30.573467945141463,11056.97981243817,9.609965995249215
1804,5752.052290512571,66.56244297460407,24.944046470970708,8257.386486317082,7.48984339569599
1933,34421.320961506055,99.11187702600196,23.418337070847933,12659.87643197619,2.286709125010617
1255,25799.90175673181,75.77505510996248,33.396585670409,9353.187598798151,-1.364354973588862
1733,23029.6446931512,94.12865678553568,-3.69077706393361,9937.438582139936,5.108636671827178
1904,32838.420634221286,71.8275591861312,29.70239656818965,8084.168816911422,5.899690409679035
1225,14461.953083096205,49.69692818587995,34.71470676471182,8087.585669878987,1.9626396968793856
1052,17032.422373961457,114.9535031911365,-4.272148512671143,9408.906256169868,-1.551168013839639
1939,8218.655066208783,64.93365898546136,20.15333279982875,7551.682929925512,3.358574767948978
1866,26233.92582171121,72.61074222486461,10.686481834478377,10229.09083293633,-1.1925612146083004
1499,18683.196812084145,26.45851672976991,-2.715678103390577,6373.24772842219,9.099974764456563
1505,13090.51010989412,75.07809473127318,13.798665369316453,8856.005329559011,4.433263720505792
1853,6324.636166942157,68.59291793795326,23.981356352734867,7636.951076627193,-0.6210355749617777
1363,1258.9376928315091,22.180607753642995,36.35561342152266,3722.838351330772,-1.7640396749821314
1279,9748.278344918435,7.150451682377246,22.92387189232321,4550.793726637501,5.750849250776813
1592,12446.567221638372,72.52311836577253,33.55343867001942,7510.20737118437,5.616899203626295
1713,24323.27170675664,91.64307232203846,0.4707178003554277,10192.328479707994,3.956983472628624
1157,12125.731510541034,62.808164510640985,4.473452538541039,8054.633728237233,4.21451537768832
1631,40900.90933400749,27.212715038357484,38.66317888965556,7701.402383398199,4.058035042384345
1058,23759.0316174118,79.98263720316419,34.93303106153997,8504.752649374197,0.4015517021577581
1726,31228.15713940599,9.612687193152269,5.5852128859011465,5293.596647811561,9.0612161501121
1127,10476.123389502956,53.02004457623456,22.94382468089108,6025.2717303168165,2.1891769639437664
1735,20864.79363582049,19.60401100781042,11.318474133783962,4123.602240275165,-4.695081497816153
1720,30178.59011252925,22.135086127186003,16.08693289279759,6369.7573739544005,0.2254201358248808
1881,15621.189807826097,24.27527389898444,33.73951670915305,6268.250695108344,-3.045761320286007
1114,16876.250704410748,46.40484684527735,28.10706745598648,6402.618284661505,0.450756865718251
1208,40390.51665874285,6.138024674447715,5.729915277404292,5777.7074762305865,4.12393727553599
1525,41875.35037914177,47.735212911491786,9.21968836135971,9543.019912164804,-4.660032882171138
1520,26693.75252784932,61.4048936537641,8.0369706918549,9017.677030053745,8.053007968418026
1551,44830.896689924215,57.99531419595903,30.129825025333496,10589.561568383711,4.154636777022633
1961,36860.431949517326,45.93409204836487,17.053978951157408,8902.760785588922,-0.5694218561150786
1236,2859.549135876109,100.6975929684903,37.782593816097375,7622.041589098501,-0.3319223911357758
1280,28017.725006205645,17.439203090460495,31.75092297530729,5833.165639430169,1.9850226477422608
1358,34919.88554060273,60.68360925376488,4.503749388456161,9996.26424629132,-1.2786229099730977
1200,27090.15309327337,7.4449700347865155,30.367425790954734,4991.297842394957,-4.934871083585807
1757,41615.59493085721,8.53868146534917,17.77357062462671,8232.524393967078,-4.601638277311052
1277,15111.77278041674,68.86390196125156,6.416955678131725,8292.44297395024,0.3661100795802978
1234,3367.4087440558174,67.92221098653852,11.349928426805054,7845.493714215217,-3.136674850870876
1493,31717.66438637788,105.36402154133484,38.74567525345013,10493.709818358942,-4.664544880293772
1003,36566.95059098557,66.94484107920879,16.778264916285618,10196.94285040074,7.889039050522605
1665,38286.1680277291,115.17492244858202,27.38226323247984,11554.74475312347,-0.8879402953572022
1441,651.920119435999,5.843381807991572,16.468838282324743,4365.146251014142,2.5468386575020183
1028,33701.57459141422,11.760922173688927,11.720077323075364,5711.111968381929,-2.3088637371256526
1108,1134.3164366789051,5.287903388445767,30.83890082167113,6284.431847983765,-4.299125416343566
1609,38761.82222873649,22.233222040024803,33.17459582987783,9442.402142606818,6.172994492328721
1726,35184.94651751659,64.95241331300137,-1.7649875450358348,10865.903761066687,-3.125647180298249
1804,28413.953791732823,77.46866177129137,7.553991510924982,10598.281627533192,-4.61424646394512
1074,25365.587858174807,5.470218953840256,17.85419714338963,4284.791594180147,3.808454923951148
1837,35783.882366208374,113.51650678147192,9.242398634999493,10475.80950335614,-4.797986413678256
1145,2954.045887012291,101.05984519804572,30.261235223233903,9360.88192782583,1.5442891721548238
1127,41626.24942934521,35.59349785885117,0.1630012336990889,7815.140983200756,-0.6674592728327573
1852,10141.186776466197,9.262503627176155,30.9009228828958,6117.238867443378,-0.2087302259337073
1041,23941.66426997952,20.38644878628688,22.80488877376932,5532.210391135073,-4.941514353289554
1355,24391.29129456592,15.23332965059672,8.021547334186735,8643.203093219483,9.465191205741933
1040,38878.464298752064,14.79405351587362,10.50046097985306,8633.142692819407,2.7544465372530693
1933,9730.254412972545,62.22740263988807,3.2304619791940645,8023.035509670703,3.587681995625257
1033,15057.511973059383,29.50169309920804,6.365803013416201,6646.204174713441,4.991837273680419
1016,33189.0872355739,42.97676598349733,27.27709910421234,8384.926951565201,6.962826865746504
1676,20697.30989147072,118.7406400061187,11.914786324353685,10054.56227061201,4.118636744637637
1152,15013.294790506556,82.11770987104137,25.9367862409172,8702.046057373325,6.4329715823996345
1997,31109.01880141457,113.87768004564016,18.134839349578662,12567.128391937884,1.7310294154431345
1377,4419.952293796074,17.106786603973873,1.5383987339766572,5213.286479964272,0.5691271060673238
1587,39509.95073875525,45.85673697990831,17.458179150986144,8527.727336416701,7.347008612232775
1598,26284.9859399913,66.56781639388251,29.04114306291848,8712.7085992723,7.979657862601945
1628,10380.423414505296,9.210967426648562,8.395397712594596,5438.405547836887,-2.932899953195993
1873,20484.94427329881,0.5024932353549438,24.16367491091176,5501.041486404794,3.1399028044009167
1341,6640.73238378028,80.4521200556301,3.9564694543768777,9206.364396042332,5.25463645729239
1980,30867.39753517464,77.01834201617224,1.106453106253796,9592.052056142264,-3.7460189505204977
1026,33498.101502787045,49.29465719995341,11.21017587807805,8037.963077668423,8.943952251141274
1824,20323.76781222357,58.75728912384392,12.514161716485162,8172.127877221568,2.801646590756961
1286,17050.555363557138,49.85316007105075,29.24543336651961,8072.9406286098,4.681861259751283
1645,42504.25898214365,2.8806053813866628,15.70354380705214,5682.262270117567,-2.326358778644695
1730,28845.85526118432,40.24459274609549,-1.3444297101131122,6027.905687816232,-1.0334796506685908
1167,33384.361475053,21.24987064767478,23.52997742599279,7007.802182081379,-3.184981749781965
1609,6463.203758757227,11.810902692164248,16.116396693972128,4052.203461403983,-1.0400191721916672
1267,35694.93218365278,114.80645206672196,9.923944025439226,11888.78052888778,2.385951479376981
1748,22286.07764870257,71.92316700505987,31.09984638749437,8961.075992809807,7.504443991859443
1820,18396.75429707301,87.43875410839232,1.9473155602413,10717.200297291898,3.0058512253054523
1454,46477.2695624752,37.8436491919341,36.09455547900835,8544.546844158976,-1.3330460265335589
1905,2791.305961078941,47.17765553928182,10.03276706427,4803.762031997522,-4.33068387663908
1684,9860.759604482628,28.430879267606816,15.742365017918246,4537.616515995136,4.329547538605068
1400,18814.50029574338,11.63588051585097,36.81548480020862,6041.508251756913,1.3023984604997203
1921,16269.600846407506,21.483796492990056,29.25579242819684,6706.963057466857,9.76530800225605
1980,25583.124117186813,95.7016854355783,-1.656390478783118,11278.899938089828,6.696398281175394
1475,20105.012422792035,81.3054966220531,21.02335864399168,9885.100506778715,7.1254422891005404
1701,39435.6240361285,65.63146511825722,8.966329225293775,8457.139075556082,-4.816474656794048
1633,38423.227603011714,57.01078474401217,17.881971242832403,9851.653607108916,6.666929993560856
1557,38641.5013242438,110.69211403873491,28.43360687353725,11749.348641000495,-2.080800339867608
1575,18530.79217364281,8.728193733440207,17.32778112633925,4297.093352614426,3.786938084324588
1129,20427.68704029632,33.67209758854992,-1.804015537472969,7396.906670171554,1.71132358473578
1821,36051.05023302452,41.992542428485685,18.84912333743577,8418.364049919723,3.574057758665198
1362,6297.498482707848,93.89109746553454,-3.914165004793533,8389.943942256898,-2.998347058655057
1704,42610.78889621626,119.10175441943656,10.678421081197357,12646.002677075008,1.8533752211671943
1818,27108.786066878387,28.880461770858368,16.51137353155443,6591.366590940115,-4.445829710725054
1692,42442.40650020128,104.91688009644967,24.01031035194824,12849.32697004702,-4.385009777605538
1291,39700.78874869209,99.67473125181496,17.779305442975613,10661.37834839234,4.866071961611048
1370,18781.71596023641,26.958887717012,1.8376064746225984,6668.157764175994,9.2754756020827
1793,5167.829528951944,47.91990962390671,36.94979037824688,4942.836278688068,6.660893780571747
1028,46049.42901641801,49.16074431510229,24.26348527380139,9191.120469397303,2.037336708564656
1148,17295.80695085784,117.386480223187,9.26355033062084,11572.9264172029,-4.161938898614406
1778,18749.71035879368,21.7070281654678,38.46728628089687,4793.34455798911,-4.324697758143437
1295,45461.52020235142,95.89895653257383,34.71599240990454,10626.460322034474,-2.6316160833791287
1010,45875.62542563758,40.10312570077319,1.4570539905173767,8952.023206549384,9.6371575590104
1511,13219.01872602317,87.70444149313924,24.49430927979536,8166.490034472854,0.9799159966174472
1675,4538.918404238653,50.40132051547954,20.203125343894687,5703.580604314727,7.651109378089677
1112,155.29050890021,69.4031715739848,3.67640152987874,6479.78623977172,5.577136584228954
1186,21970.894782635623,99.91341279913571,5.506381322006304,10465.08083827518,4.081429888240994
1806,28471.81274120648,96.49986779806608,20.36981980979364,10601.752825073778,9.217391674806125
1743,13589.866356294122,103.97078202476402,9.457972795028969,10035.238252620442,-1.543826440714671
1226,13061.50758983094,7.154079041359083,32.56741439928199,4828.002458906044,1.8233449370373045
1309,17903.573765358913,83.04606636476937,-0.601734411217663,10413.662011788065,7.970844485118931
1097,13227.94663737516,16.798485206611545,36.13138479409506,5971.23863392984,3.2764196146336566
1054,42936.07638715699,49.89822816220932,32.82486470807304,9610.303164823112,-1.3033229056083346
1622,32177.83531652894,65.83060980656262,28.2380567401186,8669.674274666158,-1.866253747365848
1663,41464.44696082341,48.32873816961969,6.815526292082364,8658.581627432297,6.293215015634516
1757,43037.86465531507,62.3534010963609,27.17310352189535,10192.20971687616,-4.808166586218669
1405,21806.99630570636,119.58315705583428,14.744640082838451,10896.748693532363,8.712881161043246
1068,23931.11468663566,16.226077645542567,23.51910537531248,5901.664269662486,-4.723730178271955
1311,48893.19797476297,81.05472544037107,9.064948774150954,11360.065385559948,4.464835703210563
1288,40860.31162695616,47.52011596627383,32.61360342136129,9280.49299498904,4.07121942163011
1761,39914.92660922285,15.961175868879454,-3.174075530650487,7296.221457381897,3.676167265821716
1547,29227.28904290493,19.048411604917145,26.115688601316258,5555.427440676478,2.1151457630013333
1750,23111.39795137548,113.91277274947404,32.28840581724915,10760.63355800299,7.786454990329167
1147,44741.07376274619,105.55217960541144,24.089265182375463,12055.051833273445,4.889993054357264
1466,40247.392383201775,108.84503524980262,3.639630195819061,11042.373330229424,6.727934222490903
1738,25887.76647599002,118.9839330992864,7.824135090111836,10279.639618148529,-3.2671729103121527
1243,13597.491018505048,24.99784680102216,18.17073825262377,7543.445432434258,-4.251520438138364
1490,7449.242257427685,42.65272048368741,9.82520811725094,5076.55885353574,-4.5720723660533205
1848,27680.01485687576,80.30628359098401,-4.778761023176076,10082.712151716356,-2.791910217896109
1957,14871.89798891569,58.05630478327767,-3.169484939995355,6388.585149566278,5.005118353816236
1506,13284.367729036683,50.20674400540002,29.549579395450387,6537.167889892768,2.4103263361175618
1364,5378.733094599888,42.93734992027117,-1.2331768243386083,6211.877007193994,6.283783842431063
1481,1820.1887225936184,71.25367583321426,36.76098350372043,7894.795659307646,-2.124044948868388
1200,39189.35574620407,69.07121143680985,14.923140065334888,9812.035153114555,0.5044456295569235
1153,5488.454829339903,19.374940087708808,29.11839872639652,6599.518898747238,8.327463228243175
1449,44441.61238650417,56.60878050221269,0.6477068230873186,9352.604081006575,9.035718190428
1500,10767.762098957175,66.41661314518198,36.69283390346672,8700.858033601582,8.825937324837575
1072,38007.81705067105,68.43443264776685,-3.4786026571030377,10549.43466028892,7.274575663011438
1712,41167.674062492864,25.212863149482217,-3.103827767169971,8289.697743246797,5.323538178968379
1295,39648.54051274592,89.07256707027442,-2.543639890413947,12474.5801798007,8.705168410411956
1016,43655.50542133282,3.023891378528356,-0.3466327566432827,7730.578109920919,5.712723877489585
1640,17052.07076600667,42.57982266517952,16.907423974866003,6772.411267648962,9.309043730882406
1216,49295.83496649386,93.62551782427605,30.47243989517358,12794.258554719165,-4.628175019446673
1060,14051.775560445963,67.66715052664829,7.822652415534899,8666.92269462744,8.824631288418656
1938,46721.47468590681,31.33949190130323,28.5599569762118,9382.848322454567,3.336108042090622
1615,21928.26073331802,83.39437432116573,29.83274386458354,7912.951290755307,-3.3230337226931264
1041,2940.9064610341443,68.0869132987288,35.87247984332907,8523.481068630457,-1.7763309539405796
1024,39267.33181832136,95.54923313476648,1.7208364066495596,11742.93271865264,7.782389258723704
1038,39391.8005643633,88.20302234277881,1.0990529065454329,10828.358589366184,2.5917543226977395
1802,9945.164934189312,73.21295064434815,0.4942774990353067,7923.096201308915,9.742265852428549
1130,41193.27116181925,58.58132103729768,11.168977407435564,8306.169591048749,-3.2370333574254344
1497,7963.21220731132,15.98185508010281,17.023569888639088,5011.134099824872,1.1875519585019374
1228,7656.439782485944,31.35996214624605,15.772420975702758,5910.012792141988,-0.0218833537885991
1107,40465.07246790467,50.29193675005023,6.567192912990755,8484.36791566078,2.7420315409738265
1171,14581.934302946314,71.91591444076664,22.98908314585749,7150.985794848521,4.501567283045777
1434,3936.203974563245,61.64494262583658,10.222313381524485,7872.350793385741,4.924442040724816
1477,47821.56489759495,34.58214311514354,11.473734463578396,9810.29821790372,-4.980561801323329
1101,27896.303780867354,0.7757229347652661,-0.2511471738833286,6122.334591150322,-3.665593493276481
1865,22459.06672267293,59.54870662809767,21.650410079098403,8683.785025314563,-4.474042495160722
1523,25255.091188666924,34.27511862746917,24.487616885273106,7601.930021429863,7.96898719597416
1274,33555.46883154056,88.1529960852642,29.107759920771656,8708.341453709972,-0.3006162026051662
1612,43097.13266355259,2.873551832458019,35.68041459072297,6562.191054913204,0.5059516281454641
1043,33661.68652654847,70.1793373566949,29.47020050456573,10293.33165485466,1.7555687342003896
1954,37002.36700917743,112.97690850072784,5.608464976753082,12625.013757427743,7.739565958803636
1816,9089.638694925725,20.929112053379946,5.60448217589664,3794.0288167867743,-4.787506085567976
1956,19266.24418239487,56.59793889007145,36.17892380028536,7810.073782485972,-3.220725884302244
1016,29282.0086712484,10.97063901805658,30.556010623682774,6885.730501616039,5.277446832113505
1329,31008.38403428694,75.08182947136231,30.20108936399072,9136.132536488709,9.458387840613955
1568,13607.586275411471,66.06380167154707,27.38711470497412,8077.652299607798,4.641796319455114
1822,48751.6143698024,48.88386290553988,7.024089606420159,9097.571620063423,-1.0831479729871516
1496,5997.4800108450245,62.56524257684895,33.13346540831705,7506.718787490305,2.79796643179926
1814,5702.689573008931,107.58895901628122,1.4298105136056725,10720.309494191804,9.624707133721516
1011,11534.594921840817,23.555316277328046,10.750792418405656,4256.848194739228,2.921148198516864
1317,37720.2719364233,2.707741404641668,10.591354297139327,7174.982175652502,0.6026144459230363
1591,1923.9092940117928,103.39978616389212,20.20594637686156,7646.781311156796,0.7513833225808044
1215,49394.50235231874,69.25404988654878,15.854960019800988,10300.73265985551,9.50550262887596
1338,49387.69938167156,106.87901465542107,15.691365989494177,12615.48517447485,5.783747900975587
1775,8068.241411703562,71.63342680958071,19.910759407581622,9538.66870155111,5.307592834330709
1990,20120.043386481168,97.2193307951643,13.693830471045796,10891.553003313891,-1.519185174638798
1660,10275.475239675168,51.56080360261775,6.249245409298101,6399.180470352497,3.392269566453616
1080,20459.959096619365,89.98319175459226,24.885432299530176,8994.897432503602,0.3511779778347019
1726,26689.85443113386,109.56497602678272,30.578502047728108,9700.4619798156,-1.3969771121907524
1484,41154.32436464728,68.65475564666475,16.554814548006522,8916.700631444735,8.433284290211567
1373,1886.7841605934204,21.694218067485544,24.226743402152824,5207.609221813197,0.7473371314392017
1975,49346.19379169925,32.25571380362378,19.091347682036623,8933.527567834226,-0.7581925629290334
1709,47034.09169726996,23.83734922768869,-2.3451602658303896,8495.42125273396,8.97580594912552
1199,28563.823217059024,29.622843311487948,14.038809770386129,6772.818109130372,-2.039804053158119
1536,24096.72930269876,36.76985392212436,-4.556637521521822,7341.726181895562,6.18257177074784
1465,27577.17319804204,66.61605441038262,24.78456751741411,8704.13696691999,4.791207166963941
1088,1020.2022284862708,70.55899553565993,17.867266144807065,7331.619007578251,8.807266425584283
1267,36910.36633041111,51.179969669023336,0.7074190830863616,9444.37388488735,7.480707063509174
1654,24872.15561795964,73.85049357850025,19.39861894354772,9583.351965404148,5.579428269094622
1570,14373.39198143772,9.78899107336391,35.42917013625952,4074.468160028596,-0.2814250895435659
1921,23131.02358547582,10.534588446979196,10.32208441499282,6022.6259612426165,2.4335351690582376
1488,14699.13333151093,20.619535242919014,39.20659448048349,6738.030293607908,9.167436420207697
1876,35027.543546651184,62.16929976484137,38.17209580339753,10019.59538532778,-4.651960541277597
1537,30760.26676785435,25.679361443797628,30.33894291054198,7706.959442088675,6.914977357300584
1046,19465.820694593946,33.99412841910928,31.620999001853,6693.582460419046,-1.2228447431918097
1287,15780.672905364449,48.037540340759286,13.474541208992903,8705.625428146546,-2.2247458505931244
1777,43914.02855432688,97.4239348812456,13.114349288369056,12490.560776626671,-1.5166307836652066
1015,34143.708318050645,1.6634563095432142,37.94788112201467,5533.765145229083,-4.103735127547293
1710,35817.51267676505,77.92545842839469,11.478831229913894,10539.529764244964,9.879697364292518
1400,30968.41903725172,80.26518372488223,-0.6407199917130537,10132.185083681898,8.048037148377174
1918,3854.004456707743,95.8386936427964,1.8715489686069269,9456.129324588908,2.8158395294834104
1793,3057.198086292461,111.9303526872376,26.96795343368149,10948.715750753498,5.726547678356379
1980,21515.65876850664,2.41654187391478,12.234142079033996,6617.609865483843,3.3489304438526144
1085,46531.94785708389,18.454044661585943,3.970427787048671,7333.620591600839,7.173684166762484
1249,26282.93313703873,106.34055528671917,31.620375790737867,9896.607684693718,7.671477873355171
1390,43806.63720336204,55.02222746244185,16.99030708029815,9372.411478876744,-1.508143577701981
1781,4917.837117599188,67.75087667201562,20.54385421464029,6353.451004598715,1.896216559753686
1334,36240.62763923968,79.56326444677768,1.927720959254788,10577.43235175287,4.522716012843565
1628,12342.358962544477,81.48799253947648,3.673939063717265,8926.295742452912,9.676612459124126
1518,26272.35837414057,111.80884839798098,0.6635216638212595,12063.32568500795,5.240340686442471
1136,14716.76141066838,119.63393008940037,18.1544259655494,11884.421902500271,8.46452516116236
1882,35645.434664103515,86.41889531171283,29.904565527726447,12638.539748878406,7.691680764806314
1687,20104.36373324925,34.4665451046181,27.952835974666343,8389.513284067581,3.730945955178461
1839,23162.20777572973,105.57028827532125,6.755386923499536,10566.563369604271,8.404830400928335
1497,12342.734121758303,5.906509744891393,33.319758455753686,3779.358146049193,0.661325917378516
1826,14144.75496378907,27.729702344939543,-0.2452618336813952,7078.301079933352,0.6892529567246717
1726,9055.83696639583,107.68628609564578,0.1322486537400058,9501.81711570298,6.714484648640035
1476,27734.5475136724,30.7429817327226,33.21869271718825,6877.342192946423,-2.9818450154748355
1593,7335.348105969156,26.47812715460981,5.998880252915361,5520.706136141141,-0.4126217381237156
1222,13483.31032245088,16.57503517682967,26.86521300880427,5373.953711898685,4.128586763100135
1989,26570.02159693952,103.09341091762998,-4.591418363524582,10232.100296922836,1.3009839830042296
1371,13814.081823971545,60.00699110293041,-0.7879510121381124,7901.258920398739,9.110855648323428
1934,29466.133020742986,80.98718436649858,22.41799189250274,8385.161680651547,9.377591044287048
1994,806.7838224639687,28.68796608900356,3.2087179695057024,5632.258323734958,2.538719632206837
1401,48663.81710622723,90.96485052134598,-3.7303841159257,11467.643939927704,3.085928355485219
1442,36526.44393338397,91.20066539545182,16.012604050749538,11049.264646761838,5.869406377356567
1489,25240.57451450253,37.51176298899602,9.87342246753334,9040.159419983716,1.8589738785126029
1614,46049.81220222648,49.28191596123394,31.101561763741486,7835.641453591687,-2.148522980892848
1272,43501.3274391544,25.162833291624104,31.847304599648687,8931.362368591925,6.204537529343961
1525,18391.06056542701,117.18732279874853,22.649040454413942,12296.20089986298,6.066788340294973
1158,5894.845999639545,77.47230924700939,8.186518585590363,8274.880693506511,-1.325283449123308
1151,12686.396364630227,112.14526568586186,15.773199306810271,10217.481766536888,7.493747796715112
1994,10513.594546260363,36.40626523549598,26.601521219707426,6427.802931306467,4.204737946302412
1619,37527.8660335545,93.82690955962676,-1.8811151080114232,9453.167869665967,-1.4554758452695182
1187,27450.68363639901,91.90303726616904,9.962368974765628,11630.858613791172,4.780587162530564
1812,42519.89933960218,82.99867822398498,32.00663654091273,9985.498056503562,-1.4958571056415888
1097,24536.06744816233,115.87667703201603,13.2712844011158,11535.91130282923,-1.0215056887997331
1130,38511.2762400772,47.22664033275787,23.110060509195964,7864.098166996178,7.720139602047341
1804,16238.799595930992,15.686078830770876,-0.6649533889128332,6752.375128274742,8.942373538597284
1170,30147.325070568448,80.60506310928729,29.967068883282344,9773.69985774156,-1.1467601246268333
1935,32006.06912802243,87.51717605726473,-0.4790529528241141,11182.333465382932,8.920765556277786
1985,37988.42584098704,69.00726881505776,33.768636452624065,9943.508551617737,-1.4180173024646976
1182,39994.47118091247,24.81814717600756,-0.2029529799640341,6460.711717317799,-3.240989516861215
1982,13897.501811013351,60.53471300032265,35.09017434263545,7019.260157761237,-4.126641828931082
1363,19314.39427562625,37.46276838829553,11.36964434022168,7920.37682258097,-1.3683013875105003
1038,10436.041033649106,51.29598338000269,23.10388292984389,6289.507945547526,0.7786981101585297
1526,37416.93508873411,77.42622910135967,33.0947748237306,9830.951700575024,8.913225701639572
1887,13609.340356296683,89.42576912290015,-4.539136055424504,8481.776650429954,-1.3676300044095695
1496,19611.85816893828,27.86696290816117,6.956192263283707,7222.2874106077425,0.4819801742634002
1515,40171.02113075941,48.6390432776344,35.87522445816366,9679.845696453624,6.012338121153581
1348,17056.15175613985,32.2993885189955,12.46792272631654,5507.9361466995415,-0.4688886801907772
1981,14645.865427471368,23.83579366342429,26.786916660893105,7788.716082174724,5.2655222751937085
1920,32593.95350882405,94.0064663995006,1.3005425269076092,10338.80151433617,1.4811672887275362
1396,48771.14193030011,109.1103233324391,25.526722063506828,13396.86600711391,-2.053325710112416
1721,3224.936058835104,44.427862282149206,-1.7077552013280526,7620.364507685532,6.01088351453704
1160,41755.94138856351,90.15347092485204,27.27963128941002,11200.731234417262,-4.594417499649738
1015,6168.081229568549,107.63943472372932,9.571222947405042,9503.440056366966,-0.6149776239053164
1492,17310.416051186618,101.5349052636278,15.963144517896986,8810.435716213311,0.3427230875256803
1425,20894.22483838296,21.937606624707108,2.4817081435175083,6555.57041098306,1.8732738248145404
1107,35965.09406928874,114.75502578160336,23.25320579803948,11629.970784835938,5.19803847964209
1893,46335.63994943613,45.201172851535496,10.190543295143812,8807.124314888568,1.891074912790553
1449,5190.346918089836,40.70887934086036,12.251875272221042,7451.019511382901,3.914861684293245
1310,37265.94176070055,7.49175927333364,24.34868162293613,5736.296256229374,3.93668617626726
1738,16182.390532517553,58.34083849258596,3.0487747550147795,6905.089536708351,0.5990747484401151
1169,45105.35868502626,13.081633876911445,33.340400210750964,6660.763916375798,9.009568986320478
1545,13983.019332681655,29.82477851129112,28.267888250929936,7108.0235370284045,9.33780746314664
1413,34723.71128733108,38.03311461207377,20.99785014121732,7760.022063129805,3.727763261416987
1250,8321.314438076519,97.05915881900208,0.774988018710193,9506.10974195747,-3.924636795568521
1758,47901.55922546251,105.0586380475076,25.919936248011066,11906.30359545334,2.366913463839036
1780,315.7844958595939,36.29595809537636,-4.185528255971327,5612.658968179821,-2.233710098089892
1140,11719.313667897772,103.04377454934888,31.19781106902748,10323.952240953193,2.248217828093556
1273,33829.61138998703,102.86771248437492,8.670896356274136,10193.0422456978,-2.172752682521873
1415,42690.85907146968,91.75811404618484,0.274519773865582,12993.808808802674,5.5578286847332645
1607,49678.50973376724,17.603413681821785,2.4020029325288554,8507.995696151687,-3.793563199004862
1738,8745.705783283176,82.83874162808748,38.34104793287803,8267.262710768897,9.299561145938862
1890,15426.477600523602,113.40288774966824,29.822368803287382,10667.289202407534,-2.069361658499709
1038,44603.41584996579,81.90485745205885,5.704238800138009,9776.245970400496,4.909845040738682
1813,1721.7458007665778,39.79402189294007,38.3559809558325,4483.673789085673,8.75443526094234
1028,36692.75893305262,60.06951809169976,1.3052951798144594,8712.561322977841,-1.281705290239063
1957,21210.29095879924,77.48700520212644,28.00872453556486,9387.7138838596,9.014453485556947
1476,34472.01919193757,61.268449047420425,24.55328320835561,8298.091389438858,0.8301199849040897
1317,26292.51607981511,14.39435300771638,31.966454757350952,5920.465127005766,9.407962258788851
1244,31392.883153336603,37.44768535824248,12.176442430294266,7171.237614269719,9.570457872017885
1747,33366.51914095084,96.2875236664359,13.082595623984936,11021.693909145752,-2.178801423961404
1696,31599.17264536049,103.37016553146208,23.105515829925544,9643.675140007164,7.466310053965817
1271,33261.69259955918,16.476003925868426,12.919259063434977,5015.48461848591,-2.098684807496745
1439,28460.561838518803,114.28641028784696,-3.1392098284004684,11848.131842480996,-1.6033906950337764
1747,35723.3783822324,39.45871414183312,27.83686143152832,8364.868958996629,-3.738102439649026
1238,38823.57131348972,79.4776486476864,23.84257283748072,10388.002406755446,-2.651945802527331
1376,39417.97739784577,90.21901751480172,14.067076574019149,11257.389227059888,4.483284523706619
1265,42690.303629765534,97.433548156546,8.627330239605376,11039.100871360164,1.738790950776797
1925,15888.480783088422,113.48996426711162,9.432662724731577,9920.101447054696,6.864163557532526
1920,37314.09419913319,37.55034576345872,28.346288067030848,8178.718800007648,-0.0200477776006682
1358,47338.39843438944,103.02077454618654,27.812239554079422,11477.1733058999,9.529368509515882
1339,18436.657138863942,15.802428412344844,31.85132891535625,5514.694880309152,-4.2519118877093804
1388,38904.29167500824,84.60490876243112,29.298119270624905,8597.452227912445,-4.055960683963377
1576,14643.9926168152,89.03732754167831,29.10748909477293,9302.09443524942,5.5206234822720415
1989,8860.906345521696,81.32678894415845,6.329795532494423,8603.852589762446,8.313083274592895
1688,22376.701917514416,30.27776833621836,-0.4274350430556275,6346.612948677129,6.932502874512242
1002,40345.95473975201,104.7651776418244,29.27885197162077,9408.81473002831,2.347256318003705
1428,15425.41373083199,20.2630156044474,-0.5621891154911198,4530.609897912085,-0.9553795804246992
1141,14817.474474054778,6.4361749824997005,39.19501323827409,6564.81936236573,-4.798227060429276
1375,13955.984255132238,86.09579887342946,34.379017035250314,8354.39335019778,2.6417718087966344
1669,10984.237137651324,57.05708582792804,19.005772086453423,7077.48544951077,2.1345429596391483
1323,30594.438541745465,101.89176239504113,10.848260429597264,10200.7735376455,0.1636884920535983
1145,12242.510571685289,46.00765692699108,18.707936617634303,6957.365544126954,3.671091819587275
1957,46751.65082126228,20.19343062092554,28.043582489651683,6431.731372315639,5.932220460719099
1292,17361.95923220365,100.37306309638436,29.03484903522765,10002.51495997432,5.5133235434236365
1664,27165.69797306972,65.8691557968086,-1.6850300607537068,7599.922251117217,-1.0512073732367675
1431,20517.60606082853,22.703495086842587,31.218434270266776,6686.501300561649,3.7795553292188977
1704,48139.51513113436,86.44607983037349,23.867368676732,9436.505918762768,-2.7683828212400243
1948,21258.17402021551,61.33363661874007,-3.1739173742658733,6451.229350640184,-3.175972341674681
1974,28228.352966579056,72.51755786883838,9.092254261620562,10637.63996607608,6.787837543886768
1584,38194.82067345299,55.307800584789824,17.978861591244215,9897.57754675541,5.406188531433038
1398,8647.697207155818,99.44507805816076,3.480317149246373,11002.32644993484,6.518933509474429
1816,1728.8259476774942,99.54752588196598,1.985823799354964,9130.068750281753,-2.713065886936687
1888,22800.503772806987,85.12665861892634,-4.357347593120206,9523.456202954803,8.7192788405569
1343,27576.98929137386,12.648165287575472,36.01977850530663,7909.852931672255,-3.0033258016646185
1963,14424.345831225,100.66246342848828,-2.475142023641572,10792.946347477353,8.050554522965932
1139,23178.982825204013,80.52155766394918,11.470513965881306,8953.880394208494,0.2856893695889688
1186,30796.50674615828,83.64289992051594,4.259723677217048,10407.170818404267,-3.4184886044879104
1804,48666.32056956966,43.5579408484646,28.346489599331257,7845.375636654317,-0.6984655915171114
1060,30128.680074476528,105.5135467388408,26.823309586669048,10177.508009038378,-2.278279786791755
1996,22497.97908807168,87.04459202818289,31.280008538289145,9482.976579911468,2.360045780375712
1938,1224.1718487307005,13.510855983503337,22.756373556024315,4244.275791064379,9.246180220596528
1379,15598.103273259669,48.93336412873952,21.62439221500008,8325.82676529782,-0.081932576262222
1709,17988.44958686463,106.365643435217,13.3199821962348,10561.456329512694,4.1814847852317065
1806,23899.53402552488,5.66360420368548,23.63614150489907,5217.275925811919,8.375813136099454
1439,39130.33603222911,115.36999435704594,0.1842513235038865,12000.85013708568,4.45110894544348
1318,38816.78007131816,81.49950819834754,25.80307821409831,10381.956046113948,0.4329871130464653
1301,42279.77057323474,75.7651173172052,-0.3246008961610416,9900.560886222764,9.862586907638187
1343,14570.628687438451,32.46711077855897,33.77829561396998,6702.511613124552,-2.1887959783919952
1010,17388.32114173637,29.85501464870125,17.755726262217486,8441.100159052641,2.84884022343262
1061,7596.920639645367,113.04698633863146,18.866060704103823,10011.625704771048,6.95058248105196
1844,42885.04723155489,35.792694508094726,21.31859209923561,9063.321864926693,-4.990266956341635
1225,32646.534738455528,93.06063560627992,29.922362454048567,9305.761659928912,5.530648782136556
1152,3969.740300475749,47.1746157848495,16.531177939247534,5990.40179765102,-1.0025165494109207
1710,15252.484191160893,16.710488494164476,14.24146331412949,5663.016400055838,-2.4540991596218427
1563,7720.980060640539,1.285835723443074,7.9750055547806,2730.559110772991,-0.8870830494756285
1771,48464.48500537177,65.3108804418301,0.7617707822916095,9462.702098959637,9.50224638759676
1570,16297.680147368796,117.09345822587191,3.565414348421489,11967.865852355288,8.379028888595283
1583,24873.71919659572,44.29634325710454,-4.976247034137543,7016.713177258568,-1.7936831530444626
1659,15963.310579980647,42.86308007916538,34.12397415035503,7545.19646983659,-3.2445984032233315
1860,23767.3969611323,41.29099414193305,29.42312777044968,6247.1507910982455,0.4622890677170144
1574,49931.2450737727,62.46526047658301,4.840709296853037,10437.662082532945,3.885047201501102
1309,14440.699927737316,52.879786010915225,-4.892445923202261,8149.350012705419,8.007169428716809
1884,14202.840466064548,105.58975520724174,17.14523371879176,10593.857506216054,9.491351875601168
1242,18631.840603684443,60.66249500681884,13.565793969178172,9065.796194123172,6.26730052259648
1492,8548.906991229836,60.93094058262825,29.92029796039264,7099.489484599589,3.985108190524837
1365,36975.68786157019,16.604591366466792,13.130297801388302,7491.568859190145,-2.8650196080347463
1329,19029.081031944446,117.92874490924632,33.88507633856913,11221.58627741841,-3.889574354400334
1106,29084.85298696892,29.99674690425956,-0.6872796920636217,7665.562691814078,3.940403177938016
1225,33099.02410357592,8.80368809515232,11.463613881364662,6968.782742800628,3.085961586503906
1824,1868.637259855928,79.57754987702505,37.02734044009288,7169.609516259863,7.691321616011532
1217,32235.73932739964,71.44396441882472,-4.472166995290454,10223.945638847668,-0.1609122371734423
1936,26685.19102141184,49.81747847912949,12.585524080311608,7817.011380041354,-4.404637139752848
1752,4234.235478108331,50.663068065681365,6.68664670299389,5716.157653466554,1.355624036365498
1505,6311.877386614634,94.20767052557174,18.933732509938515,9178.900890676432,9.53773455906609
1258,22095.841379382568,23.485516811957886,7.54450601253826,6901.899372986314,6.933623574047847
1887,17380.75496073875,98.43039827338676,34.14586204576626,9261.82760763376,-4.493417395365903
1773,21931.040668753936,77.84965366740218,37.17122137839734,9391.979294701594,8.12018355847263
1516,31812.20272294508,50.27637285354293,33.211043368327324,9222.843356118252,2.075342344319761
1772,7805.798083038281,54.96343399006423,12.93555303525772,5716.669175326153,0.4715204772693369
1053,33155.98627415203,30.79766486233149,39.54701944912894,7322.550711421431,0.2010931120418737
1046,40924.50663258485,90.25371992363698,28.076634248088624,11209.283017640984,3.927163795582967
1726,246.1187813678474,61.54496907663213,11.002402148287857,5744.521348113564,2.958991276611438
1688,18486.333658436823,38.50254512998123,-0.7838230460542217,5895.556088325971,4.849408662523945
1520,13830.862762053332,71.52601389131402,25.0170887371778,7705.245601607119,3.604621975600701
1098,21656.78889708232,119.48813424615876,27.78553499043258,12094.98502384479,-2.840831377374222
1019,30802.40795310665,52.23147355878646,0.5106609799807451,8138.043033054308,-1.141459868625227
1889,9459.708135893425,110.48296809343437,19.7381358308316,10041.388412555849,7.615443581527511
1752,6791.371362366789,41.40202079094793,39.41895928242192,5896.559898845877,4.948877720434449
1572,36469.036684758845,6.567924830998306,9.68089461246116,6183.825963696359,1.7260093812211172
1890,34319.08171663225,24.509052764211464,8.585276009478871,7136.853621510039,-2.26097852249202
1489,23096.14024959401,50.2434171993221,35.6485974741834,7518.507861058294,-4.884634460340322
1418,25116.00411321861,26.35619143134828,0.2837220099275033,7090.569836542285,-0.3216889521707289
1689,13566.07597616978,0.0272445861906645,37.00873765188552,4253.352259298064,-4.177295646099969
1849,16526.038468249164,109.80018452970327,30.076917712307026,10168.051898886868,2.234261996311827
1061,16072.120580365376,101.26552934771148,12.58781840198139,10204.108008547502,7.327021791373127
1144,36344.12192160291,89.07506777843365,-1.240357084153174,11077.017583607478,-0.7190200792655403
1215,27826.5907796201,20.13775147752344,-4.137145643579698,6000.986185325408,7.716312423325743
1002,36501.48460073182,14.443629145198326,11.912403839700136,6507.805345004243,5.568465941298841
1159,29576.76128862353,8.11256993668598,26.740911301458,7136.401906025466,-3.1210650596770195
1738,27327.25180996865,86.88350265275055,16.938814606100596,12035.99293404469,4.668428369043749
1997,16097.039478797058,111.45695528254625,28.23933517647655,10345.794126593108,-2.724802890416852
1780,19833.743908842145,51.66429850956444,25.17568819267493,8469.697084956759,4.82186380412378
1119,44381.15401671458,14.29688063952578,20.780823521576487,7766.581637862628,-2.8592827290784086
1892,28838.90703386137,61.48713848785279,38.53745863261845,8275.024926168999,0.8876704902334902
1088,26270.31933955916,41.85982889503562,27.77729954590616,6103.522611488582,3.4989140535729053
1328,2751.2606746832066,44.97899092199973,36.1576052131649,4610.190330189939,-4.244387428640874
1579,33577.36957112802,74.55967489868488,5.897225394401279,10711.869833450137,-2.700374827182089
1909,34332.27065217968,86.24617359146428,27.11378320497405,10541.979255450884,-0.1938676242163035
1356,34563.76283421551,13.272431864779302,21.90112885368217,6989.931972150579,1.93480128657792
1609,4651.983501857989,4.270827696777166,36.59332435774839,3678.272217899008,7.877309408821516
1266,15092.71747477298,119.3196363222858,17.970385793096796,10677.683441334211,-2.190903674690268
1616,18624.17970722435,27.92740186986622,7.583862056311824,7549.745116196341,0.2120642575378841
1951,41342.19510681066,6.459662989015089,12.317753217034385,7019.544745219729,2.136643544202709
1322,49035.56943238034,22.7850394915104,4.847341244181752,7385.041846373376,-0.5633216601594686
1634,20795.90491443881,4.674941561815706,4.898784972468402,6288.896120363012,4.386216680813062
1987,27758.60729589072,47.0173073540606,16.168971371199742,7560.542226344043,-1.150963478360448
1540,466.1292079604818,96.2882141341589,35.16559758818371,8139.470951458138,6.585256316698651
1648,538.0861429137744,40.94933397092648,3.634120428756521,5661.49252490034,2.5773114227677505
1194,3817.561429859568,53.30200882540399,7.9541505455852,6371.404681074951,-3.705426748083347
1920,36001.37546796734,81.07041282809266,33.38446576231924,9942.183541719602,4.404983428479364
1737,8989.016231268759,61.06728840838562,10.266532490223192,6826.305895827448,3.53865255698136
1331,37916.66563158047,103.3734823225589,38.30860308953714,12122.618208049464,0.0789603131000902
1169,21650.619959583208,103.92428100549078,7.101412440859354,10407.35674974012,-4.83264382416468
1520,42513.45353447711,1.1892834589384371,14.896453976436,6583.737227038999,-1.989476867384412
1462,43528.78704275355,93.3655567779839,-0.6975527363266618,10025.859682664495,1.0856429332352882
1039,44003.66211700349,55.28803202900087,39.64791078843707,8210.840748284076,-2.001289493100539
1536,27220.781640017227,118.66086495643955,35.05639201940287,11880.44382583821,3.662366814095167
1260,39446.520768590985,57.98784910505222,31.79030137942561,9098.69748346347,5.684873408893852
1394,33129.42046124222,118.4275134465957,2.080411175242329,11596.506402154404,7.840264851262534
1954,9416.988343576992,90.54832334468838,38.621112603156114,8901.90255924272,4.704739280256231
1225,19137.684602961446,29.83258615359676,36.8118078555966,6034.7999225999565,5.335138318822191
1983,48121.88136919338,64.60739751443492,14.60521488988837,9066.75437552777,4.126627978457867
1123,38650.978600129885,119.05627673742993,25.6736663365633,12930.114562633891,9.782290864190555
1974,13223.394459988169,102.90367293023084,39.66062924614212,9912.641433986597,-1.084991463801377
1037,14120.619442031955,11.684027254946532,13.438534877481183,5479.860093235079,-1.0061197923086245
1327,12783.638030003978,84.76463961719953,0.0870560074337332,8916.766892363947,-3.104995378672105
1250,16507.86977230772,41.46955030449757,34.050056566854856,7686.702534138814,2.2852648880429856
1900,46422.53807554434,0.8378714256417741,16.441830329912353,7184.75042300029,-3.557574445536172
1175,21733.76029815549,48.41771628323996,39.41362547766709,5619.14569531786,-0.9478010465284444
1601,18276.19534545692,28.17053060699656,19.79017871821634,6244.03769926212,2.2402139315708736
1913,12035.19853638168,98.2643124624566,-3.673507838485893,9645.978728245893,9.36393423895026
1453,44631.1624362183,40.47967306149186,17.127713362197106,8564.136845269462,9.45719490760251
1036,47873.09036411597,99.30284327445806,27.31279581980322,11283.21435969914,6.156103512048336
1315,16244.718384109508,0.071752660175437,-3.828648730861416,5939.725826820397,0.8387524236352739
1687,30871.0058200517,36.9382980031343,13.605192146309292,8605.405929272316,7.977419100648191
1972,47925.82403716812,28.93982571693144,2.0002090203209315,8624.833290626928,8.131837028614605
1795,25024.05205052155,28.02808332823332,23.939356945961137,7552.644875019278,8.652960711948285
1964,23486.25200689733,8.182394371855523,38.080563195011855,5119.558062660042,4.600375723228195
1972,26431.94305779919,22.45491244926021,23.106320704988185,4859.554689410623,-1.9731080658817928
1592,1755.1845923262852,66.66594838627438,26.269496787365007,6288.003508479298,-3.633788408439776
1113,15075.938631706782,34.963328740529334,12.845330519152428,7701.836401982672,8.72163256060195
1039,34979.71169103188,50.08737387949776,20.34133910283624,7217.612546681887,-4.166808378175955
1300,48339.804849214685,45.22402564166262,19.47359693586369,8662.46868012026,-0.5616491084300774
1223,28480.36153732024,105.10859099998736,29.18228553705748,10801.425645777255,2.304426505566056
1317,9604.74417170262,108.63587988126186,33.561024115913284,10731.352502665895,-4.670349606897863
1348,21397.982238699187,59.154836598703206,24.82986749273949,9177.400106736362,8.603683880173659
1114,24551.98229256447,39.61871403787253,39.09139608658207,5889.928314679611,-0.6931850769164756
1697,7696.013026470199,12.816084480283635,32.27297766360248,4742.918554530298,-4.572428016191371
1322,16531.211773359584,114.4083455258514,0.6091037012616276,10630.219414240726,9.903849958397776
1567,22308.72066065784,7.227233388035694,17.8363929273777,4301.362961894694,-0.3291022877372702
1039,13168.918968637288,35.718033308193654,35.645623541219656,6053.478864922457,8.151473612280592
1865,17758.931307229206,35.7679441404005,37.47706909290462,8180.727687534475,1.8021168088132136
1039,13884.593587727337,38.44815433682579,12.10926722945791,6099.122231796354,4.946888515824986
1858,30679.79397319361,19.714421192689112,27.65668276824361,7019.5036764363385,-1.3836477569396788
1972,28972.27075522593,93.97937171084368,13.474546763907025,11538.14725132974,2.5431299046553297
1748,27629.59352657136,14.699743435918704,0.5646874980744352,6728.339934223911,-1.1352321136245953
1288,4927.09242857295,76.18879909837953,34.80750872150882,8167.644190156069,9.266258218976551
1261,9259.526579972651,14.861523204698097,36.93789052205385,4070.853767511157,-4.085818813756306
1215,5630.275731142341,8.464276511154786,17.713773906961297,4746.940785957765,-0.8798910874272883
1146,3257.720241806998,109.13154044230518,-4.176165613093532,9650.67198386694,8.396633148248181
1335,12416.81102241482,22.81545195824468,31.72163128133169,7443.364367726659,2.2005393626092564
1167,9806.62140768177,98.55001854716453,16.46321648038559,9784.665367218724,4.00126167856255
1091,36277.32031020221,65.3557045328563,-1.623723910629415,10011.627976178124,4.775400572434638
1352,34824.752288026095,9.342782353052351,3.522616729217269,6452.943797920459,-3.936087323396549
1570,10146.825023776077,114.6537829725681,1.8453703103692776,8622.712762517343,-4.733918886371224
1570,8361.629791875584,29.635340039027103,25.882548984387142,6188.184499603797,9.0676157756696
1815,7330.29810041997,103.15744144231276,8.473427179036515,8290.401645905296,-0.9274573205467886
1680,16070.493534055888,20.257200694147706,0.7460732790149445,6780.296349425486,0.7046966565329331
1780,14779.924732018728,102.47314585702236,36.29419718061296,10367.168651686432,5.231397560853244
1362,1524.0267167741492,1.5874575486352782,38.04389765571114,2987.0465308215644,-1.4554418439091812
1556,28436.736356681937,61.41365478833768,1.2359142745137517,9620.209174647336,5.996070552512773
1344,44911.77032693711,92.3331095305868,5.360613398944357,11496.127794078631,1.8736327324490496
1692,26988.94754591469,112.175462099134,21.64543238228872,12807.450610355389,7.849147079310866
1169,3284.025810151588,109.10425634477843,1.772853227431333,8424.096674986471,-0.8218904635177644
1355,30017.592614329948,98.35498434571738,2.136626180662533,10323.229496323269,-1.942662793050522
1190,24299.306194622543,106.5829619593565,10.145921878182554,12359.406582661111,7.475325308123081
1666,45355.74935500938,23.90636230044918,37.71266497906023,6169.107725452157,-0.1051090251074953
1421,18224.65038600829,34.10211548540745,38.30989883603208,6574.939779105342,1.178029690007575
1699,37623.90331873292,34.67622299052702,32.88047124214165,8997.799731054953,6.905617490319896
1006,2018.1685429434028,45.24647172020386,26.30708130680728,6450.589299700005,4.533648060618624
1132,36102.50496230104,47.198480446222646,27.430301463553867,8716.491628794602,1.6258883564840358
1746,2172.1772393414326,65.34663895856106,16.13077793893304,7119.430950739548,-1.2516423664316303
1556,17301.292357356167,19.185571603972967,18.8569582669997,6237.101958831599,6.463014532776464
1825,47409.48260490591,82.94959965431872,23.550369700269464,10729.9143228506,-2.2935344826491444
1760,35189.9196753058,20.107984716540777,27.907898687256512,6906.302473669863,8.924194008796421
1030,46258.652992447496,37.237017852545705,-0.6419222370251925,10236.12211657865,-2.7452589631550417
1534,24843.06318303356,60.40141567273849,5.11991543557998,7639.648489398595,7.074005379209442
1425,30350.20960321356,95.57286738281728,38.33244360862055,10443.342038733535,1.3637330009220063
1393,25935.64044718421,88.73630798864727,10.08140194572605,10224.075948009446,-2.20990650599732
1671,23995.34286391396,77.46412276926267,7.08133948636913,8516.363929815245,1.035684073551567
1362,28953.70845783534,18.69279126962041,13.986009045594542,6502.636013753846,-1.6767227570009964
1436,2041.0778187237431,65.64544147386933,8.091433769496792,7339.941059809352,-2.9600952374622898
1669,9365.62849900234,10.493580215986253,-0.8968913351665178,4363.935954376766,-1.4126690160416229
1550,10809.61540443958,45.28358121559809,4.358250935689148,7538.393029888175,8.01097708807379
1926,19204.16168731946,49.6219836347951,23.807190891205,7630.124396247067,-3.4108641878026367
1081,21784.30164331568,4.777372733490459,5.043215067372971,5616.615186523922,9.58809381651836
1355,37011.93508469415,32.87857193639662,24.145023851267595,8447.021620723775,-4.925023194684847
1257,8360.449903414887,114.67793607197872,-0.4963597293438475,10844.03116288,4.873572315868646
1717,28537.635295135064,114.43591293956274,-3.1155642683385905,12250.278055492232,7.84767977257129
1588,13687.22823044345,42.27924651030472,33.770545719663644,6833.043921409951,9.009364721901465
1988,25831.121846496266,5.172013073798887,29.201178799376187,5802.545573804876,-2.840216098148682
1523,31368.10481138653,21.491392719381786,24.9712457280868,5360.349152413589,5.473127446785101
1294,29164.281624337367,47.06613521202482,-3.6095345178410736,7259.262486975059,-3.3897617576652905
1961,10847.501819374376,113.73356375630756,5.770927081918266,9775.242885251177,0.2891724081165039
1223,35501.71116391459,16.943887624462192,31.554144721851728,6114.713102716379,5.978895362604904
1524,32724.01408137373,91.62190124018548,1.510044927634505,10778.60683039658,0.1895983924460038
1045,46606.96383682525,13.04190472496305,31.578404795219363,8399.547222213701,-0.2993790757839827
1666,31744.18103406718,117.75090928695322,21.29050973691311,12004.216318342738,-3.259180717963877
1112,36044.18796093926,45.7939798930962,28.316576550864063,7884.058081989451,-4.00342858507868
1232,40570.27988057095,93.02814466788672,24.002818530302783,12354.7616968948,-3.270830130773644
1016,5389.613708763431,41.11092993733582,13.764531103768952,6436.696924319356,8.132121624178366
1359,34847.080168852546,75.32026525905704,8.138980700361598,9527.550916065444,-4.832022119286121
1222,15997.153505705544,23.04193016880441,25.27281303658812,5281.55888647613,5.392988043029336
1865,41175.12388893794,17.522522315635506,31.31107968122024,7949.232242157074,6.529363448324467
1699,24061.00746702077,112.56769674817576,-2.987031372716222,9915.10610163281,3.5183245619114327
1447,29072.731153723988,110.117673348532,12.095902017572378,10041.24085946681,5.961630417747228
1855,13090.844950384366,106.49627282554589,10.782840288093835,9949.255317934205,4.784045035376504
1364,32563.199417119427,75.05201401999122,20.176187820630364,9489.71499333633,1.8333773364203896
1674,1878.901570983232,96.9921853459534,0.1266275374509868,7933.605879359034,0.7406564181440061
1325,37453.856785203854,8.28443242936499,37.00387345626757,8374.622810734443,9.119979826077603
1466,8248.462516109126,40.1746850268815,19.682962079522014,7014.722526365761,9.57906988855702
1413,11455.970105312848,37.64437497085875,36.56887619277005,5707.729912739865,4.769071054375445
1454,145.42211635696052,76.2774386343136,31.76234155577428,8668.316890165508,-2.040517401522924
1585,15727.414281855285,42.71493281647686,3.62374880418316,5637.758142054819,1.7184874365668126
1232,19473.635981267274,17.820813797241698,0.9552555531830738,6992.775718515223,2.448062351239105
1223,11776.584885753617,71.57604904962524,33.75626080004177,7981.925942180052,6.369550786909924
1993,11587.499563809435,97.72607048028978,19.124510016289857,11614.336939147426,5.01665696983479
1830,44659.75130727193,45.85481933519678,-4.111576344594571,9964.64161112366,2.7222164414184267
1411,16389.979951182348,15.872245811817804,37.04020367977119,4950.316680711133,5.205468366807354
1571,36141.8771869955,23.602583677538767,16.2862779726879,6957.990345435572,-4.63914729899339
1334,11945.336511102243,28.49799662032608,8.542133578857808,5414.699653559656,6.649529828265457
1221,40471.15728850542,35.98771115934434,18.24690420267913,7842.198806114473,-1.825516489895836
1036,33919.32536112541,77.13540846075709,32.031327569536984,9463.662199217892,4.846137093417237
1988,37834.579216538565,72.11345814452628,-0.036826923389432,10923.677968115438,-3.2904012179448627
1277,22032.88475274972,83.5295833880447,11.151980645688962,7262.896343960786,-3.283087461129478
1195,43990.2718044705,43.50023814378158,9.349000296050129,7442.347935900225,-4.46513534244947
1915,18763.21995127805,98.8797182255974,32.784228401266645,10452.81572801416,8.653492152302677
1863,30084.662997441315,24.490519338691232,30.03102741897456,7364.180423601858,4.06838136537718
1483,32039.59850072259,56.28488970217848,13.004681555961945,9100.625489758802,0.4294290434372243
1241,47617.34416002919,96.11264658497164,24.9019739349052,11221.53065499752,6.816666115289632
1323,6812.682189173171,21.61903772791431,12.75004670326518,5169.6325719341885,4.391233009369982
1730,6866.696842617943,13.183573648893956,20.70912272423052,4713.611492044581,4.3012077686941055
1191,23156.365691688487,106.04207612255875,39.604688258130366,8698.6283780872,2.3056419154451016
1016,45901.9934213155,41.15155953110351,19.10085102560086,9216.246384882015,-4.88109831997687
1523,1182.0868877732423,82.06441498908384,39.4858629773728,7137.644916838047,-1.1230624036259025
1917,13886.152804219264,3.041832511672617,28.623959781913463,5025.768319426749,-3.363849580998756
1400,14250.95757145779,82.80562660913395,0.4325030618412881,8497.091859004344,4.9361477852916416
1905,15317.134879814288,37.93215738563647,30.8184775870156,5854.192859344416,-1.270687673195034
1885,1332.7779587475372,6.688902430493009,2.2578538661416827,5484.8910791397,1.7524999607681044
1704,41297.756033190366,73.17753138577405,18.95478737739757,10841.690382685176,0.3014544743482439
1021,544.5816877378494,28.89645792878079,22.59603555095285,5260.985507592983,-2.8520189311195403
1473,23937.427304245568,46.4168690462256,35.15037048487121,7092.407224133392,9.375553493240789
1119,2912.3152496703588,9.669697474381632,4.4690894615701655,4443.808064280819,9.00128967440824
1209,39952.33707848896,17.65959013139344,34.41739325637382,6330.286341001448,-3.730877209450392
1305,37354.63326551801,35.75726825950125,37.05221991812355,8298.531498679486,7.410480302919947
1269,36104.38999706928,10.771140067218855,-0.973069193319426,7254.284476066571,2.325605240745597
1703,36839.620711013726,109.29915176235782,34.83783031054101,10782.64472010631,6.606038268712769
1686,47017.95379946707,0.7256451820774101,6.663102187348615,8524.78279737131,-2.732643036293496
1284,20898.864549556773,58.06322626371737,-1.3549572778038108,8990.731689482405,-3.0158879333368445
1715,43092.58271586142,14.789694975906173,38.13584601632459,8818.547179603798,8.361362513428062
1675,9293.189427693162,36.92149073735382,12.64915692623159,5805.829746038284,8.467292377615912
1762,22618.09870411168,111.12714717819186,23.034257731163635,11052.089960769152,1.988682441304132
1226,544.563811203383,19.403346392878426,19.879290390789183,4939.1550419909645,8.05236696422347
1947,14278.600636222169,115.89987836619991,4.593186609692459,10798.363269081348,5.011884272554454
1380,22962.15785848012,24.695325238730604,25.13045776751793,6733.496109704197,-2.22485386083512
1459,45473.56293743808,88.98793301601955,-2.924825494673077,12156.124992739691,-0.065686029767769
1006,15915.88310589273,65.6012717876774,4.1392716840397,8503.185775334825,-2.9590902423699514
1028,33653.18678036512,106.1374473116111,37.509868792027504,12215.16445371039,6.609230033963996
1906,41714.94358855415,66.4791906603757,37.9078386065845,10017.92339829211,9.778760870436246
1032,16393.83359205312,64.14710629875704,16.719483631605407,7191.528502965572,3.1956748984901733
1645,8544.487264585041,23.454960044207983,2.6082282511200363,5305.062445408107,4.837966211723391
1878,29600.587791919424,19.94752344619905,13.9729027465729,6442.487318233518,6.19138852200455
1078,14290.75403501647,109.97869813386173,34.468187498135464,10422.088573310688,-1.6361134635426438
1927,32657.36024854188,39.34058386200409,-1.837667550378137,8431.364596305082,0.0400187145015129
1946,6821.582062429657,44.64987059554751,0.754085972358113,5904.728459611221,1.1848181698635205
1458,7664.582699395455,91.1788390114066,35.304378063522734,8780.877184180446,3.918824682182082
1569,33828.56111258217,40.65881789073688,13.692253031173529,7585.283195581519,7.757388672231634
1982,48680.61605459977,114.24749359668031,-1.244362768593069,13535.67679782315,-1.186946831151408
1537,12420.12607756508,88.55133227985604,1.264408472829171,7545.0973039305,2.0633320109168345
1481,35724.250432581524,71.69150910881041,34.71016800823571,8713.884508952746,6.273008668070675
1429,26648.826528985595,105.70741926537028,17.054651723103024,11917.13732634105,-3.689225007430635
1737,42207.69249003029,5.95270900193793,2.334743853756001,5956.910853775089,2.693401874892677
1284,19505.4110196268,30.84752306270505,35.23268897176519,7292.274808374429,-2.8343044495141245
1515,48588.52840187365,55.80436010650919,33.03755001304408,8182.747538502617,3.08723345091024
1976,4211.603757953615,27.23742473658252,-3.963949214526321,6523.812852333475,6.517341419731553
1098,49233.92706339804,89.26862247625823,21.14455484872624,11420.40182481922,-1.445788834325903
1396,42327.2418378758,110.30496372644704,5.995149267131849,13160.517471691235,7.742176682270573
1488,43336.26057460902,50.85241439171081,18.991111539125395,10031.758546057532,0.0220616512262505
1038,42135.93153517649,41.0559120134274,7.567074949239879,9473.437070439297,-2.138227046633448
1270,43106.99757310165,115.38608785650796,9.214432640138698,11492.667089356031,1.979850926062781
1886,40776.11450638845,53.3822919393049,22.08336395946612,9019.3601798567,8.14112623157808
1796,44985.90509774266,58.68580805391399,19.24866299954773,10831.662823286077,-3.966004082388456
1156,23093.956994976128,42.19798468102864,12.783657900136326,7619.403719157429,-0.08642800675032
1074,46970.6182562188,109.1458167614566,-0.1594412676942997,12321.65994035963,4.797447534536698
1883,19309.64636835397,68.27465799382209,38.62407543608271,8718.571078992323,0.3637130304337823
1799,36452.97955428381,91.46095046179737,2.857249771152305,10531.115610513432,-3.9376400790107664
1129,35546.593574251594,97.41680620210636,23.490276023037545,10596.918774735252,-0.0200154682928941
1686,41062.73546820301,41.02188503007098,-1.2764856783170977,9008.99283711909,7.314390792047954
1973,36945.29352719147,52.043319758445605,25.97407746455284,10050.418491217226,9.520562837575389
1083,1865.437397822519,101.81661292875177,-0.7322097477243759,8838.192822759222,-4.403312039034224
1021,36983.72634669679,43.59064220109723,5.327875367769179,10467.85156067483,3.5392572645260394
1458,1262.508644245837,95.27221601422217,24.114333972011703,8359.661047293153,-3.420448504597279
1538,26708.19256516089,112.91907870893245,7.732083637495906,10748.178644972984,5.205947937340088
1706,41963.57041845231,74.78524476816084,18.97828668165656,11441.884899298888,-4.881616609879236
1848,41495.80051603035,88.99527449422666,0.602742700183418,11325.99330602986,-4.778875614389401
1381,42081.51826377528,96.6116774449362,4.1080242669791325,11491.05683316966,6.653197396458609
1747,30160.29032610141,101.4047578675971,28.01991587145774,10849.729972784266,-3.8834701595405328
1439,9272.221079966832,47.40640054281552,-3.4187512872995245,5633.999334986125,-0.422274885694037
1603,25448.10808694152,6.151615101119781,0.0310094435673233,7357.125930979188,9.370606361557464
1988,25858.97330710628,48.22515254840874,4.673020837478783,8979.496353991066,9.778706761712067
1020,16305.910769220944,80.85074757409078,-4.091424840307354,9857.432176028537,-2.5789570717089982
1302,21262.553868272968,54.04204629369514,-0.7079585672216613,7936.210607042484,3.413528821537753
1975,43621.61575142104,89.87557810324783,7.662616493630344,10726.58442603124,3.3872324273544976
1868,25944.599001968345,42.83789153623967,-0.8187146787585942,6420.20250829372,1.7857103579892
1954,35266.716651553455,76.16929693248355,33.97537435134399,9490.839726115457,8.870502373959935
1083,24840.99277155872,22.37037658247695,-2.0266794269980286,6170.755294819043,6.310508636862405
1773,30911.817734315904,89.92433239739483,33.74426646302078,10207.322391625254,6.467904035229157
1658,4720.091184123327,65.4835162575631,32.02870387271198,7250.318128158549,-0.9564585234598528
1952,46576.2715215514,24.48772662559207,-0.4657282446475772,8221.399367316797,1.514796583024581
1452,21853.060012829927,35.02934081973687,-3.866390857763984,5735.103457397583,2.311355477131796
1386,37440.30319743404,89.83304502981989,-2.750359329710874,10860.68529973195,-0.5163193819337524
1506,33388.34620531155,57.912148279382485,21.567012905819062,8094.22126745719,-3.5777333725691296
1256,39983.68196263975,25.923772847168664,25.165913101985858,7794.292310090896,-3.1046116254167604
1569,1840.158041859541,116.07254284443572,22.929402606080405,8390.892425845099,-2.289933077286173
1891,46774.05807382541,85.81500237802655,19.36645833963541,11868.02169930436,-1.9451999845257744
1933,41504.367550733376,114.85617990477552,2.8607840783270087,12669.487526318677,-1.3660728618418387
1526,41704.70188901305,51.25260544324119,32.842925258587215,7947.155202663314,-1.168099565547584
1161,23408.96076724167,57.012040883006456,9.739972136211186,6830.424105507373,1.8357451823130384
1956,39836.56300375634,107.7546259422023,39.37801882507984,11995.184896783574,2.643597862390619
1162,28801.583561857384,63.00592082944616,12.318600905238572,9413.492336706688,-0.3668118781046612
1831,25223.553994596503,84.87346942868005,6.835217978846444,10685.147235323306,8.609446298810923
1792,39267.60651670208,30.2607452994636,35.24128662017819,9099.517535617784,3.297095850084318
1791,31427.221643294604,53.60717624431687,20.533637343596496,8331.72788029787,6.8121539205011015
1523,3950.3048075330616,14.813983897242611,27.483269807863287,4402.360985264683,8.86356748631265
1785,15794.030113757835,24.7176043052354,13.377945249726016,6839.437669814896,-2.552973281362922
1270,31142.42596743565,0.1132098321157304,34.91119776746156,4571.961789552185,1.4181172557345176
1491,45199.66568075572,4.711806197839228,36.29763458429473,6937.721222169732,1.4981560257191315
1207,46656.74171544174,117.27405878123152,14.654601900261165,13442.560687129964,0.3170837565753128
1538,41961.689955217145,29.08244341641148,5.832572591594223,8954.684820160071,-4.866412001725401
1583,12790.195724120922,79.59728514048024,24.14521229950696,7865.359979833925,7.239581616671426
1059,23721.755554874933,100.6919638559534,37.9562950219232,10650.45342760527,-3.326610176691458
1429,21726.18069413791,66.07925510838771,23.01009068078236,8408.680647364714,9.932208968826384
1984,21990.39646573533,18.377340010074743,37.940009728348144,6269.024458573787,6.594377378667724
1656,2584.25068376987,87.37397248033997,10.471358423767656,8914.164534372198,3.700150264097717
1604,8764.53796343842,72.03016921194997,36.178558185994376,7058.455589283485,-2.6809037338760384
1308,7747.685733625258,87.750070721685,0.0655074587467314,10408.834109752788,2.7308945708987054
1519,30901.70130552769,92.36959474285048,11.147548852195698,8816.30052378818,-1.0833688871328668
1590,20648.73834296515,117.0492441221694,17.251205552074488,10067.0417696262,-1.2151621318539578
1026,16286.961334086718,68.8275936032052,24.389965221353137,8433.154518256577,7.442938740737281
1685,22250.8640108924,40.99693352287222,8.236266022692691,7910.33007315041,0.7096663593915196
1561,16278.281077392854,77.81574682802845,36.5907685195178,8981.753999514005,1.760857050862061
1198,37897.74400011461,8.212885109115135,35.657329413737195,6162.349790491065,7.644471066701774
1386,8435.392524650724,107.68767819859036,30.970147583450306,8448.365078771281,-3.6831406142173617
1348,2901.123235249352,14.325721360583614,0.1463136246279468,6164.018116605741,3.919267796365743
1959,32570.20058747916,39.34114054629819,-1.4769071987771856,9682.333419805263,3.673235220595567
1939,11605.899672506011,97.88944567513452,17.41591548037038,8671.266432788265,1.3782185390001285
1692,32203.37839881925,71.67748539968542,29.440469006316263,11089.740559213133,7.446619621361394
1535,3021.234495357327,47.23626243329305,0.545615181006756,4820.561821610454,9.14335092003539
1827,12430.146436621058,56.81227912500257,23.86468601212084,8032.368289033285,1.9800379287041616
1377,7778.8044490895645,102.54568718426164,18.753492599603813,8551.967452659748,1.8422057649759955
1898,14604.598208554442,40.80052632718706,27.66952388804676,7287.584149835626,2.530955945061171
1915,16509.87713133192,104.35796217746056,14.591885177482055,11855.581398148432,5.846860462495924
1557,24810.320579259464,10.57613171720298,26.198346874900405,6787.737372408292,5.020904360484435
1526,26054.9184004679,93.21581246503568,2.182390216782874,10359.554919869232,-1.657475761896694
1152,31541.892142670848,101.70571596656836,4.656742295423298,9012.582952367376,-4.041569771009851
1733,16649.440872572748,21.81811834048065,35.650032871630195,5877.717386371857,9.23881194725184
1205,26647.8600149962,51.64158388466405,9.821878388385535,8022.733634432656,-1.083953603994436
1454,49506.85462974189,19.859972959638675,39.34776166764478,10193.440207864587,4.578950270358876
1272,10610.89986740611,84.79249547930613,-2.920793105745805,9743.844273764187,7.426570041155836
1893,7720.019805732803,64.24173216739881,17.314411672880816,5795.863356563295,-0.4958487417922059
1235,42143.9487036736,76.23880160499853,9.62442240008587,9545.418224614552,4.531501204853932
1851,20577.24338769082,23.578436034745337,39.81842666729151,4876.059493609812,-3.3814963827616262
1739,42359.49591486176,25.409503446290344,39.5515640364079,8359.414444317772,9.54897166563491
1520,21291.98163193934,4.979679061188764,5.585948133381946,5258.205276496619,-4.127625874240612
1677,1182.074606137568,38.648104223487564,7.026559585696118,4832.41636010836,1.5726201076146449
1943,18806.164590874272,67.169359360041,28.73524984226711,9202.521427043845,3.0522886309003496
1955,30545.52104345697,102.95218967967944,35.03534941274309,11280.966169954896,6.857226679950459
1830,22432.98262902992,80.03129369504168,24.86636445347133,9128.898052200548,-3.1830722439136814
1725,23021.21413105878,52.24755880797017,33.91190297776134,6443.294447508039,1.6121196078276483
1500,49915.96550805758,114.37441372729654,-2.151839507192234,12635.307831455728,-0.5043264568482151
1116,27251.94565736884,86.30942406909982,23.82378166284671,8313.641958856204,-0.3198392645998993
1385,34877.29378373112,111.619824343506,26.50769001268133,12942.320027156731,6.681818740978763
1343,36076.54878710309,63.31055679265988,3.564357837912061,8448.653315628399,-4.918085824522503
1583,108.5456428619646,31.068512975176752,30.00865941960725,6705.081786452619,6.236254620039494
1394,27667.80281191538,6.339202363766638,37.49193263656102,5402.5768364060295,7.155976451846593
1063,48156.508150851325,87.13018217806206,35.40849215251296,10334.510468760316,8.520433657631035
1716,37566.05885910817,14.556359760664094,6.023533806100254,7281.9157793477,4.403227048457252
1720,17087.328280847694,36.333015392636064,9.579668708748375,6230.06630146818,0.0018299240836183
1071,18292.10340464517,63.89650894606768,17.48251160258108,7967.3414843941855,1.40852098823306
1788,15250.498169542432,67.72999053356972,2.126253292625635,8544.942376146031,9.546041234311438
1273,31547.392683889782,72.06998363845632,37.9278923402324,10400.08934249081,8.217802396537783
1989,4956.042935796346,19.95063964196408,2.27184833698724,5080.410586902677,1.9528886364916307
1319,14571.020648764148,45.56848857859785,29.264033109565112,6924.262790808084,9.145945106663836
1337,24960.90233869995,74.063307254036,10.364266802691787,7910.864153022075,7.344323131096884
1365,26807.33181031865,116.37826375605415,20.81743589634685,11284.38399882391,8.516347924896921
1494,30409.642715595288,87.31573652396264,-2.877177902253729,9940.903033591952,5.244658518638815
1606,39881.52680397833,110.71245085127494,4.225533589179575,12110.009726199629,7.864810651929925
1165,8245.497697412937,91.46544699770124,14.997605724454557,9814.933351267684,8.376492120014886
1543,11328.25964124164,71.00603626708805,25.47360477582263,8200.537273688478,-3.619751231889929
1010,43628.40887492568,23.042804296361343,29.990286679489586,8291.288918150462,9.47825464990988
1300,41574.83039036298,80.00227822710157,-3.643676700651397,9455.218927728842,0.0041964814609496
1728,41096.37915755435,74.80554791518885,1.862059723545534,8208.413634622699,1.5984926437503315
1800,10509.927371170372,72.29630045487197,27.84062824101641,7396.63663048803,6.87855638789223
1101,3007.007949426873,58.77430415858889,31.58749416154073,6188.393983265516,4.973444583587465
1424,26218.40145339445,63.43879247871308,5.645718727860375,9496.60017975731,8.39589868654086
1391,43515.13546029171,40.13310325417249,5.334387115273627,9218.87502982282,1.0086062616515823
1778,11952.092470543408,62.317523117076384,-1.0386752237075352,8228.263385775374,0.5993224551423788
1213,45219.59502928387,23.70670868141739,1.763228901865304,8085.509529012091,-4.524667256880205
1690,7162.471837627084,96.6209276832452,-4.639284865298922,8223.003802882076,1.9408806500448712
1087,14975.000376489304,22.293234563844937,21.542405790005247,6242.686785449518,5.861061554936631
1552,14984.583031099895,10.195954786735973,35.67511048402443,4459.86552837625,-0.4823192356067594
1400,7639.898476606768,52.34952316285889,1.7309244792180485,6709.5221530401295,1.9408977051076213
1587,43651.63082450871,78.99689274072742,28.81496485484696,8211.501140656146,-1.7090334727208294
1888,20688.23814473385,52.526018992024966,20.814640884512347,9440.951719095883,6.59181708807191
1045,9613.80682486456,33.21049583415703,37.29648516759275,5031.338564274842,-4.092326579882793
1671,7447.488021994805,66.98054206685289,30.91551351116161,7192.1802214307145,5.580745825007474
1462,21103.61373062187,41.64028024946399,33.37280602416079,6893.629240112508,0.684100176174752
1591,962.6906965880422,111.94412281519595,23.761396856765504,9408.919223758634,-4.376058959193188
1309,6140.69909539038,110.71741675242863,31.510125379114143,11013.970725908131,7.802043809376787
1085,284.5344672173889,60.28461839665145,10.78912765659374,8662.838451212054,2.315827947717477
1091,1316.8347652025554,39.34607928219102,4.405791767674888,6130.136394813912,3.9897845442419353
1659,49868.948969715486,88.4558896747967,36.063398705483394,11945.7306414655,5.980460372866853
1672,22499.57187951358,4.405553217967997,28.045114513258923,5108.915030494537,4.82611649501783
1713,36473.34644806931,56.97228072523815,-0.9183696377859416,9459.884624008544,5.962853062219175
1935,36880.329359258285,40.35880731244002,34.010928748815424,8941.393970862942,6.434225268667866
1927,44032.33305028342,110.46430621230655,10.700677299031266,12986.817667458923,3.837272958469164
1241,5276.914623027528,1.4403632727219051,8.422500574379958,3495.3984866179208,0.4845674636163508
1864,26331.057842920403,66.33778508620189,23.049110527887454,7817.54900734866,-1.3528677542548606
1001,16153.796102314816,88.87962972799512,20.58693862479086,9766.21242205588,8.543548549791808
1224,27469.268550595363,58.20215850288495,19.22155245244697,8946.73365755629,9.548872669573305
1800,16672.764375119245,10.2483636195266,6.469473253091211,6642.935218476396,0.3649413264731329
1744,9264.531591104173,116.69536680334826,38.18981880652989,8699.378190512009,-3.3153390639154967
1972,33674.078626868126,62.16125176513175,37.75544157232899,8667.95725729248,-1.661940093253531
1925,2017.604149205229,73.70234931828136,-4.812701453487508,10202.984769940023,5.060010189807844
1928,44779.73779000772,28.39317392490088,10.202243312546882,7669.1773635661475,-2.4059994506250386
1588,7398.646092149213,58.01977021281645,-2.9503101172078976,7958.188544771921,6.701834095914823
1115,30795.69697377697,51.49793903499862,33.26119448394584,9995.385531975586,8.845453598120704
1665,37734.817578618495,8.987501040238048,34.89332072334776,7211.2011160943375,9.454772726182709
1917,3739.081026097368,12.739242425696066,18.323422765880974,5123.434176048549,-4.86011741037664
1102,45174.39894167609,100.49670235425296,32.785511550732195,12852.283539675453,9.37231247431625
1193,17873.241580704376,28.77839426479083,26.65121421342064,7728.789442136841,6.102916286944266
1165,49836.64864447377,23.394992579835662,17.480827431779087,9358.331894324609,-3.739246516042966
1870,3532.217830294499,60.58937415001671,11.371512954506231,7120.740933569597,1.2286070316808964
1089,35866.992386858474,92.24965576350156,6.980126139695191,11060.46584478305,5.500682118692636
1685,8119.650739181724,7.43358222947855,6.674311184037338,6115.528805520173,9.35028238991574
1121,20194.3612756048,69.2169503565907,20.292897290691613,8322.237307246549,-2.5378790958291115
1142,22216.302185754783,14.305253140868803,2.5063971920655552,6023.53358455543,-3.08400077109569
1993,20367.126801365543,4.375326099074215,2.8656344277830144,6028.428183549445,2.085205798928178
1105,16944.896354061362,6.329274259466087,-4.532299685283576,6605.667763539906,9.52148340607734
1886,38383.75508498164,100.09969298501296,22.59976268016057,11731.782911675962,9.570688228870155
1427,41012.48750296426,14.156698035367388,39.745488354702346,6638.206117622104,-1.5812788842063603
1304,16847.14775357038,5.418163729475034,35.014871894256565,5732.688596285732,-0.2097927804281401
1871,24183.98108602915,52.54798645714948,26.75604119921956,8258.102152852029,8.620479784669817
1970,21145.72408175088,101.27921663304298,30.348638399495783,12136.23732569097,6.022622362780963
1316,29716.491577298853,31.48900517871624,13.75837223186857,7242.429461984817,9.584746429864271
1962,7598.274660272542,50.60551410310997,8.413579971223099,7128.540874714332,8.397225445233316
1634,40303.67856157297,4.790703907650147,11.58827268481076,8167.11029237433,-1.7735592452938498
1901,39870.934634713536,53.8894216961851,-1.3360063221478224,7236.289421370132,6.39590289119025
1008,29561.61661304669,69.31356967645604,23.52078391133346,10181.782925425883,-4.271521526598251
1773,37332.59697401354,68.50884645025738,2.868925999570324,9480.41778524525,7.267491681122109
1072,49426.40787833031,39.89120306092382,29.32951950220173,8325.79608886985,4.023351436669122
1358,46133.14960035028,37.86398167957626,3.548940801871572,7406.2921094454705,9.341514439546923
1222,30611.302548404183,12.794834272391746,5.265581137030145,7276.492709371856,9.400486832036176
1415,25618.931045656303,44.01579847755221,38.07875377192756,6238.07649965642,-4.237773364634671
1552,26772.90036397173,11.93936026475576,-0.2571839589322602,5576.9100757682045,-2.5921777166634823
1369,23384.06372107953,91.9915133654462,17.447914266071344,9723.804682072569,2.263105709780373
1715,24063.27628146777,115.9529157297823,-2.1791071669281257,11390.865147230905,8.192402874192238
1263,36628.64683565181,116.40893480000484,-0.9324053563007144,13224.923277570064,7.216677134440845
1839,49606.86937866026,103.80853192504726,23.507516296229213,12305.549541110877,9.46555039527668
1689,2361.183432760957,72.0950579207543,23.382726837636348,5904.457067617708,4.271261756670112
1859,11586.38728547713,84.10388366926558,3.690412659587162,9348.352483924613,-1.151547206575691
1317,10589.36107896972,34.22469632164969,34.26189318662767,6337.997911405432,-4.62340040742234
1083,41659.52338637378,75.69245042071448,26.59841480573398,8613.331053478107,-1.656102639191766
1317,21044.220147900203,54.67794593278529,8.527476229202406,7329.519177005271,5.12909796930437
1110,26304.10012936854,57.8420807732319,6.177395110401768,9239.370358877872,8.894122350145198
1250,23510.701531088365,90.93318724501896,28.94283639088729,11771.59165134604,-0.1864449903760281
1382,42698.69621539302,33.8302026716702,28.01307658596717,7248.379421633425,8.135564954339431
1006,25036.01807426672,38.16475340334239,1.697436018914697,7199.360397214879,0.923473725117347
1458,33425.51498328739,110.9570149354364,10.713453190162074,12014.68840819394,-0.375931259471745
1083,1072.2275841370238,6.746915382116669,4.750476099629831,4701.214072213483,2.632663642087272
1207,32657.47678389905,58.276115809600846,8.236488823864292,8482.870500123146,1.634102386144228
1899,12123.490576053217,109.5360960489434,7.940378312269251,11425.74307795742,8.706998027755272
1389,43356.74343507952,73.24356093817885,38.92106649834837,11595.83462959766,2.023854211121898
1313,37602.55400887733,65.56884890545585,28.759511789975583,10144.894810403546,-0.8399691916538679
1021,5553.416295634302,29.969301507522623,30.10234220211438,7545.386544927842,7.638483662528554
1409,5263.233019074739,41.1930586877338,7.484042436952953,6428.580342613187,9.9812426748935
1894,14720.61453959196,102.24580989656316,-4.97628117291342,9956.297507774769,4.722571287719859
1514,6375.603396802623,67.10617581221497,-2.3829347785104726,9009.368597813143,-1.2430794659546205
1126,37042.36232089913,61.76906325081359,19.884989499555807,9661.016153189008,-1.4177738448023107
1808,49342.14320649432,11.949565624803473,7.84665125042739,7420.326192948454,-4.134399556771103
1699,32797.31095924527,1.9233787746147744,3.682957029168477,5525.782824393981,-3.840604422288727
1873,12527.430103766756,115.64222264244589,-2.7661585272656577,9913.353785501684,8.724746427741437
1013,28257.19234685756,45.238340074421,34.4146782743382,8952.513243728976,-3.5526933942567416
1970,40301.89151759558,72.38556745194052,22.005730617608915,11661.824703336826,2.265157724151682
1977,48114.15147996163,9.5658087824742,-0.1682053498284208,8809.774698287296,5.471826695397674
1011,353.0797087220317,81.97371428676558,29.488180724346712,8499.831556053841,7.755321741604046
1086,26232.145538464472,111.90800504471532,29.01215159845596,10786.371012083864,-2.4309357461940904
1523,22715.39251931722,69.07983035969036,8.023163845686513,8481.94828561863,1.5666801868803528
1908,20783.187043627026,15.133838685049268,3.479210120053498,5742.084078682161,-1.2277970747933376
1536,25241.50154557785,69.80658329681721,31.629184426271934,9130.75273440384,-1.1626536505009757
1300,20234.950488700822,91.96166557255827,9.830412969301102,11140.772921272135,-0.4424103876998622
1242,17266.373571147527,48.76998438888224,33.13426364864306,6410.126441401874,3.8067432162770096
1121,5828.907290103302,105.58052975297616,-3.035677412849711,6903.130548093059,-4.751337924716177
1146,25042.29557869113,77.84195440288374,17.46800270101975,7924.279913984495,1.131494294732919
1566,41070.46562055527,107.9098701947043,3.0817876629828955,11842.70942132974,-2.1975479715081114
1749,5326.143341579616,74.82063734968047,25.242016595266115,8010.966288125184,9.506777627689525
1355,36950.71886169,15.754556640578908,39.87461926610711,7351.069193491256,3.740937388754656
1684,13461.529313363886,37.163005332622696,13.562996441212054,6470.513742791211,8.02143203245484
1903,19124.04146716437,24.21539379029483,-0.486025389861922,5727.368978825767,-2.06465019845582
1732,49405.42667134246,109.05917972602349,9.295290376279077,12734.53063262177,7.150235489856817
1630,33793.04999852806,91.24800807449792,35.1177924804287,12120.664796801831,1.2217369195785004
1308,35983.70475344411,81.16780426920073,29.45924608467645,9213.875778972604,-2.334579667258964
1694,30159.307715109404,36.11595835579461,5.449524785151583,7792.894220795022,6.418678035823492
1287,16185.938502432513,22.085372646025625,37.91194237143964,7052.062908407783,6.430166464229215
1306,33788.28257698593,90.7741305586694,22.99845706118972,11009.411349363028,9.938318602960916
1811,22917.68928000721,56.89895350548956,2.5622230142885662,8471.914758073175,6.714058926972461
1593,41620.931863479855,27.094746258075496,20.754496410080765,8333.187142123481,-2.820991281093082
1965,28595.75228177701,73.99463737983301,15.307459044879725,9058.194985102393,-0.1618288732140769
1913,38584.67645474248,4.840062256614237,31.886395364810376,7055.502186977576,1.77590375936719
1722,42440.55459415607,39.14043049539042,10.487201332536037,8278.789156313544,-3.1002079143530734
1661,41073.87005416944,56.22683935093616,34.37402439266259,9949.976655794868,6.820584616717211
1548,20165.15255933289,17.7550000931287,31.538667389724004,6726.135640330284,2.900478068688797
1351,18500.953133773884,118.15853731090075,25.357155302199995,12151.989678516484,9.166743536436302
1311,43466.47097075962,25.09168375075371,6.637325005577802,8577.751382035263,3.839622167887304
1872,7240.69791614938,15.642375605191866,38.66483093259001,4829.566135060039,2.843486256073808
1058,14042.248642051656,24.424184866427566,19.690005113596914,4978.377751302643,-3.928622706007035
1642,6138.37592990372,92.28733597916693,35.83812902633631,6321.253350992519,-2.7598114258313333
1923,2200.35727586204,51.06067911262114,4.707845466258826,6915.4525254333685,7.742891151462267
1713,30831.46675602792,67.84991277030456,39.25202359385014,9190.567019724504,9.860139667387124
1754,45048.94917589771,2.5210988383632893,31.72266530251443,5337.230299364069,1.227687038474042
1034,6557.858725332463,4.131757028797747,37.71520975422016,5888.640417112356,7.151291255873936
1444,39805.880376117006,53.49906597924194,4.55645795237443,8804.860049538964,4.413786494959776
1092,19029.06151301602,97.99862918419484,14.37961353621466,10544.657959893771,9.385889105075703
1949,30945.13186565789,106.22866544490785,-0.6064735174876565,12253.912213853608,-1.427941468338601
1958,38210.71219486602,10.404788111476826,1.163632295160447,5970.794382528924,3.172536145119146
1206,35532.972741986974,64.60357225212273,7.778139861415067,9349.496811857069,1.1319372751389336
1352,6921.527204844046,109.58756235351244,37.82315472129654,10101.588353833497,3.125739639145229
1902,5857.751775999021,46.55673052774637,25.023625650398976,7261.995840194006,-0.9671287487171724
1331,46217.24922787575,99.54789977140425,9.158453818009985,11734.38927623825,2.46619244073616
1816,4065.6103867039046,16.043478527932344,37.95579934770887,5912.866314904371,4.372062200871477
1861,10998.144646415323,112.24733876013585,28.28791329776943,9535.496892529109,-3.781761740007618
1724,21973.53705352144,90.17079810375633,35.81405559599401,11156.150204533184,6.144808822114348
1158,41068.45392934098,112.9601271344282,36.72493572275943,11934.346549182068,5.59784444740626
1953,30171.035250900044,81.19406802630078,28.78463874604367,10791.151406910809,8.206864021772278
1956,28602.05047006406,43.60847183993124,5.941004340621371,7844.869554504281,1.3878482771488834
1023,34628.54656468832,112.5817407029667,39.84650298035383,12504.164846751397,-4.074963010779234
1403,40127.71109539457,33.06801315710142,9.629087802773642,9020.19442059253,1.921916935325304
1804,11702.871936967782,39.86070264740791,25.22675873054733,6787.626953868028,-2.9358624190705784
1515,1043.1790104925929,84.09701016020884,33.01652627310104,9336.47562095776,4.711702202827267
1731,6447.139042477843,91.83795594304635,2.8817947491095346,8428.232045633311,-4.293027138030412
1363,8341.681778943788,111.52841806189846,22.40687559751639,8821.802905907549,0.6099460934154273
1381,2097.1496068997844,24.576289086745145,11.882774961771606,4481.5414863477135,-3.75735652268757
1531,37401.15002386738,95.75976422630688,5.993008133762364,9888.749733988472,-4.94950348892595
1955,44257.74164380909,88.62552640763562,-4.47026842596596,11413.390208083005,9.408358358523875
1151,35561.427941838934,7.655346750431744,34.23883287090871,5413.616315166163,9.941910220394202
1561,9512.298849905012,46.46677694522484,1.114669625208494,7804.579487411059,3.332544272977195
1688,30361.59573261389,33.93185484721183,34.51527223081845,7701.289656282188,-1.4156622508177414
1946,26078.12355688136,36.53885092248365,22.031076946380164,6924.864967541744,8.666485552129862
1607,41016.175517510055,117.9536255465641,22.94749995317685,12672.16083574484,8.845548956141599
1616,47120.70713055536,77.13328961759134,32.28933074158953,12054.84818263712,7.817633367560589
1419,37172.4489956268,86.12113893521995,17.924851600365127,10484.916085506107,3.165549768510731
1249,25675.677033034583,117.1941164778011,11.0778055660454,11009.921868805104,-3.879467586559589
1116,25601.30809343362,45.26421389491664,1.246300779663413,7316.905993353743,-3.673416086948032
1865,40408.56466728671,96.22082021433673,20.668692154365043,10730.143328377437,8.449296815689827
1511,6213.46618495227,52.14371559653944,19.89251744129855,5642.813732191348,8.13740271185844
1739,7750.356755489539,104.34404061779756,8.22534185502786,10695.045214292772,1.5159587377182655
1577,17241.285938988887,21.67890495735638,22.00256165440665,6805.208252814122,-0.0776807078536201
1334,37382.23592626724,113.72234124771356,14.77150986857633,11503.410322457445,4.661858802161532
1417,3392.236140790832,26.25260500930556,31.2488569261062,4048.013055698535,7.104819223832873
1931,17281.75042536258,39.146460837711786,20.176881593193013,5369.023397441973,5.975274130777315
1773,15995.168766691688,90.74306809281366,37.01553638560729,11392.975126657044,4.234044070760595
1294,24338.30671480056,47.2506169878488,18.309233577324022,6315.902746754825,-1.5273343333275289
1937,23239.45382858101,72.9853652119736,34.93728864207563,9272.109274161829,-1.062426961689273
1754,35748.81886768611,53.34882012833142,18.4236312106346,8773.759898890205,5.8610122209655255
1370,31315.49764107137,89.08439245077382,20.111566163814988,10821.982050102948,7.0392977867654665
1185,45148.22221590909,27.399750284233303,11.506359795501403,7533.229286960478,-3.257972178506152
1245,9114.75606615512,7.014958468425241,13.0076105557253,3355.8383977132253,-2.190544284330409
1636,21660.83916330202,35.991527696767946,36.98956692812255,6656.544653966425,5.207053932660571
1267,20064.77088430969,56.91703978421163,5.047708089124187,8452.339552801142,0.8347988120710168
1642,5714.672830753165,20.16240626312143,0.4655974752771241,4868.133193163444,3.44939300906546
1236,8324.898984739513,42.57567475876664,32.35949103117734,6399.534819936403,4.222224289834543
1529,16897.8673257584,47.99796219522823,20.960985988519585,9156.525836950635,6.643052009009979
1551,36766.6360693654,6.887021242592826,7.809129150766273,7805.54222197547,7.085754260753612
1020,7593.045432484632,69.99686978210454,14.458009913036182,8708.824508578626,-0.798556321078153
1910,13339.388521782932,106.1212113565545,18.62073520497701,10649.085674807844,3.119450933832569
1736,33853.374374010644,18.20914955436629,21.64631155763956,6590.947362913672,-3.147140920671796
1866,29873.03628772719,71.73696160818169,31.947296032231307,9227.356322168642,7.63022753046323
1793,5309.253743497903,79.76870458930155,12.745854735520696,9750.96111645268,7.681719074997934
1519,47190.881671589465,50.3201616503146,25.442640095189425,8774.79106478467,-0.5074142150081533
1099,7486.643398263901,84.1317104837124,32.56451381938633,6961.387390448931,-2.590696888669362
1751,3164.2192062991803,49.28778521892144,32.96980551811131,5198.887282186655,-3.9486233269960014
1477,15282.245828763977,60.55647455729219,6.44103422663909,8714.166321403,3.624646628673789
1598,1420.730603711035,0.8823653465312375,10.75778699125554,4291.818418749407,-3.628578494001803
1297,1633.117109850936,83.00641369616265,21.770771541799647,6892.336390199338,5.208922669308999
1939,28978.73655650984,79.36112147336694,34.85975760611258,10875.09049941728,5.1718960155121945
1525,44658.24326635953,4.608105279161348,30.570073901135306,6231.920760758265,4.209811106974369
1333,20186.96530440365,44.19001288741597,21.27833056372997,7929.063407832409,8.148407527946416
1001,15176.91004789094,117.4838208950001,39.26801337807297,9834.333080992034,0.6742103909369765
1374,45739.90000455443,50.48838750823401,14.754425324054871,10836.201066040428,8.534043739368663
1292,3166.9189237565984,60.23344861582101,32.91027570338111,5840.263281815508,-4.446119467308037
1836,23718.297790857967,109.19161897916622,31.828917098782583,9944.77890576728,-3.308645181178887
1933,12704.856823569073,86.07142510389077,35.86172402516269,7059.2624498657415,1.1830834377766497
1552,19147.38632030927,69.84841573490682,39.44552597613456,8781.97873579209,3.909895280328602
1317,20598.61669021177,95.73656176092872,17.306351391092303,9031.446475800536,-4.514365450409516
1501,27302.36728296016,103.72395197471678,3.803334191652672,10982.20781163926,3.5115170713639614
1827,22717.222712138075,54.82656860847202,15.740291057266802,7757.416947074746,-0.3890252527545286
1380,49403.66652753231,57.013003791820246,33.42481946434444,10190.944382801988,8.307202117177438
1622,1373.0083934194963,46.32611227822029,32.624798541494414,5904.647102725382,2.999268875030963
1013,37907.17752130094,116.00473680221526,10.118645841406437,11245.962688570911,3.818408623261506
1503,2644.665879986403,83.65995051484205,-2.871193686859682,8528.752110393836,9.18432716672325
1230,21610.40777838889,9.986767944968676,17.94289440218096,5815.1728189834885,6.462565399818903
1984,10172.157686480594,103.5551547975622,16.334541808546543,10403.205294048385,1.5740989922014847
1083,47270.58479702699,57.66719290035217,-1.1406210000290766,8671.890300353614,2.1531942243402904
1129,36152.27060024189,8.250468770698497,30.77004800756176,6599.4493908091845,4.718858028390983
1742,23196.073400178924,65.96607061959733,7.761562327234799,9756.38080155276,-1.997011750242304
1837,47616.88165691431,50.05971347708425,24.058844147835124,8927.466979727227,-3.67023739258816
1144,36092.601551269385,105.32992858351498,-0.4330461805250154,10295.627530691863,-0.3314522608157242
1890,47601.82490924719,24.479352433126486,33.73164278093213,9354.460277619391,6.675741969043456
1856,35258.28613406074,99.17575313906195,28.26735264198234,9368.515958892514,-1.1401430184507344
1027,3977.769427285655,66.92264294225433,12.479021904039955,5677.676602479961,-3.0386119949612045
1065,30853.63795938392,6.553236385616286,23.32700271954556,5932.101847749509,-1.714661023066096
1162,49019.45029691501,116.62143615905816,3.4354251708508645,13281.312808005883,5.1845936800855945
1228,10787.686812160206,61.51382929238399,39.34401209315253,7964.096372997876,4.209220850402783
1260,39657.71023480814,34.9052225077899,30.824861894217342,8916.670189482658,5.324724959446543
1448,9313.14000422316,56.32882103871097,30.50230013810621,6207.374998360281,-0.1706281597942691
1423,22666.63550850205,102.94293402209868,1.9021097910044256,10697.06014867117,8.512841903999075
1459,4324.71967958321,36.58837492620762,-4.201991379776203,6270.140043029329,1.776555359922181
1951,17095.24853789397,23.12116757840404,21.34171154963349,7053.372133290801,2.705695478904154
1675,38833.70145068223,15.488549631705776,1.4854275327914932,7941.753377731543,9.232119640031907
1300,2358.875592768547,35.74312780682535,30.119505541998024,5020.077885369888,9.689159019174634
1918,16077.81211208762,93.60577044480522,13.723426308021082,10454.276120238816,4.923140888748275
1302,31524.640529030323,56.595163823431406,10.236741204434429,9735.82602462355,9.172197888636866
1286,47433.01533295413,27.2977924432248,-1.685783189223025,9094.822802127526,3.122610795106649
1394,12343.053323501752,19.942199953169904,39.82292859750797,5135.4046163742905,-0.3907558164984239
1009,8740.185480958784,39.92753718124549,38.02048511740959,6006.6594407195535,-0.2736071605018795
1706,10263.164465135083,112.79092474628506,0.9218608513082982,10710.157405447184,3.384108848235183
1629,11916.755968329824,41.163205510802925,9.97652218816713,7583.408944714711,4.0755418098279765
1269,31952.245606509863,118.57488911455624,12.5854392111073,10155.675119580494,1.5942560487962334
1591,49933.52580394208,58.22765469184274,8.356048515201794,9841.969196711536,8.256572252677659
1969,26227.20492763328,21.499670194818105,37.05108518446801,5617.415150944123,1.4004417807032574
1604,13644.395971190692,106.93681101522112,27.46038230599381,10042.671304505238,-0.8986452950349824
1777,37373.29256388128,55.242644776179226,38.01623825173292,8011.040479386748,-4.880271824846903
1843,7996.756866473945,85.16056122054293,34.35274311358441,9161.507255674996,9.558539172364553
1861,1597.7072349853595,118.0453899850982,28.954368376112782,10454.07117961992,7.364699247144166
1360,30302.72195132545,6.02104203839688,26.36351981859452,4877.724843715801,4.233393770279935
1256,10593.748157565076,11.603347174508055,33.97731209407666,4005.569757666349,7.458133808551921
1132,20021.93886518532,86.45480897553074,25.786745355615484,9415.219278236813,7.154338453764158
1275,11633.718334737598,33.81900039545664,3.4923909541517943,6322.3155246539845,8.977761703387376
1775,45911.28047102474,22.116167634011887,24.165693239264414,7238.638444891887,0.7910152504056231
1682,16965.633217751867,4.723425578367539,18.1750737976858,5606.039947301939,3.322783631289111
1971,22508.76706681169,2.6216054383442167,39.1852604692897,5445.344756924316,-3.520579644196311
1512,11818.664479364134,92.9382723743749,17.948449617964133,8895.610784306684,9.479731385784596
1312,4334.065479371945,16.132011284346,-3.2695257582030344,4639.24032599295,9.776906039237495
1575,25676.57526646548,56.1264739165381,6.888527984453955,8176.262871826095,6.836263718968025
1885,43449.29113389953,72.70761782153797,36.28217922046445,10479.565433050691,1.8118147472250523
1979,17648.914251062353,51.40221606826155,38.30603487009864,6234.165230444897,2.4485012637153645
1283,39070.33335247105,3.2527982803479727,27.78243594883471,8002.67859544341,1.5305039948178552
1120,1727.354932890319,94.02018031054908,-2.441124554586332,7033.648084478792,-0.6003404521665434
1106,11851.88142585234,1.2615869449984185,-3.940637551418039,5079.535689723017,2.9168710832314986
1932,6661.616820210091,91.42678732529808,16.581775125959506,8980.77016289203,-4.198323957491498
1686,20203.831651155902,107.19653925457472,39.98525379523983,11561.543491013912,9.878305929057523
1996,44727.21314276725,51.940790526860674,34.11835318747323,10398.012919991996,1.3607520274621123
1203,18738.24533145355,64.26509677173578,36.98984293968991,9187.295279251675,8.910498760556594
1164,30205.849087205093,57.23800711411845,23.059367724681376,8633.949897662547,5.864071909900053
1304,44917.29175089789,46.70503423481266,33.66061277131756,8497.234999098537,-0.6508562470409895
1496,18053.34890119521,106.49094424444324,9.386426847873665,9182.002979722243,-1.6692107273809635
1631,18351.205716263776,107.27202128039886,-3.768619844703587,11923.554763774631,9.935131506435344
1555,4490.353734746735,40.29796375698415,36.32127827001821,6717.451190155609,6.581895325810535
1823,17517.577608832256,73.80837048176376,4.829378109201961,7387.967098084799,-1.255077887759886
1155,37333.37807576657,111.2289074575037,27.78188597235534,12190.639082038402,-3.988324277341091
1366,42247.00599498835,115.4470198729622,24.65352916947192,13613.7711920588,5.45374817952068
1718,36165.250716939525,61.0750848506457,2.117359678884573,9232.242735252024,-0.4547531478338547
1901,445.5752003210915,54.33897663411921,3.810054843901593,5405.511782874699,-1.6800378105842393
1619,5937.1423202727565,33.443317911423094,9.808261664340812,6345.46114412562,6.024061227240042
1250,36576.00169877476,115.0646247828492,29.061879382686307,12998.398725206724,5.188919839815213
1956,47125.59326506112,17.137716536744083,-3.234008988654497,7775.488559398125,2.2211901214028664
1915,34798.52040131182,69.579549125727,13.31809331298555,9130.160023615106,9.139838991555598
1881,11382.55532723552,33.906032102236665,24.930094282985483,5388.224422053683,5.194575490862366
1333,5467.1621936924885,33.480994841735594,2.716192567238489,5009.3386490038265,8.401293409298638
1641,43863.11254946406,48.59623048514261,0.3737772659937359,9357.174016426585,-2.141705864754213
1968,5041.622546651462,119.85515229787856,12.5595508477996,9390.801481959898,-0.5503113487866695
1510,7636.744490825633,6.595956820778648,7.895164803776591,4734.347873287517,-3.432197994594076
1292,29874.96680427283,69.42501818442378,24.20930489057945,9652.466242846516,-0.4313000319194691
1019,9580.85419374174,9.90865896423326,38.63058414345759,5325.221134272877,9.576674938095708
1281,11456.908463146496,18.54249959886228,-4.798897883188245,6206.564248287614,9.44284369138451
1796,7198.702586765211,52.74755301274784,35.607096060725155,5261.84207898295,6.405795318264863
1000,47221.87735733247,61.25521576157296,14.495036637572165,8667.865294735639,2.8157239417443582
1118,6333.766543283227,31.05508900374288,24.880347817044463,6287.854179883204,6.711696981883675
1034,46573.46991731836,37.97485570492994,33.296216478016326,9541.203939189243,3.3023042682057984
1197,16377.22919166589,10.436042430711968,20.8056397504956,4923.472836923897,-4.9473724299283495
1484,41095.81855374958,36.38637406131007,-0.6209677763897945,7947.843536744919,2.5232061091542333
1756,47504.87871741704,115.9870127256653,1.3267829068690258,12330.816836872413,3.983851690165787
1058,26010.961779857786,113.3648858006978,30.51760190437845,11663.264846926684,-1.0137746374549377
1836,38531.58902157147,40.1853948164382,5.3094204149904805,8983.849614274803,-1.9505965363750768
1160,13373.922307539797,68.5024723534514,20.606692725959523,8850.433101113696,-0.8928635779152305
1690,19209.91321319877,109.15144693331332,14.263623061545076,11585.43573595411,4.354416242767986
1205,27694.03760575779,0.742058716907601,8.663754226410767,5791.650778958488,-2.8090382759667127
1011,42538.012716135,97.28202844051104,30.41354038550743,12004.134816569263,5.804924519942492
1489,31074.82818009976,113.80434633467029,27.90474935011685,11440.004874452708,1.340122314424142
1275,1202.731318267431,10.959088120026848,24.07489980122468,5498.240332917986,0.3002178880798825
1692,15308.749822984106,19.373722323950524,11.770211579045135,7275.057542915683,7.108469375205294
1241,43262.09454194898,115.28955633256264,5.191164580957809,11149.67901468255,2.5909487415478987
1215,12087.817414278794,64.50481723684156,18.215272794916288,8430.268859161784,0.6760084178639216
1250,18459.61569543406,1.7035961366068442,31.769684514794665,5626.304168187632,8.172320733409068
1810,19541.77468535324,30.9158398516235,20.90492366728873,7137.841552728627,0.5237744829921365
1125,7807.191444293799,53.993240912263154,38.65628394377479,5547.798684390277,7.885004244150558
1993,17555.621262699347,83.14906932297212,-4.305313037192121,9197.514638076722,2.5629804769383737
1216,40889.293877024815,87.97924537641595,39.925605162488026,10352.56857037429,-1.879893538174892
1305,42469.78403475317,119.45058155105474,26.113407086141013,13559.365637868412,4.192272821666258
1796,29086.787451005694,34.501343926051085,32.47033077359493,6607.964196610035,-0.7201471059505806
1184,33969.10628796117,64.58641222421703,10.072856549535487,9352.321721558876,-2.792673017357073
1038,26775.17790299282,63.9988257431526,17.875359763895,9022.978916500188,-3.702059429033308
1222,2309.2009670805087,48.6774311336685,30.86451615479492,6214.5376485371335,-1.37453996303837
1183,34864.57484908435,20.299427261090425,29.229226256514394,7967.812044337273,6.048319630032868
1494,49827.88869261808,117.2947875820611,10.031549299567416,12738.527907100575,7.56998833563614
1426,11468.383958625373,102.39806239999032,9.598460576071131,10164.680892919405,7.925812689728824
1177,49109.34482678404,59.79996339530847,24.8265041310459,10080.149218864615,-0.947775894350845
1918,49888.90267089692,72.38945072208358,37.01466316623976,9303.144512108383,4.914593994180128
1427,7161.578813822774,27.27132642715948,14.74536958033585,6556.662641576065,-1.5446891012760573
1293,46314.14549655172,65.25444844700962,10.88238096891472,10328.57567904955,4.341431709523604
1851,33809.07846440968,83.3964159745771,35.26091663062818,11840.163023595958,8.308164895625453
1150,23371.954040298824,61.82004340639065,25.73752276554613,9301.260456790544,-4.386594760968779
1383,17298.569802570924,118.83422047019296,12.472419086773709,11728.839922290812,9.778385015881092
1637,31527.09952179083,73.36099874972714,-2.4225696118492457,10008.21625823948,7.406318161876676
1812,42155.05519005361,44.51684551106028,27.46701724215032,8149.364965669999,6.424931744405477
1307,1801.707753276391,92.65824331390056,10.8798920810671,8630.512502777035,5.370443405676866
1335,26819.56733776672,20.45550138979705,-1.824521100243812,6303.484271785216,6.554108333708175
1945,32548.17281788723,46.14189764475199,22.55300892608696,8174.680984363657,9.918930340608188
1745,1377.604253950328,41.635074045310304,9.535309172222972,6435.954114418804,6.552869456688109
1891,44464.9722200089,51.81685141293328,10.230542873973825,9333.017203648911,0.2740117700249049
1374,47594.31698145179,93.81357911144715,16.56265588365517,11574.234894026584,4.2088277940025485
1007,30663.31655724229,58.1007638596089,27.28636452978047,8478.81787737587,0.0538452423975366
1340,5938.353615690919,95.28173403191552,7.434871493633237,9713.49856143471,9.550981648850062
1128,46627.34434522682,69.1786683767839,-1.357433789949456,9857.065924704171,8.502095992385506
1775,40269.85415941109,41.04833215890664,14.09915746477778,9315.091932235926,3.514303411942427
1668,1524.5566297903513,97.19744924201667,-2.5283559597622536,9414.93124607806,6.719106317401735
1351,28999.96563278346,28.59476046637099,26.37708294514974,6383.58260933319,8.645304144576459
1357,5815.412087342985,26.92595757597546,38.16595605651584,4132.681775913472,-1.3459960451516109
1516,7139.213170651757,60.54035088658029,24.644146344165925,7559.091377063777,3.692227853932069
1494,9706.246252277284,31.30190951545067,7.39257023878841,7446.323628610268,2.2257447887882247
1085,19869.80589986276,1.0904441941459586,3.176607439192157,4400.260312857748,6.573870322644121
1174,43831.50475655581,77.79570327585618,5.4752607085040434,9697.111153557456,0.6862378200074302
1801,1650.6630924018111,61.33125857668776,4.972450142565469,6423.153102980697,5.634694595622875
1192,34491.627398968834,53.46213773917934,9.122372772003205,9950.53046442796,1.044896335176067
1310,48231.08437363181,116.03622175419784,-0.6193994842334796,13258.182946789191,-3.3338770303324368
1118,32097.54884550336,68.54390207554964,35.30735759408959,9181.3621321307,-3.393178525875242
1217,40798.69246440333,103.61178933472614,34.83042228982785,11864.988991772849,-3.214155131702189
1426,45098.43855655337,16.73402834461922,22.68563141056877,8588.297837978482,-4.512201861017574
1969,35768.41046002035,68.30477557553132,-2.213583490713868,9422.372666841122,2.99459757395158
1413,33026.15563459669,104.15755520770834,31.180033332479475,11270.634667769764,5.078540229756024
1113,996.540520769501,69.97269087358777,-2.219513731778959,5561.955476096836,-3.099073972614657
1977,25992.565542769604,86.16170137524018,-0.2110449306590691,8066.496223182751,4.177870003324179
1144,23514.366756448864,44.64522813746488,9.638337668992156,8176.244836554657,3.96610117386868
1537,26183.010790052776,11.093942044447992,14.41616429495021,6227.161420963652,-2.7935892290470643
1647,21680.77147301357,54.94803541524857,10.925003052189362,6846.979239349909,1.0612389994189488
1302,45337.21998303409,47.3375269006629,2.4353401440263776,9176.842587738773,6.32703564656476
1743,44462.6014687223,104.04722188547368,0.0458372956798367,10329.985132723805,-4.748659616719827
1880,6372.357912652143,29.27943628229667,33.673685201698746,5685.0197311955535,-2.795781741524177
1587,26691.35074526164,116.00810730421296,11.343155167836764,11713.460050893484,9.937425614871168
1986,47981.993291538,114.97657437653952,4.836972015017885,12689.668960897588,6.003173457235894
1839,29973.34136756037,29.71579716857264,16.914611048051896,7875.122662097726,1.9619541882888365
1344,40103.25416343379,41.76623465727846,-3.3429469757921715,7260.980977877213,4.447021181374378
1813,18730.66510206377,107.4666889048662,22.012653204951267,11852.794057912695,7.693314558977116
1963,18924.724877078505,115.9946665075329,6.182031408231914,10967.502864292612,7.634568783304552
1800,16351.795439346666,53.21269234032528,21.9188386359096,6833.848262803517,-0.129478468081893
1000,1190.088684975391,38.51964547690774,22.635632400064104,5546.513667134661,2.369371338178361
1146,46250.09546153064,63.13128159018505,31.41508861113908,10826.423601584223,4.570826447479655
1286,17547.120784154817,82.53230476388818,5.345714002426325,9185.921946638044,-3.921546252280939
1975,18417.689022875267,32.81694184499757,15.855908737867608,6314.954707686146,9.186948990861284
1653,38001.41567891925,88.37678095428873,38.28493021863044,10445.97148883454,1.4911273849355942
1052,26391.966820827463,6.198882853756924,27.720617983807905,6728.668317057314,0.5629349088689031
1303,18165.903536404123,5.915339131729973,38.89047136079013,4564.270953214955,8.606505421747388
1068,44192.50975436295,46.35452461746543,36.73145708846968,8643.590161320732,-3.22570026870343
1360,41286.42275334636,42.41678304728647,22.48368685628944,8647.00655656414,-4.4110880391933724
1601,48842.39842115605,37.87598584405827,6.8768660146964535,9496.010195074216,5.275036184504108
1957,32086.97963462872,58.9223715202692,29.06158704980875,8824.683474023203,0.7750445215765627
1219,34535.8208901331,38.48802987738855,26.415366061553176,9326.899501462403,6.467137132451587
1961,16292.526217746008,23.07095021617103,21.500055416082898,5960.520042415689,-3.971830827098668
1703,5069.041423810665,37.13634589063211,26.402315282108543,5942.315175898883,0.7563571530307955
1965,5385.245061817967,116.9885127372282,22.61138865453629,11338.084486114012,-1.4701218193083163
1574,32332.429049140104,49.33361003938183,18.37205603827809,8092.729946414835,6.094097994198959
1584,5752.254684487068,53.36553322300029,13.717996675750442,5230.958681725675,-1.592448343589428
1160,45340.66563119307,69.1853987941368,-2.9881231440151783,10861.894347941896,1.869180021615323
1680,35223.04584085514,118.0008922097072,33.95595635964315,11273.87994892225,7.2831632670506785
1088,11387.716324539604,28.99215317229156,33.94932621698856,5424.913369680641,8.730858031967044
1687,14032.66188506906,81.75385326389205,21.732129398601497,7745.559279331303,5.839086904986665
1780,35527.68849916622,85.9181632250069,7.054793732116934,10754.838794454572,1.4384261729943049
1584,41223.58475929328,72.87893001516791,-3.73410301824984,10453.825439796818,3.5797881211409965
1756,41987.556365346034,10.629400756397288,-4.93570381248616,5523.749164784213,5.345349207287407
1588,30091.25589034819,81.22467309930917,-1.7191674624857516,10252.37162395436,8.123989398611771
1158,7846.076115703038,7.691365324341057,11.194884685802425,5085.625266509052,8.328609771404375
1488,40936.13911748043,71.53711794598763,3.477817569868499,10615.068335474289,8.964542372325205
1970,39603.0120789056,88.74974126660912,6.927613853688559,11577.10946352748,7.160666483610733
1323,41784.343539745234,25.31638687439405,26.48471697872194,5699.418844226767,-2.798030960874998
1609,7967.422646866887,100.99464090513288,38.16173984616209,9456.787924643952,6.214593000793647
1380,34249.4515338403,3.642456663960512,4.304912935901463,5546.680910409233,7.218885603448266
1101,48016.172279072,101.25754363899674,15.953977036142028,12915.535979909431,8.168071415145755
1493,12877.473148853252,55.23948607713181,39.61657306747346,7338.680893979098,8.872253419267388
1643,35864.728533116046,26.11055279179734,36.92534792053805,8161.699509795586,2.637397202776711
1613,13019.979829887932,16.05337739927616,10.854233636315405,5657.725696194067,4.826390426864657
1018,15424.11079653304,114.3968601098847,9.386007105913745,9725.904389464366,-4.856708350745464
1453,24314.87699621012,8.719870509738804,5.89767881517616,6508.000900493166,3.591753515386509
1481,44758.20677513764,23.89121039231108,1.993128242309001,7493.733419663163,2.0979757161090946
1593,2029.2244095988065,41.73868169196552,15.702343560795024,5946.752763686611,9.434590670421992
1396,49483.101409691335,74.42818187533446,10.35042310330364,9480.61890330403,8.525639479040906
1278,38626.649765517286,65.3761302331318,28.517691724167776,8862.368494506927,6.9640589415007845
1850,18052.9669856132,15.077219089477678,5.658992672373,6651.79470328379,-4.145087232196
1364,17772.594160423323,34.76735804858576,28.13495075590221,5189.553090217416,1.0304326342499983
1330,24200.76368254884,28.65021253032289,7.966596369188847,8498.330322568714,5.440633332918402
1640,43786.37945033221,25.625142538840965,21.672795309140163,8198.939214586208,-4.555088846535784
1343,994.0753078474348,49.337320377598445,23.729354337762903,7248.563487615093,-1.462793123707983
1821,27457.657569523926,84.48377431099883,25.230164147514976,9751.555624201254,8.312607851771931
1454,2898.7136120804457,26.094351866068312,2.890254371676778,1881.4256701128345,-3.0532884905086366
1600,5868.477292395327,44.00146556435777,7.722011637476244,6847.626870946422,-4.229397434920338
1724,34564.22663383801,46.91009122093947,6.075205843235494,8929.558611222596,3.708786344270038
1654,11792.013369078835,117.17478353224922,20.92721849569661,10643.615233489576,9.196969231416704
1064,2175.5807817800764,114.55996282548828,-1.591411897788491,9827.765949264953,7.519371098629579
1075,8295.440275700807,96.01650993024911,18.321540248238254,11162.632310306397,9.621587570814333
1710,10511.04037058885,28.99907049830222,-1.0639824960631188,5528.8313289089,6.30284730544374
1142,38512.12158594358,8.164477691000362,10.16751954699012,7051.070898314563,1.560546611268573
1916,31283.71416002974,38.02849652647497,25.901774182800192,9474.21639367799,9.19924659384811
1914,36782.68823271664,32.0153459320597,13.565382475529592,7477.434156350492,1.3994991767996767
1827,18554.13175207441,60.711096017567264,7.615382772200251,7772.563100347942,0.2514192451636647
1604,5745.325441238586,93.32734920813516,22.71357291545655,7653.543310819683,1.7229387665115077
1472,40283.9761618844,102.99875266546296,28.312110061695023,12420.288572895832,7.209609315736966
1416,7106.301248894251,101.38369024926102,6.456322064766832,9249.822331509264,8.765403247733325
1304,19195.82016735532,43.161067346768135,8.472995549314476,6326.759313786532,0.3652316493951328
1735,13187.684258978625,82.46812121528195,23.813226262798874,8380.679275550854,1.933711847983938
1496,14897.089198436915,37.54010370290641,38.435046708126336,6492.314603588181,8.474909849565746
1290,30132.64742067997,7.308665188221926,4.624219150139904,5703.713073893877,-4.294345032069966
1939,8301.17240257031,84.18783187235307,24.44114360700443,9469.598517215138,6.758030411707772
1101,22349.10712455275,1.1793063083745414,35.796542848077465,4527.049732499438,1.813266373515086
1985,31970.550702140303,49.10191049501863,15.788504426996258,8849.845269159128,0.6477752657450688
1266,43458.76853142018,39.525512316249085,9.257990192289608,8122.647892394058,1.7038193775525858
1866,18624.25323345254,83.20530462226229,25.009197934294363,9901.78151343965,1.2803601325236968
1967,16002.719895193024,91.94945673124548,-3.585568708364619,8941.84021422062,6.349279272817089
1621,18455.57652720544,36.49135631655406,11.20722477400183,6389.050976773505,8.919212833662336
1973,25089.77381747829,97.39524173338242,6.608831206770111,9034.004729327073,2.371837381698679
1841,15723.42022840328,35.27001126059205,5.107976625029259,7075.71763382617,7.491006786737669
1961,12597.558045350555,53.55916319838735,3.0891668587133463,6750.462613207938,5.979168035683578
1941,18827.624297380724,87.24222324169607,28.167848571367927,9146.588221428645,-0.0397882166528473
1776,38913.68031353174,83.15042750697462,37.9794907896684,10381.006995842268,3.809707217898215
1002,12715.45787115127,118.484216677464,12.314679039487428,11336.903129982236,5.002235125235417
1084,42247.0186879016,27.019322905911825,-2.790351189138156,8303.168237144015,-4.647509421643054
1793,14326.816416897604,79.47814962474989,27.351031615266,9847.68011507911,0.9393332683636046
1327,30193.53715470943,73.16182899309328,19.21919505086153,9453.046895163929,9.889572637711852
1815,48551.71648504563,109.8118145388036,27.564007623061364,12011.681220085547,4.558846406051403
1449,47594.463700564505,18.763456997385006,24.15568738895079,8650.225347461588,0.0136610393766414
1453,21788.186628761,90.21577963043195,35.74461914335645,9456.417754281158,-1.2496394089890828
1923,3469.0368880286896,68.1922339522522,1.319808672711284,8483.064018719953,-1.857775968488656
1628,45141.17284763791,32.95990437454865,2.6122830366883694,8643.405960953287,1.0246211344781129
1220,6433.1074814167005,56.93218969766089,10.370615081041167,6984.172735431547,-2.1010146408858565
1153,46185.106729963234,40.05319164837574,17.112496719885375,9190.852916389244,-2.9722072691970776
1664,36658.2672514839,69.5176083346153,36.65712014534744,9606.240013145016,0.4609492664043833
1011,46718.532114788366,106.6800732977599,35.813390320748226,11735.085330994769,4.1049953896869
1132,33303.05140953842,68.31659812946424,34.23424536712197,11003.178004782409,-2.804012268708074
1993,49756.122555780006,75.80669019919009,5.0137120274616365,11363.854501784195,-4.334850892057099
1303,23403.38387927536,62.249741653765135,27.835436974615853,7286.7192235940065,-4.480507729044627
1292,16548.113236166057,6.139860773457109,12.257128484070671,5077.942201717011,-0.9892362134604752
1974,19726.266655922813,27.94302682513131,36.90323173934861,8552.966349659922,-2.1480156422554755
1299,17579.41771252777,59.04020753184993,4.65411263703507,6214.536747699898,3.0888304043522847
1739,20099.78452944976,37.22823404936457,1.3566078941781727,6526.916326892469,1.835802805763492
1782,44271.58508312053,21.811631731343304,32.90733285850808,6957.170353121142,-0.1285007849147206
1042,29643.8506444204,60.4959410302126,27.26084178035537,10335.59038460544,7.503142512264411
1943,36312.32623901561,38.73717521374204,31.963975520072346,6706.762618696284,2.574204894947897
1342,14464.875667339404,30.97291718080977,2.1074524455157446,6164.388089080734,-3.627050118738513
1325,49494.547089875865,55.678250092845694,34.81567094872583,11063.47279050262,-0.5635346888945705
1813,14108.663634553912,15.994110969860778,25.492916049121146,6083.193203894717,9.600088992948873
1497,8035.35476420864,111.32948796904888,24.320236130435948,9914.373529057011,9.654659811370216
1363,38931.909806419855,104.12425175030867,21.21627383941247,10658.917936200323,-1.179925466793211
1890,41969.85921361244,84.91447028886424,29.41944185160294,9223.32240087223,-2.4914580680762914
1426,19750.3837993049,12.745659310614744,13.70237412462806,5222.262604925648,2.4353221932586653
1020,27099.481932427625,93.10527053636316,0.9769560669925256,10999.39088358349,2.2219737725026985
1406,20764.986381892435,96.95487937308228,19.26691899223885,9991.651106843552,1.1520653090352564
1618,14766.705603434542,92.13175412572052,28.664588099810302,8812.78659959858,2.940358412409295
1335,40687.51388937656,13.67590645430894,1.9141353799447056,6651.847672829283,-1.5170693222269875
1814,37876.16407367341,77.26895484813177,5.080930042504095,10217.274566876473,-3.2760598768446925
1116,24317.898623668923,100.11897548992782,26.34455299297804,10472.247462445732,3.556921877146525
1123,22831.991027745484,69.28240814636013,7.134292034377696,8248.17816835382,8.988969951735625
1398,9090.16836932072,77.56888502737068,2.647338726397044,8139.387114269885,-2.933760850695532
1792,31899.94066604708,55.00361753115674,35.02264347873843,8714.418731391737,5.572220863471936
1803,46191.51932486685,63.44487838608632,2.2402910224370025,10995.178334383334,1.5684503107057752
1714,35970.310226606765,4.125223002207026,10.486686057130418,5683.062527088581,-0.5903511540679398
1050,25362.89766438872,76.67556263679415,14.279363157934498,9054.31175190716,7.796638275886387
1782,2029.059601930487,9.773665546939103,16.426299351567838,4695.821302023355,1.847375418057729
1323,46521.11393153878,52.20175132082681,11.258946661921875,9372.983037709337,3.749680211019852
1788,15471.41246754622,35.118611720088936,36.06423247296088,6605.832420800727,1.645844304098941
1140,15067.6307973735,65.45135402540556,24.63813495293146,8764.909330244385,-3.781256274956707
1469,23532.843079665698,16.00996026278485,11.177259215021618,5854.8922280295765,3.923570303502789
1786,21515.37956356817,82.99720823679819,11.0973873791929,8269.720614442629,1.282614625571819
1801,48121.23990233247,95.40138443141645,17.632862463313643,12241.695522391285,-3.6986509089855546
1333,8333.87199568497,19.60253396917878,-3.485155812366501,5801.552664351058,3.937176016284624
1892,34487.19552330665,12.51757048222586,36.69892774748318,3967.5826839198658,-4.851936019411587
1963,5427.483617488502,17.4618579344831,5.048921997131901,5963.265035002863,-1.872194176181116
1372,13917.189166911112,105.2553074278202,26.3916654559999,10119.663687870763,6.716043053578186
1563,36134.64520229261,63.38271141076274,29.99752361525785,8569.847012436905,-4.431088627118983
1493,40221.76734955892,56.07131952090031,32.232235683428925,9545.848654029,4.700231470827081
1538,23499.3331634962,12.805418292282514,2.4539039440379327,6779.39269909655,9.24560419310986
1668,39488.32091137408,77.94672081083542,19.15118813900824,10582.95637863216,-2.4321131274048984
1750,46762.83984278267,104.15995102741078,-1.2346537037058445,14660.52776229604,1.2566779031436184
1155,46795.79299476553,99.38230431881436,31.21565553910999,11761.50484798189,3.6324654605649727
1290,17189.475326096937,75.12656507769616,16.89031902812757,7677.912250912513,1.7562375810076638
1647,15675.778087705052,9.033445998200836,2.132007651556499,4348.435005465903,4.305665292726509
1143,36349.58814438506,13.487643261121557,27.340552552362865,7104.0983352528765,1.0614628775049724
1105,32739.315688148927,5.917078453178961,9.902643193839005,7822.128509518219,-2.772438064671193
1419,19674.028902715363,30.89750597909632,0.1527971692048408,6853.019208286991,-3.664334602633165
1669,11510.797876852545,16.27937605924533,15.74832212471414,5577.133207737031,6.166647342657166
1657,30959.751193464683,31.20576483029207,5.586096941937164,6534.741819334177,-1.420640757171428
1001,21568.925720845928,46.2069666862754,37.759982608184906,8495.195335475655,7.711754691500852
1944,6692.460736530969,113.15793408853628,11.26127460130498,10966.500230573252,6.145408657327605
1588,31998.51271017081,73.24512717380304,20.7603807315925,9070.728406229397,-4.258202234864575
1643,34913.95314842636,100.19685428195548,37.67624493056778,10118.156120988198,-1.9818332440439723
1089,18275.17730271617,85.24218008547987,12.717453395558229,8132.833711410529,-0.6201101516069265
1344,41614.52491479163,13.50037566319581,11.115709319917991,6036.119625227977,3.917233732390603
1349,3776.286854738912,88.31044876487385,2.30825381769742,7268.3126903271295,7.147405004727085
1458,24845.898021474743,33.01186578709493,37.22366040545944,6213.213219890386,-4.095001172623653
1262,47821.09018359359,76.69294163936476,31.033515025580733,10259.10192664032,-1.2558657218028362
1350,9604.110521927923,40.91543683715862,4.945494505985144,8676.016128016186,0.6431464356958134
1107,8698.979672168452,119.7206715917591,9.970349248674935,9653.991829630848,-2.249342681177506
1585,18996.964620612143,31.626177539613337,36.17103001368781,6225.495691879218,3.179381462595236
1038,13477.39372468483,33.49565649291236,19.177581811352127,6173.170190255124,2.1700371903746545
1908,11154.516344219386,111.6806706674878,20.0350428972646,10301.2441941024,-0.2525653692326015
1158,47497.16877045795,2.9573285563587204,24.166501687812072,7325.324116031371,2.753303303805352
1582,17307.903885125896,83.60267854478363,29.297371805850915,9374.779804266856,0.3373234652667083
1958,3085.919927597844,87.03916688830537,37.267849554894845,9277.31686666804,0.1479110120093612
1311,44999.10758531553,100.36542928924791,31.100128306151127,12440.129910320356,-1.0190671196451122
1240,22467.477777677534,116.93271727661704,37.054713930880965,12149.8664311037,3.106569014715824
1937,36823.493936414736,117.07223029879827,31.92743911685061,11358.908117229596,1.6617309167849026
1444,18430.62763793873,7.833210907975667,-2.9104672723400133,6208.718218955242,-2.055128238091644
1297,46764.9349462574,98.6207187303483,0.2890579241623889,11155.395022220984,-4.8055060865270125
1951,14461.232746411528,77.55719203888576,34.82018165408503,8036.00365589492,-2.736056890806209
1035,33172.05549673753,77.68105612477095,-3.7536597929634334,9701.389872493335,-4.357480977521911
1083,41234.81174355249,15.401991193763376,30.73785919689688,6706.158005311627,1.4739825045764814
1451,11972.845946960646,78.0224599734784,33.24296793565805,7677.816514263841,-1.6235471913146249
1885,40095.39098272684,117.89790967214974,13.695905293710355,11889.422062132664,1.3068299878708682
1774,39634.572950709,109.41822834473363,10.96846387704489,10286.347411718712,-0.0582518994498668
1821,48214.75773208403,52.695679296582064,3.748189860312232,9568.568893583932,3.070222160298501
1384,46148.31457729956,4.793756794331321,-2.798650775193666,6934.3627691822,5.8580024318290125
1171,19491.57538063413,43.47521880002458,28.542233033994712,7531.4730459899665,2.1897090720078456
1375,29568.1333426794,99.16683739206664,-1.6822811998676015,10219.381541464914,-4.070479085913037
1684,46272.18664680118,84.17989217581993,37.51013326040144,10213.175690942697,-4.73734277877638
1361,318.3460758612071,55.12123867127477,8.353455824877786,7360.458113940061,-1.8015325058369127
1558,31404.7720896449,6.612184219059731,30.740994291740428,7584.967149392159,1.3745126683128062
1890,10846.639155758765,51.22736733879631,-2.3142807033435187,6562.011668926339,-4.326424570590991
1140,36964.42391212616,56.28299276614602,19.13254080933424,8648.804452928036,-0.083992927401665
1886,39843.83758637989,111.42666394729632,10.709479169074704,12421.69405702122,8.305385618427286
1917,35676.66592832056,76.93033242985913,-3.649950266983844,9985.801849843929,-3.6497146722174594
1117,49804.292299478446,37.39834999855787,24.510970948412723,7688.487931594586,9.227747646543603
1276,24014.95553704305,63.03819173408657,37.442322440882265,8263.702802616797,7.850076632636794
1725,28111.13931845904,7.926636938659208,-4.516125475862042,6487.583728760528,7.476717340203081
1219,20508.72188999,116.70818827796842,7.169661678110819,13123.4718988603,7.954877663144364
1904,48701.7593924516,43.20718823168712,26.662258421390423,8891.222194126618,-3.7992460212052537
1025,46145.54191564275,57.344082589576296,34.20641758187334,11175.931921176993,-2.7324785903195483
1520,49333.17532949984,42.63407690843072,3.585062807503516,9200.064978541395,-2.984413601583768
1782,49246.07101502195,81.90140761394402,-1.817744695755402,10931.53920404833,-3.3313728387293606
1009,44783.29355642116,79.46785899955117,-4.611136984831813,10674.487373726271,-0.0843317070165614
1983,46550.78865278461,85.83867726349628,4.68428897452829,11179.58422040696,7.45325324425791
1377,6082.070524254821,32.1771875534305,-1.7907218575588613,5453.320784383076,-1.2205678455315612
1632,8759.048954654012,37.88021773968792,11.17219400961691,4415.297718860883,-1.3366748151161003
1636,44270.86025817045,15.030147731544954,14.805659872923108,8062.916792261706,5.138331361309199
1681,36367.34305844148,78.6611966215335,16.59657126469928,9751.53020841602,-3.546123467949243
1583,43761.93671745304,4.775655280278306,1.4048189610073418,7849.376490404907,0.4041998854288593
1151,38524.67243212051,71.72188026281509,15.879462197196528,9754.422128845745,-0.5686053973366851
1719,7065.219292860966,104.36350618219606,-4.592676120986163,9426.96806096781,7.70951296194132
1048,45836.62857171803,106.89985779475604,5.773948965492055,12150.95025003129,2.7175191643818994
1153,38584.30339421442,53.88453124439541,11.608872218919394,10970.43987599325,4.697103461829116
1858,28583.22925924248,55.116442585568855,0.3258209174604971,8103.624054790423,-3.064484926906472
1292,26664.8422654799,9.236301960962084,31.630206879279285,6828.415698152679,8.933773908338653
1579,28732.553920866856,80.49180305316429,4.054557653866937,7530.054573588903,-0.1632176881234306
1049,19581.8054639106,98.55113044474146,28.970037024082053,9974.397636593549,5.602582567647422
1663,40180.64504072847,29.358606552565565,16.325186775512236,7726.609516974934,9.319392698733154
1530,45459.97328939659,50.55610579600376,16.588439191532398,8597.093987595461,2.629732924240038
1611,12720.45955772176,100.66072041183244,24.033745124753203,9878.53105270165,2.613028881007833
1059,1998.555610601386,105.25445611947455,-3.007502976515056,8102.578487754956,-3.2412586466232214
1166,10226.077460801533,29.18159763170712,-1.455829699993572,4451.0291873829965,0.8541333463469378
1201,37891.198237880366,66.06847614496371,9.707957039763134,9263.75335724419,7.786974083223033
1856,43433.21254978356,23.099178076299246,13.7570125225775,8032.982612438211,-2.9734023935157747
1145,17493.41908201015,12.225451696746784,14.347335873766887,6429.236720969565,8.762561958409862
1914,7704.112080024654,109.3344601670349,25.459920887146065,8444.377483581085,5.009641215799851
1675,42940.84926567244,98.4609005078531,-4.968274467373149,12121.127728751277,1.3143975258855765
1969,10810.678591691323,91.20418821638089,38.15972914358599,8589.713809272702,3.19747627788486
1992,12169.521885749058,5.85195825757685,2.8519334939625187,4990.543773632466,-2.742550883949486
1438,4721.368142432422,101.2474551252309,6.188425433735654,8677.470709903137,-1.7377506029340355
1241,45525.17859805599,52.56528910864605,35.75322330363235,8931.095539745726,-0.7038735939999077
1580,16403.49470453302,41.08741479550316,-4.752886960870149,5456.783879480115,0.7726917726162172
1686,8674.883500231359,65.57716332304517,39.60877367015293,8016.297088726948,8.732829924894771
1560,47686.88157643115,10.9623891268267,-3.381919896780349,7802.215116655574,0.513535374477355
1482,16842.468976709974,90.79758592228788,0.4245483772101828,9129.999714592372,2.8575286057933145
1107,37399.54383492803,69.89220922659551,5.804802064699967,10014.131090908331,-2.569607578732367
1225,11596.739878084896,22.390811624780103,14.74247380508083,4810.134674616197,6.03959801578106
1672,36368.606200295486,22.587863972285472,18.330319017201653,8283.624878135708,3.404212736000522
1630,11684.894771513274,22.109838188720907,-0.2876687974100873,6391.674033444795,1.5986118697505791
1660,31923.2251595316,6.840286506232078,-1.684674562053699,8144.072017501357,9.207796983372903
1976,22099.06521576865,70.53581392460218,-3.5663433617404383,9653.556503860002,8.359762662127551
1661,39956.01769314954,100.84178131062096,6.5537815303391405,12554.188425350723,4.892669085167459
1431,36540.5643682255,2.099785678486632,36.46898381178591,5243.628864898174,8.827186092347906
1804,46780.73264616904,5.880557396552826,12.54291334995564,7093.527852989481,3.471726923996089
1654,18893.453188955133,68.7324332024335,29.380332644254715,7538.561001902332,7.404057275729002
1418,37741.32282075046,98.33948224632628,3.558468754252784,11805.613983788156,1.1419024627777938
1987,48445.29223510372,39.20866686823603,-2.089434842302809,8270.164367087029,-3.6988371297807854
1454,16881.82047596437,41.95372785692666,19.942590481764825,8769.502981716021,9.912228842936644
1159,14571.211766328384,71.5615796996131,31.994158016672586,8060.545046601133,-2.5155271876014123
1522,38475.63425656752,32.90554669489764,35.43069624985952,7403.11369323842,-1.2273494111151608
1649,22331.517973863185,3.193003929322096,19.57920715907954,4521.859426948813,-2.553449158627408
1968,19992.72304488527,88.22742217219152,8.231452781396394,8643.13442073532,0.0621927696811761
1589,27326.06445129493,75.07798955297437,-0.0719714643232629,11151.058643408876,-0.6607979941049189
1076,46782.98387677509,69.69071988667909,25.05202844073834,10388.926145587371,4.016533728238523
1508,4284.124042318608,89.00209547901878,7.619656770313835,9326.17878758674,9.946900216289269
1440,23337.724607579523,81.02770050744451,32.97830910016889,10787.871006605976,-4.212364167716473
1253,5596.037149108393,24.70583858139853,22.23045033039796,5134.118687345998,6.67664669939983
1920,44190.94437942416,42.29772563320213,33.649535350962665,9619.79406797748,-3.080121133902702
1769,6921.391939927296,15.133217001435,20.49938545023181,5842.727772481323,-4.7024746305167655
1319,4576.199013239676,15.582841610145724,29.72840632169995,6101.524949591891,4.578652301735422
1802,48191.344390115286,81.14348956278471,8.243731790999439,10556.934644490038,8.099728433040509
1262,28210.80779296796,103.0320128378998,17.63764556721617,10239.75520325006,-2.3555224002740704
1596,41312.0572561757,115.52791006333668,-4.126713219369053,12359.01333356455,0.1242067696292101
1657,23565.81346407882,75.40165410593333,22.35242844956,8842.105384567727,-2.4687469366538424
1834,21838.52834269667,22.09215880331484,19.0182706402204,5945.520797647415,8.597613539543756
1553,45589.32700749779,12.678041453871684,28.987704509359148,8358.38627866561,-0.9445935137281616
1373,49494.64123048925,97.54211658441092,27.803018446872954,12790.206250636184,1.670693371091537
1636,30964.74085990919,69.45077716319992,23.24276508257085,9713.712675983874,8.421119144246175
1166,45917.5982010282,74.19420252164639,-2.4491563870609707,10701.142894146122,3.2930380564400767
1936,43149.65860659283,93.7754506505651,35.635436826748474,11539.482653369863,8.992747011530588
1752,27246.093434269344,84.3932673278942,-4.189136409171641,9110.007322200838,8.896756219705585
1458,47061.0743562683,100.1349903427316,31.14704471901525,12773.930572685036,1.9240152984058136
1998,10581.80249442186,6.745668655185417,16.570585807036142,4690.585499629415,3.735739191000558
1279,44253.76879830142,89.70247640958058,31.80971033003334,12610.204544410064,-1.5452858943059464
1699,15536.88490717204,102.10233087865146,15.928144317071135,10317.068290750978,9.858037282017449
1301,1622.7261170902489,34.33620509499772,24.11220122823163,4985.026948397172,-0.825250093823076
1530,39375.66902624639,76.85367287919034,11.346947760189831,11910.77322044093,6.749604819714268
1579,46507.87411090266,37.699447660436654,28.4655431261348,8137.230672106303,-0.3054640976716101
1217,10917.44608650624,114.95652797789448,6.437927880152399,10144.356067790057,-0.3043660686532243
1101,26750.87081064145,4.010828692260451,27.371016034381853,6157.326675930933,-3.4420560994858085
1553,37492.40014319477,69.5751412599546,3.702219298474674,9114.700036215188,3.398437161948697
1287,16648.01704188007,19.98042564594181,27.497545765272648,4996.555545539392,-1.327514928076861
1166,7431.225830060018,85.46642462125904,8.215208735897535,6980.276998348917,-2.7740786336357184
1620,19673.08022619389,21.10683401023945,7.538429742193125,7516.497985691155,-1.599999582248998
1035,22882.846394507804,28.245991427802903,31.517227186537298,5216.73450184227,-1.233602644039551
1743,37136.82436214669,59.32449732549097,31.616168651052988,9648.521260282632,2.5612518417922905
1740,10014.324749552095,109.78019399962535,26.11310662864104,11305.465019486448,0.788845548333434
1352,40774.09847981788,25.4057246577565,36.57588838408465,6622.912666249847,-3.867645784670599
1675,25158.73757568597,17.308802534172422,2.028716200528028,6268.563459102908,3.040428743437916
1898,45204.136758880966,91.07721982248368,7.119459409589682,11061.32119418009,6.816211773831471
1072,28332.718017462048,60.07434388007172,8.230633897904578,7583.609439141809,3.61352741340993
1647,22398.043625859857,109.41421348581255,8.737885183045544,11252.81774721406,9.61810378377656
1352,14411.002943794145,17.593746859181074,9.761439274793664,5518.635763378841,-3.512746877832929
1890,5401.4959169926005,77.51134716276472,26.365412970370148,7872.600310147828,7.317285051371641
1069,18647.99493866492,27.945497538217804,7.184116449640253,7743.172470422713,2.5853900484599963
1424,20739.80040201141,18.81125143819672,7.866496968271665,5712.543637682925,2.823927663178422
1998,28457.518214904507,82.01152981887246,20.66865625821781,10500.831483534745,2.786499019743226
1707,43006.57297896086,71.24215438904798,3.7011484778926977,10927.574652820804,-0.1202175813854236
1780,23244.36828097217,90.57929500347974,11.419937794620516,9168.42705252864,-0.1316747863962133
1560,15782.797783186248,37.13550917354189,-2.392682512275237,6827.78098942044,4.477667599637137
1827,43675.60474395033,53.75659876586279,37.86461986283532,9815.293652687553,-4.328523719253254
1641,36722.51010009104,48.656601159650215,9.278845469420633,8705.12357075959,3.8317906795270513
1955,15420.780062951151,118.0907356759817,33.251896011148865,10877.88652379292,5.868860773163732
1516,8430.590361047758,35.069874808726546,18.847551733149924,5551.448297980272,0.3448944021312696
1427,14622.26752246009,35.37806860161203,5.269547077946598,6667.830174113094,-1.7396459081055005
1538,6269.517050810188,42.54578505943289,3.704240830130445,6339.806771061994,-1.7991963091564331
1159,45180.4752435903,67.75128975483858,26.27323351973564,10297.589074553303,-3.77240519983151
1148,30625.170870302263,30.27872931164943,38.419096343513885,7200.688932944226,-3.654210211903876
1775,43189.27604104436,109.83479284551288,3.238137423812772,11692.084926859268,-2.4996819770811096
1229,41036.00751337958,31.88226778395162,0.1939547513535391,8280.969429895003,-4.712406424203693
1711,7746.455506967011,107.49788778722336,12.419470543446868,9445.444972161607,-1.0064688871372356
1561,22205.76313277737,12.417007637590158,12.721474612537412,5898.477521024192,-0.4039725612805984
1066,48605.963352884486,78.78752428795828,31.28138381613787,10067.39229692931,9.928318800341962
1811,11766.335683803089,108.83826221258924,16.100018251733,9424.377418140626,9.87531606484188
1380,2606.9211002924835,20.249932607787542,-2.189246524146112,5617.678093679073,-2.1942672974437283
1057,17365.906369178356,116.1992352119106,36.43004612684648,9785.86631851356,-1.8045176285461333
1258,25596.195756542587,54.34600324986141,11.793455209776043,10250.963133588608,2.378595558406488
1341,2888.2846175737973,113.48581301292292,25.08392787223913,8917.890036389985,-2.768234993934348
1837,21391.02132152568,81.21840523560564,25.03697221998243,9181.786414023438,2.560591122372876
1129,12745.292049961869,36.19042438482619,-2.4646064642320216,5460.326774876529,0.9908455720761148
1726,10684.68600195664,22.59630299005277,-4.837790337921939,5944.177585753863,-0.1306566342519142
1171,13268.96593523264,36.44820554701192,-1.0383337245120332,6468.741317119698,7.339077562146629
1769,5359.397468528778,11.162089111521,38.04390098343072,5140.141296132602,7.421765499895864
1613,3924.727971444309,17.26415596119957,30.729682706962564,5652.98274713544,9.818342004755898
1208,29832.689504612328,12.559252841577738,0.940552452643452,5750.093426943063,-1.6536782887762662
1802,47396.75295503456,50.75322524898693,22.66914392044688,9946.428162526412,8.324162457156191
1353,40256.529417089616,95.46940515091038,22.538818772918138,10504.422962332645,3.067688945108964
1470,41711.54277495306,16.966026505960823,-4.974840774368391,9607.67229734152,3.8718914699852807
1797,36780.57190745296,15.638451980680305,14.307892082103884,6758.715938288685,8.444398214987894
1115,47803.54196539155,77.21147394207969,27.02989617708001,13045.58705006664,9.1394619456748
1263,47532.46893805642,23.66195783616796,3.405678120281729,7750.695837654088,5.902168865509559
1661,38937.325270906746,11.713204573078992,33.29067243976164,6345.087507349798,0.2176364790268579
1811,35825.71830313243,20.02182938466932,24.71372023446991,7702.947414589557,2.34501984502758
1441,15333.447875151222,110.84776750521311,-4.68840663209514,12280.391419561567,4.225807960811649
1547,4649.202988366444,98.5765503331429,33.471138105011136,9398.223201306037,7.429600584791455
1452,4734.111903036571,42.48774748261129,-4.126998671527889,6819.877354959363,4.869215580663331
1844,36839.42769293167,78.69849207928713,34.956796187193504,8983.004803335418,0.4817142503143454
1476,1515.8556530084152,64.47308084016457,10.017348590644024,6813.940237554204,1.268206770404416
1286,40838.82152352725,81.25491161790767,26.43926148498903,10670.929964691864,-4.243434469410879
1302,18387.174815814345,81.92053829553112,30.434393592028307,9380.05484027891,8.86401790655704
1310,9684.818896963432,75.44808180719915,7.657096898077322,9279.838934175015,-3.6782148000576016
1207,20438.666383892105,31.93216422447703,11.039657503313933,5148.553497332189,3.698961860283172
1617,35193.2841502372,4.680770491538175,17.929378449504966,6986.869082795077,8.074778218582326
1445,13828.019634956889,54.66801383881305,21.22111893090588,7956.525443690066,1.3129787427251074
1669,8763.556926825404,106.91686616288446,8.141885773472753,9831.126149964395,7.001882312670572
1632,36920.42542737206,68.33967102222911,39.65779159803696,11264.394578325597,7.057241194544426
1054,44045.99710669804,99.88692500422896,28.16521029500224,9531.83649691258,-4.1023094212062965
1911,29318.68553978058,118.99492115534738,7.336840441901298,11124.543847788356,1.1821558859608243
1011,26240.393503990923,19.633944496593152,23.819448607045626,5799.745383127271,5.365382300305653
1656,37768.28498881569,83.01331669703788,14.591704051417668,10192.161720601302,1.3353026360332434
1399,36659.06187765587,80.91522884400295,33.71480011952791,10345.94495432257,3.1775087226903427
1907,413.2922870681464,117.5946536829934,9.802753184956902,10227.124944474612,3.9168685690996
1647,14164.040482951918,118.27208807433604,3.453429466895967,11002.156259450172,-2.7315593490313628
1979,46607.44826470252,82.40143340689553,-2.92386835467334,12313.717980887275,1.179718092227947
1514,48014.08813514206,29.23377503786331,39.293915434050135,9297.456888817846,-4.573051674746512
1655,25563.32913420729,95.82670057567188,11.164975312620989,9232.01574842712,-2.7556087520698336
1541,28048.49175769709,12.843496105324572,4.9233310781013895,6768.852160252947,2.683810950647479
1236,132.760420818569,93.68391650059544,17.12958130423721,8295.124514858911,3.603789969082154
1278,33649.7667913248,109.22353489736356,8.123769492019699,10548.96149429562,-2.8064839011250653
1347,10700.548791105144,45.94000737221223,5.480501544554519,6899.287065577865,6.334289053186307
1626,6482.803157523234,75.67623539796966,22.7373025089652,8602.307368752812,0.59481831806489
1103,15303.738083882905,51.61712785161916,-1.631821666387156,9902.138093125424,8.80974893241508
1629,33278.120233721675,52.531806598575415,17.904682733491452,9279.817824615382,0.8149408495810979
1516,21873.035221866987,37.2445066929744,12.4344085605109,7419.967653691883,-2.752835353510932
1979,17518.008530381183,91.45555445403896,18.9638184436442,10101.405537946835,6.3695568802113645
1871,36367.704526500034,112.34118769998062,9.419828041250296,12491.182275665324,3.5170120065899333
1247,40704.632482098285,112.89010310813534,20.6644414416165,12037.50291669241,0.8003225236623361
1363,43473.20315646654,20.97375418499206,-1.318165503143704,8617.843129282328,0.3393574514839237
1320,22293.165520930528,104.96923795878791,11.927153024921282,11066.061559333268,-2.7384653966409345
1632,35919.613300483754,88.49177297125466,5.687437371076101,10183.329068413796,0.1125194119901715
1285,44272.14881246224,30.34048808283471,14.71403709648162,6682.702992795771,-4.559837885324974
1148,45454.42931109054,8.074153550581746,12.925124812290624,8059.535411205271,2.5360287111365656
1083,24656.857128529253,32.15967202612536,23.40326477725112,6714.189870951853,8.45085612720604
1965,17830.79548037378,109.46498841378308,23.294097767179306,10891.535826141297,6.929961943229907
1405,45019.28495577975,75.98144098749268,13.60141363429003,9520.701686212076,-4.572182041936785
1977,13145.380366415511,86.52655930774462,3.173042064844553,9631.356584183566,8.218904894023487
1455,39862.68734967334,30.8582821330915,21.1861141873161,8499.621881109691,1.7848724332382997
1742,45441.87959187439,86.32657866897843,38.49319164949624,10328.150476502247,-2.136628018767584
1799,37011.96810326977,3.374580753350851,3.344922597470628,7075.737925283828,6.28617932823081
1160,34025.02215462169,45.03856149276166,-1.892336946592315,6721.31187956617,-0.1568967473443052
1783,2628.790273525337,75.21040182507974,6.905253347141196,8336.396653591923,-1.2002236529472077
1459,10253.302186074916,17.531587864958425,13.581415063041709,5804.77067764086,-2.5802238982767856
1549,33361.82427752488,98.76042893363216,8.778478981905293,12454.728577777723,2.2993286035033416
1499,39281.25985636036,28.20375585743024,32.56193692672034,6520.801346510863,-3.599090006758321
1737,3263.2095720117622,78.27373353821355,17.186245261918515,8387.389265361491,6.784196936706799
1508,1051.0667404967935,48.62365710903956,6.075754674668421,5953.935844853685,2.060118649996165
1653,15644.477437074993,71.52523145731766,37.75895756031999,8939.781115626072,1.704646252283803
1803,32283.25824714433,12.894066315468976,0.6278268874562452,5910.206053174146,-4.9721906527771855
1480,25650.927886730587,2.029535990592879,0.5310148845119613,5851.639380065826,7.267957904628419
1662,517.1298537474611,109.14773128563614,6.037818664430839,8358.465229229176,2.392555885573805
1113,7665.447206485676,32.355601052061935,-1.545254525603731,4837.660126840525,1.5984177970202182
1748,37634.82265456377,98.36124033365508,28.824370808341584,10617.702595010023,6.420773279265857
1577,14953.319083039249,119.92203605666404,9.07648753794872,11724.239688302623,-4.056521763488587
1360,5947.71653829292,25.37175095986934,27.842709635785184,3761.322804136362,0.5002068414280556
1340,2638.084951478205,31.820488942002672,29.32318604636714,4996.082088540942,3.6360093633063455
1769,42537.06682689772,79.54317451615988,5.688334783688292,10176.275082304986,1.908663441087816
1986,23636.133218211053,115.85383615207456,18.326363743186786,11897.946470334398,-2.275416651830384
1760,25233.56445631315,109.89772178288928,18.381647929951523,10418.63012781552,-0.5108523847953235
1968,3160.9285802196623,60.34506240787019,34.21139855516808,7325.531327427789,-0.4969916352855055
1448,24480.13826632048,95.41323390320696,-3.846611749858879,11739.42534818334,9.879562041478405
1842,32324.080413210035,16.289502371988128,9.256015464196526,8619.007606526953,-0.1070432179002676
1834,6227.652463482409,117.29258210448148,34.71202211561596,8701.111278725826,-1.922269061865516
1179,45135.534034795644,115.72238808431838,5.656145022249135,12862.843942937712,7.339557296562196
1701,39189.063859459806,19.64747494550052,1.1595995385904443,8677.348855230619,1.3175688250541295
1406,40114.065654515645,35.930774976372795,20.926259272775656,9641.632246975858,1.6579554173057618
1665,26873.000547969776,12.018599700812032,8.76445428689536,5973.2273402096325,3.233335952436059
1195,16762.701860826946,32.606111867781564,16.028252197140926,6340.851455878056,3.935337958937673
1465,32058.56589081193,97.9146947298248,31.900574454013142,11150.221511897684,3.858334006155092
1310,11345.97038705135,45.39787285983114,18.431363878737827,6588.603874059671,-4.482504163834341
1261,6930.547379836025,10.607636057611003,18.21504021971674,4279.853428210287,7.282636493469292
1418,26962.69785233484,41.06706297346855,7.518220406292601,9010.573695956971,-2.0772077138774305
1405,23983.446788968296,117.76600010895362,30.67895040148509,9795.893535857937,-0.6148680832420874
1938,7599.091540525216,75.56203143110434,28.29165808215705,7226.11550408701,-2.398557199689868
1142,26567.153252479173,49.93931356873893,5.535423159636089,9138.22897186088,6.506149863038166
1341,27368.76671878448,19.9846216196724,9.400203387046222,7569.648248238146,3.754869889381293
1315,43588.587295111785,118.34121567404335,30.48826868461935,13535.553603500024,6.32944229128077
1100,37984.58180976895,98.50188111157546,11.097301082129048,11117.024617637697,4.800976081439506
1243,10956.526656459411,33.77727629411033,13.16018271518945,5583.764433146231,-3.437620483708972
1489,40914.807891682685,8.408243486542734,11.39855220650436,7687.387004902248,-0.4775033622349207
1011,48453.80668455071,6.795066885306964,2.273463693302965,7881.880079326686,2.60897739385182
1238,35859.31368042232,14.44537794066406,10.340344078730858,6967.604671285419,-0.425824528529545
1560,39371.45757287726,69.6922300337306,31.132088639671373,7880.850628640368,-1.8904414339082527
1041,13394.84766978266,111.45161054465908,17.098390946969015,10070.896222063444,8.047179535998996
1677,49595.93720479832,59.609211360718135,15.61978674741863,10175.119710526484,6.21675512823064
1593,8902.087669167433,101.15345789474364,2.035802932412338,8469.049497516178,0.1783009083126501
1428,37567.91768927542,53.50639438317694,2.99064273387378,8003.349989423007,6.475185439433478
1802,19821.44293564553,85.03002549213903,-3.06724260424464,7954.030684204255,4.413079276678419
1157,17907.766446843623,87.8247284743801,-4.3720010814549335,8493.530798382999,-4.943213995514048
1215,14329.445558320083,20.87564470840064,16.960631713279696,6549.665404979899,0.7039303901745244
1669,22108.93376456252,43.34592707709741,13.415455984583424,6922.2946238776,-0.6426875120850433
1461,39564.642693905,76.47625878456287,7.391990731520778,11026.436150650658,-1.7313706744115471
1133,47054.53174513935,8.483592982123941,39.55209431581368,8399.753253429684,-1.2261590889373264
1066,20870.28834877734,43.38482253155479,12.909828804452758,8670.204174165918,9.13547269863284
1847,32618.41488517342,64.17593595374309,30.49811046092272,9134.668745854256,2.294756019873059
1006,39432.38473733462,119.54693916535663,4.474551699920054,12595.014893561392,7.715630773361793
1947,5076.834816477088,56.94402751469289,6.116854387393735,6103.809959973173,-1.7867427177052615
1525,48031.12896475709,97.92681085371883,20.57761152331345,11815.567367178506,-2.383943005310776
1072,10660.509893593504,51.84807420799413,-4.818727863401293,7984.963468168439,8.331843824708645
1398,45762.45722925732,95.56688671436508,-4.215854214099498,12104.66670522175,2.435570286737017
1404,49331.48210168397,71.449776194413,1.3998424517287669,10370.892532384722,8.427281879686195
1674,5110.189859079732,106.3914529802878,5.040446846393339,8176.266538085814,-4.0545672069308765
1577,44648.08893693941,49.31310628201319,18.75322821098973,9059.341920516985,8.746532832644617
1858,32081.372757614936,72.51653037857747,25.88032438672569,8518.98702545527,1.231679745133346
1129,40914.544143234816,75.60224167425929,9.034539879461157,9344.031826011778,-2.669442688672284
1930,5543.97305915435,50.0859530160568,5.758192120170287,6566.780897967867,5.250740341527912
1465,41729.67286289095,17.317445242497783,32.02650303219945,7278.356542644912,6.953540249413855
1205,31339.112501715263,11.227128829480266,2.324964310630412,7358.743667270717,-4.289379086278994
1787,25579.87391094459,2.000586071955972,25.524694977604604,5879.908337360993,9.807939616280292
1977,28045.630739834323,104.82411170942576,36.90987323871419,13008.437522353235,5.455403309742705
1767,37248.93732947226,28.376989468643345,5.449490960923324,7408.044207465175,-0.1789701251323352
1265,14952.072778996591,25.380809913812165,-1.0865585517732663,5747.071466043533,-2.730593064569141
1536,47179.51437884959,88.32424805112787,39.08915023072047,10359.518477545364,0.8879712201732213
1961,15451.064934872176,38.40193357048701,7.184820825456324,7476.207605101255,-1.6915150916206128
1792,43866.29938499868,60.72536308942039,7.404844407700219,10374.063107371505,2.412298353971437
1252,704.3635309556682,19.50132783569476,16.769753110209866,3920.4084135490407,6.728390627354914
1821,45832.35527994984,115.16948657543632,5.397594657076578,11948.01351991396,4.901955834258299
1288,42593.7332048739,102.18976800206848,39.67925599451061,13530.887291816383,1.5390235717259335
1163,6296.603097301051,103.6547547558004,-3.066535135870521,7762.579214407648,-3.215841131299257
1094,36872.45422273577,48.81284982864062,15.316288551953871,8921.221955349056,9.357353835520104
1781,18768.34259136486,91.48334564486072,19.67560307783501,10006.135960536743,-0.9444421182426996
1832,24040.935563668,17.265138646773618,16.012788607626206,6500.0374956623855,-0.8324818118747404
1109,3522.8026369982704,1.0342803110136334,18.42353377882916,3042.1150097968807,4.682533327577987
1335,10707.432224016671,2.396751909363375,39.4410614897679,6761.020112837194,6.557644332206541
1821,47686.93712569634,70.39220848854725,34.46057127415559,10939.446495929747,9.762291479760243
1237,20955.729304061457,54.647388629752896,8.879965568325023,8560.920499735117,9.537463909417092
1380,1398.9143101534364,62.16184186902237,19.81646721358474,6450.234878035218,8.70640786348121
1435,25802.39764926567,0.8955768500663286,-4.986004436203962,7470.894735741449,1.529703510750247
1898,49735.486767316936,50.72239435889109,13.43060506181734,10390.222222609898,-2.4999551036532788
1482,16707.749281764976,86.1681793441033,2.374340028788578,8603.826798389791,3.767068049299416
1936,7146.556788282061,53.12324423609231,27.01122658490469,5897.620329372346,-4.741152416798479
1901,32213.31609360395,87.86630475746666,4.949030993512517,9983.705037985048,-2.056267415069098
1024,45999.23462665642,27.96227572762017,28.70030404802237,6766.156236028449,-4.962059048078531
1652,42971.556615180656,97.57704053780704,9.09219252910328,10973.856808175498,-2.291961311426918
1116,32883.67707385842,70.61174885441427,36.66228795901191,10035.136277809608,2.121356850943841
1481,9288.958036942728,25.29157193158875,15.043747076560582,6104.41154520581,0.8998646664012391
1391,39239.55724549043,28.40645710245996,32.778297385323214,8483.087908771118,0.5394484738995882
1916,41178.77553765779,75.36365574834444,23.26747013675559,11110.647501634225,7.464292959007936
1993,42492.43424636887,99.5927511854932,38.98291967065616,11406.858544072047,5.124944569685169
1963,20256.671244881203,49.87533384349862,28.422523782043804,7363.320331881186,9.04647644306659
1536,20502.0613457128,30.996051495311065,27.74664950401236,5441.892074031236,1.680116360165087
1078,7842.339561719723,104.04139282927206,6.918969210219336,10153.614042788078,-0.9165548678607234
1579,38657.0695105805,80.31219501010018,17.718688793764315,10956.15394074973,-3.159731929499667
1172,36887.58868176185,53.77025847396918,8.05511599085373,9978.552859956591,5.08041093527719
1955,5077.510730718894,58.54802343351622,-4.131795334171834,7790.003717405631,7.626116327074854
1011,1104.6976257797517,24.51077615236757,26.976339969305503,5688.9137576410285,-2.243909536073656
1799,47590.82430901595,75.21631560778127,5.61264248669209,10513.59316457134,8.181291167688043
1127,961.693602997312,43.04910126514664,12.879581365425436,6645.131506099393,2.894143025429996
1607,31467.07309557828,119.47742120092192,7.808745422823982,11643.642008673276,-2.8387905178857213
1091,22736.71119969396,57.622021831426544,3.983613540864271,8051.532128969521,4.642949873526323
1652,38892.933026170496,58.30627274275359,-1.9796304027310945,10623.57373434838,2.800791123058202
1542,4477.664017870697,67.90221448928062,10.205045894707885,6933.629311440959,-4.577246790309015
1845,34150.442395418504,110.0107203742496,-1.3214784415458851,11774.95719741979,0.9886480708993632
1531,30785.633312419835,96.09817198317003,19.314361318145032,10065.16242460012,6.771819894143665
1657,42694.34937097992,54.13560837574097,-4.116915330733793,8291.846336649998,3.3313563013316063
1988,25975.40219488301,86.24391191673551,37.30089458392869,10794.452081938483,-0.7693831060620422
1827,36441.774879239325,70.3482598536914,38.49137587537045,9611.221208502193,8.929626450738246
1446,21935.39481381893,59.08404584414987,8.709423173336605,7781.898869204103,-1.4333144293421012
1389,49200.52865016841,23.077892734122063,6.708758836291146,6974.318613113303,-1.2089598960107582
1671,28014.612217781178,55.67235161458691,-0.3017660134189466,7885.552751102633,0.3195901942039461
1860,37701.60469395693,29.49823044270896,35.72135169613009,9216.987754803611,8.418067918841926
1042,4737.46378667824,109.78105798219856,21.40887663849569,8737.838522119959,2.614380931382745
1253,23191.52075802785,40.24881761956164,22.4556215349148,7285.217340072005,5.232685888387433
1129,3315.4399731899184,114.27168174400468,35.31354081708991,10125.684751932911,9.643962587654208
1059,6173.377782120011,63.96663481136535,35.98540572354693,7635.052115114449,6.7494444533854665
1662,25356.15549408932,75.78532544113924,32.27537513697299,9812.11232577772,-2.4109982202336013
1466,17680.010885419946,65.15285333871932,29.80487024948475,8116.403175355909,6.825308935599649
1286,23045.16853403469,15.525674036004109,34.47585500349927,8441.002889694419,6.225057238390283
1516,24857.5949640358,45.09854628095292,34.41867730080352,8252.813502755776,-1.5107450828416158
1466,8071.535159068743,11.897533473314873,11.589018532235476,5460.010216546996,-0.1197525366857608
1929,18354.98773825256,74.7544853020058,38.80260489905429,9456.226008821615,5.651923597946153
1777,43043.816155542176,53.62490342405267,26.91094959221752,7966.319815803292,-1.4241035889821214
1344,42844.88784210757,93.3581965885124,11.65942453056979,11772.91863452043,-1.8771969649607103
1641,24581.787640342485,26.45645771992438,14.8922282773979,7074.69438107731,5.552091581954967
1381,37482.388716487454,19.74792701152019,25.920897622666207,7300.652610639579,8.208932392296454
1778,37702.28045945097,48.759867715652135,11.249450933560563,7407.876483606444,-3.8747497606682
1689,2300.9273453447736,111.19024598620574,32.195097040900734,9234.773132085518,1.6886160288716914
1252,30583.47122033296,85.25061780148941,1.6628629536164343,8527.770744979485,4.107628304935117
1926,40245.87564588151,50.27083497515024,35.84174344199332,10384.65850093894,5.14415178748102
1055,29739.1629831044,62.07266037051727,8.553888032647407,8745.001517204895,9.942938685622437
1462,27123.48451204481,10.1055613412518,1.872075340440892,7130.557946493535,5.240379404750811
1456,26607.664017319003,118.14910756513358,33.61109266507105,12527.398173218267,4.302311694957311
1982,25446.66425030053,79.96887656339027,5.775845752110451,9704.03260071797,9.846012284635028
1082,38937.578079815954,34.2484882156107,32.95280821223206,8128.904142151534,-4.089977894327243
1904,32157.370443152133,70.29700730582933,8.331898155190425,8640.069396920693,-3.883446557703527
1098,10853.592849374769,13.137883928279276,37.02389294443705,4861.144842500119,3.410237896361263
1148,21724.07698579034,115.90040025691005,4.858493791059006,10031.581773783388,0.3799692152438627
1328,26478.39999543212,20.97419854600391,-1.865750401759941,5902.869101204039,-3.549537293794161
1155,21005.647778692302,77.7636381666257,37.1439023504075,10295.961363667277,-0.4032665586081414
1189,11955.3172684749,29.454535504671654,2.45315840096438,7203.056840761912,5.11531731111466
1493,6324.561711836437,86.1073659178243,37.485964377502384,7248.454070275422,8.209224455299452
1882,5953.885053114044,93.21856406883371,32.07898075532514,10108.18994885014,-3.585132850151687
1262,14884.766378175049,80.81036746937191,-1.3133574627514255,8702.48040117085,3.102175937261564
1079,20192.49213634909,73.7399352306231,15.031083952432098,8599.81826832752,-0.5582665280536716
1399,34175.594439379434,107.0962912742414,-1.6970153839197972,11353.31054307679,5.009892449407095
1763,49247.35576887996,9.435205318770963,9.84039540753151,7862.357199504689,3.2417724168626023
1608,44878.061227088365,39.70977189362343,10.817638520799402,9040.641759137296,8.90066509033269
1259,40703.51929877719,29.794497555701515,21.98349986474081,6803.490138555928,-4.434741695751678
1771,40705.429909644336,118.5616754478506,38.91530055294006,13221.88611067582,2.0505591241021204
1614,29843.64185513704,46.72677356002482,2.639354804840158,8533.413490731156,-2.1086066697393653
1551,12712.707966266862,87.91352390884785,9.811793413696543,8976.049510298113,3.051725629963686
1784,23649.816447477093,82.16701966572055,21.41961223965388,9459.320791147991,7.803690161002647
1100,7213.445245991605,25.449748497285327,2.7139384893818725,6842.618813963158,8.669747916790879
1358,28364.88702849604,28.67972162538616,26.98193480164236,8065.507897652157,0.9734749482580272
1379,1247.736005775708,33.754147626364094,13.164687214886676,5975.529255286865,7.176707848987386
1819,9554.309601561308,49.335273391125504,37.73075330358927,6301.091557545478,-0.7923788791174182
1220,35643.50666870011,28.11900787806321,23.34419253470768,6881.673298640063,-4.90542580521229
1819,13916.928456097012,2.3581779296217364,11.338632004454276,4718.730392947626,7.828585862844534
1419,21056.115903306203,105.52716681686346,27.37629044809391,11306.982048994678,-3.2088163639007803
1123,41619.84226460595,115.87317976570608,32.74395600954781,14075.057945311788,-4.7358331495557735
1421,2323.4468123395795,40.98844644378816,31.02158938132758,5579.1112745238,0.3069649505192293
1230,1234.428592146905,40.620825531056745,6.824397735790772,6120.023890099407,0.6906998443743619
1689,11526.458754990848,0.8510175329245184,13.764250846698658,4381.324226114431,-3.841697438415912
1062,34253.72416955372,81.63008259964488,15.347994746372724,10734.987864804742,7.212739697267064
1484,11882.42968299259,99.05278748983544,12.4772526477569,7601.337398410511,1.0838909531250014
1627,43198.55050798689,17.59299604320038,8.988861228511787,7264.70245397174,2.3488542065439155
1702,17657.225118810027,19.159961924058088,28.873650967660645,6282.58924037361,-1.0306209807075244
1573,14247.208608481378,94.80998999657253,-4.449909045582002,10348.689822253513,2.672601285198967
1767,11722.363642396009,73.95488980249736,8.209490298644688,9348.442069043518,6.500970859260004
1482,28741.120710043528,5.3832669153260415,1.372776563780663,7229.118499216789,8.592740732507753
1518,42829.9327465625,74.70563885547381,0.794619215497625,10216.477978840228,9.55794401102724
1154,20362.50919644279,37.070126741251926,7.463140010386537,6142.014551592912,1.4008588690204595
1091,12700.597940109868,44.24701865650151,29.296889100177182,6959.9444954061455,9.850507881526887
1981,21101.22494214838,92.36777019562562,38.62398410852951,9916.355420098724,-0.5756643241597805
1525,45249.00871423087,97.31222312071328,18.15783099434945,10925.67940419022,-4.895360970724098
1454,16793.425332181872,48.04279522077968,10.253731790961304,7258.772384134492,6.514255658464521
1740,32821.8208100245,113.65835232076256,32.31267098399891,10552.577303222948,-2.323465271882021
1597,16554.00265702859,48.775526154248666,-1.980345862928776,6602.62862861774,-4.213177428142057
1644,33770.41570403322,92.6203242276132,-0.8074426154437306,10500.929209474456,8.860133838965481
1509,44062.43635959575,58.06527174771109,10.541484163717,9570.977956919784,6.877162457454803
1182,29968.082766253094,107.70387918265008,15.178382476210793,13218.32291410561,-3.460027976926156
1385,47377.35473011856,108.93134923802144,30.90270411766184,11714.809278473514,6.653652285764997
1573,30115.70781703016,10.490016944530062,36.63687727011053,7443.880724811878,7.659995461404945
1730,48746.30708307143,112.37919975722708,18.90744407463028,13278.318887128602,8.579524977738565
1404,36214.14924617785,99.06418098244988,17.30401013070737,11611.665283372478,3.1554110119954
1245,32674.13664699096,94.95728571752002,4.585495858556538,10503.275101641317,5.55118105792144
1741,41508.679716330655,24.109360762262693,15.303169466499249,9761.52127069819,6.433589184415164
1590,653.5295508244279,96.6143050505598,36.56399040733204,7920.76871373733,5.329584027341603
1660,12936.748235864874,102.01592816220442,12.680479132301716,9668.713724209676,4.702504304583904
1649,10882.922842141952,34.698040134498115,4.480711951043309,6152.081482574667,3.213388791668254
1470,5633.813595656802,114.27120940347884,10.17827631423144,9535.486608427069,2.1879318129335417
1825,46895.55324546792,5.98321756789971,18.156757568582805,7864.744557977003,9.941875293472458
1887,6637.00636185808,17.98911038965676,21.93632637698069,4745.518896643276,0.0634117063323467
1422,13215.549751210372,64.50973656618172,14.459344583807614,9549.868937440551,-3.6759684433317705
1900,16824.682722105077,69.09509653467717,29.13412807931361,7900.553149277682,6.475554475054414
1064,31268.935405792647,77.41800999610841,21.3004021948018,8951.726593702795,-1.7926343319575877
1012,38396.46573383907,2.036295517855975,24.927166030525928,6662.43801146949,2.990400394280585
1212,30273.331999013524,115.24401295465564,33.83135160750537,9931.494671902256,-3.56297725099144
1985,37472.82398699799,5.350571128097279,33.95598566226938,6678.885157445835,4.289257912251859
1241,20165.997793929408,17.167434326808287,4.157874053594414,7156.585417781982,9.160111058548331
1492,49789.33402226912,1.6817421031268376,23.05051351746924,8520.187446318538,5.840570689104366
1212,8587.606989100383,68.02301199529137,27.248838746874704,6485.038260219674,-1.7819783266007976
1692,20048.034419687945,111.87202607051668,1.5633828967383003,11134.544428216264,9.567070679332913
1337,41625.93240920667,79.91365992965571,32.92464266765133,10253.860944698385,-0.3936960346317768
1996,12413.333867706711,98.71889621765128,3.121143790509908,9365.185025577772,1.5492247973703162
1172,37567.06647834484,1.5937444150296098,30.96757404736857,7698.156338621581,2.471755305592012
1671,18277.591644171305,65.04183581756713,2.2659590480552243,8097.907913671406,9.860781150602092
1163,8962.054140920058,55.14755730066263,28.38003415649505,6531.9480270671565,-3.966628989212252
1464,20226.68918567626,59.87615330649517,1.6666590498998692,7033.317050457852,5.4509244165335495
1994,39260.94647314861,8.665582240222554,12.04731898863109,5190.292144229726,0.4289631353910375
1496,5686.561858731715,82.13224332831689,1.4582260062432368,8897.573558480435,-3.8251202134634097
1699,25853.46748209398,60.38644978303613,7.182179334698336,8198.809058024674,9.025474864492846
1394,37093.68526303143,91.81786198335168,39.30316498090681,11157.854247081646,3.84787478714598
1702,37603.44502736469,58.23487608740584,-0.1545954768777342,9647.523606286748,6.302770113831636
1916,19540.37703411168,17.92579634717185,13.290917188804968,4684.751586130442,-1.394218466430805
1307,23375.27512126815,77.79083448933864,25.46137033984853,8783.381956910365,6.4231138394413545
1767,42852.62073132734,20.686363452619947,-0.7430643321221382,8926.353502407324,7.427131600348249
1182,10498.054189160212,104.6873476025778,-0.0935155661209981,8447.790987569735,1.4624409582171447
1628,49630.36413924302,73.57394868830897,1.4468292635743571,10337.581883152709,3.57934709121948
1793,21019.934845460528,18.86446602683451,24.02438701148605,5210.719833310194,9.57808802394332
1509,13845.020815322856,115.48056689774482,35.92016130906429,12067.739851716871,7.700944625616383
1707,229.7076412987417,62.20385560023848,32.16952542858932,7001.894290725986,1.6727509160224638
1545,6338.652895390318,8.7478142245986,39.23748577108713,5770.291363393347,4.968607881337688
1563,37849.800309194965,75.21994852980806,21.01620480697272,9266.106053253694,6.763472152037696
1623,32496.61890679884,30.38386884153723,38.266478707818365,7145.578092972921,-4.635067691326273
1763,12400.669447305903,96.4432142252763,8.722037434695341,9934.329346527373,3.825489799379056
1593,46357.45555002836,98.13864882794287,13.967706723072958,11726.360749193547,9.767929201190626
1743,41800.83150221352,117.47368270255944,12.821861558475836,11774.723276762616,9.20770974739497
1226,13536.76418408726,60.224343722940446,-2.8689133874493065,5735.129018730636,7.486605921436665
1744,16571.384808446855,54.594825567328456,32.33673708432513,6692.857640353409,-3.4067886030397205
1732,9319.206475264373,90.41707265357768,-3.887681508843412,7636.930009148637,9.910621787742276
1435,32163.68655699664,15.896478761031188,27.844431298825526,6639.389556997165,4.143072297069239
1924,35086.757308642445,65.6298616551749,13.31791521948688,9818.152042332413,-1.6563762585576427
1421,19854.467346760408,65.54971201570211,-4.71885277653909,7560.275388563164,5.114030344214749
1553,36884.21926416613,10.736774737246469,8.047610628825975,5976.372094989868,7.847853431195219
1020,49579.17591078014,50.15809026082963,10.575746316347228,9381.308108541678,-3.3150835872854625
1553,30636.21554568857,102.39417582806423,38.41161119770069,11017.641310284913,8.74657214934137
1396,32499.26440242416,102.73843463935924,24.74855939233552,11731.759881981725,8.803064221284927
1624,18754.735039827323,11.90851979036172,19.460721617776315,4736.632151164477,-4.798033906530232
1104,628.2591241206724,10.886505929739702,0.717275389119612,2156.65350867112,8.504786824950914
1191,47700.67632137224,31.52345724023224,12.59969527807676,7999.069933941257,9.202268773602343
1016,38640.00079940669,104.97192750647922,-3.39060408798344,12044.621802624875,-4.434623045294822
1119,34808.849501062985,15.468310208819872,29.275843831256545,6661.174801555491,-0.5875051473792396
1392,1587.5467834969093,86.39961631529356,2.324951598718653,8547.794332655092,0.5966126022418976
1424,37974.70603329978,12.139874353572386,21.749606542588047,6632.472325096384,0.2333570809958516
1128,33537.20372716584,74.77654244973904,26.472619221534337,9966.897615154,6.385048559052837
1129,28488.41539159664,42.728075894297376,11.492910746814353,9936.462667102163,0.3715668883580054
1571,31217.67541039389,94.66967555590404,23.46669184447488,9747.812672515998,9.348682148421137
1559,45926.4709143036,28.042853859043632,29.39047877410072,10028.589022574968,9.92488937957107
1028,433.8506930076538,76.70421952679519,3.2855707797694684,7674.203444033968,-0.2477169394063008
1096,7932.910894830646,28.2819041491062,22.03871479768681,5821.379554185194,2.632011298097603
1009,44748.38412372594,85.63923397345846,28.0247410948391,9733.866842263136,3.365587604500112
1241,509.7122585271595,104.84136414728984,11.067164023748166,9008.059063366158,3.691042449505925
1825,45191.44352966632,15.216215895211205,2.312102115244536,8634.908148668997,0.6131349129294943
1955,1578.6294071695445,103.99148263146044,7.875220950599056,8919.352697828353,-2.5100974706175547
1231,38988.95552870609,71.22903052971576,36.9883600077923,10339.77396000777,-4.181591874033085
1788,44557.06823584007,15.253258904042877,11.085157964467168,6870.317800299005,-3.404770015252518
1283,30665.110201972453,51.30502264316544,-0.1534735508503084,9423.751513998484,8.519368563907618
1714,32107.90853214785,19.303235218211743,-1.2773071557802007,7770.311332716629,-0.7943749006923939
1758,2623.130223290977,84.04174666398833,3.1222779584729707,8168.7093423057,-3.847655251834332
1801,10623.471810465197,91.06417613015395,0.7380551060388276,9053.077415916168,4.3529454931652936
1775,44983.64172780089,12.695582432735875,17.276964698071133,6526.293278914462,-3.8703927310807207
1954,41203.42952975339,60.73678232335732,10.6398149879024,8497.41011821849,-3.949205904964636
1725,3071.428985057565,97.75500672311006,32.86325446074689,7650.181972367486,4.323557588068322
1199,40667.9570390314,112.33956498611958,34.648533959404794,11373.428995197828,3.87092866297796
1944,21231.87691659641,61.6221440090124,16.29757245495009,6716.770240321433,-4.377840695750598
1078,28080.06111580788,114.03350683336885,34.98371970540675,10263.787519869828,1.907167516554232
1912,5509.432352824908,64.28267645472357,15.270773742895445,7740.167736800592,1.5365246185905193
1955,19992.337552875328,47.30285935198896,23.888295577541136,6098.177927202117,3.200336945538325
1854,21802.034647169578,101.78437542634744,2.314067469148787,8864.06599982643,6.067670656551812
1855,33507.46842929461,59.157925254970685,-2.633784718015604,7742.205397874202,-0.7579992865670881
1172,32911.011636661075,56.62830126774276,2.203832938215881,6674.405280821846,1.4917042537571543
1466,27488.836569948864,58.837498729179394,6.333035613043288,7900.065095998963,6.891140265414474
1580,1669.1547381109692,101.61420022436944,28.79418518681554,9256.176077796392,8.83834585690853
1415,8158.903135750792,99.83298500256626,2.8077359107661763,8780.312730259526,8.369844595748171
1939,8097.431717437735,48.422399092825344,0.8794612991214414,6594.905160815781,2.164464281410626
1448,44397.84838393813,39.995983184463,36.74242206082519,10493.515679935765,2.812986955031528
1086,45095.31278918781,59.03136288469551,25.996109005477383,11871.62441131521,2.9365816322823903
1100,40344.26291688734,68.73270116845308,16.298751357772623,11502.115659962268,8.030733545612271
1007,8826.480595704626,28.600465275359635,-0.7264223052908649,7639.125569075167,7.599092604070012
1844,42023.566032595714,95.27461016587088,33.33059102071103,11315.825566037269,-0.3270120718198237
1199,9460.960240754304,58.377931887890746,-0.1283706145011001,7203.462152580542,-2.557254658669472
1504,27776.07177311484,40.08546581039515,22.49709392842851,7797.638156872221,0.6846184223815239
1086,36720.430110358815,12.818519155678874,25.04544216796691,6965.973306258247,-0.6739042512589828
1042,2672.894172232864,28.661419248432832,13.006246231749426,6493.125396121872,9.261710872223642
1384,29936.672821382377,113.91374061071804,36.00475262520588,11801.52847329188,-1.0112648084202265
1620,12631.56267717311,36.61196241834319,-2.7184724730941268,6799.512425174095,-2.281899774095967
1434,24943.038067472826,20.26311472404424,31.81526076094101,4545.894015460925,8.492185938388232
1407,19256.72265607043,55.28073499859919,19.92074792161899,7228.597199543894,-3.702820934658935
1482,34360.26673713828,36.85052920322984,22.50416759834271,7360.512272654538,-1.096009228603097
1663,24510.597551792413,4.219110032543298,39.40715031170576,6065.027240135147,1.586667910008826
1016,15151.348440904345,38.77742607353007,21.219151140302017,6704.461981068952,3.926610672395231
1644,45526.90134315754,65.29303487273623,30.866259350307686,10380.540491438864,-0.0849065544004048
1147,47956.77577052316,66.20548464239603,1.908884457389684,10956.898549681284,2.4435099538150755
1276,40115.19166325927,42.78707054122664,31.4180316449418,9830.079806399268,-2.0175322035409025
1231,29078.97569991144,53.67633075031208,29.24828082508749,8019.000991858909,3.614111803382281
1825,44231.58424446046,115.86215018817197,38.56495330154582,12059.86776672265,1.1172521241948925
1926,30123.4971632944,45.28181726763739,37.10697857361942,7253.88708289075,7.738895309026756
1365,7526.621750662564,30.98721759119796,4.629394548013247,5772.144918706597,1.2360120008297857
1227,969.626095953254,29.216045288011216,15.921990816894766,5249.141955863587,1.6572312682307535
1650,36323.13689382051,54.9317535244961,36.0167430177784,7515.309746666917,3.882624840136188
1435,37649.02290445536,91.14241784603328,23.834428136844007,10882.053239522294,-3.152449938845878
1398,46298.71675445666,24.718582102616782,15.866517742279155,7764.347492135589,-2.648072349405784
1210,41229.452065058686,85.11553525689217,-0.0977557279626175,10953.091547800655,6.853566208408605
1390,32015.16024358624,2.5379788019299543,10.82909052563033,5166.777637095064,-0.8987183129067944
1498,9596.141431771268,50.27195735807352,24.93579771191106,6428.857525041456,5.27045393392684
1539,29743.119082081703,93.10380782433442,29.961151687772364,10928.65961925856,-3.538595450341968
1562,21790.78937792108,40.64795469293177,15.122511130416369,9066.741533716002,7.327699904770197
1490,11682.212616334782,67.64845217344794,-2.4869978145012666,7482.438127309715,9.823421663784355
1441,39976.54247084282,24.59750793910929,23.49274820212887,7641.941065519444,0.6053641781167656
1260,7562.83871230587,89.03944693514067,36.47138765011975,8451.13160182583,2.5829515287234504
1772,31553.92476698636,6.273492392251154,17.33848370074675,6943.491957236682,1.640679697597034
1349,30576.62048310884,102.30511738506004,36.77911155801818,11487.186944775342,8.412816229585353
1351,15250.333336709762,23.783566370600177,10.934532564814388,5378.066286736056,-4.850989434546806
1519,21519.03313838323,104.92776380499969,34.886459647138864,10739.179626966245,4.801889817457541
1319,5916.929479587937,42.30350895606208,30.38528886844827,5635.104669280907,4.785524092052992
1137,1374.092593301305,86.72202893693839,38.278369747300125,9360.760775256951,0.7357751244692965
1549,749.6377577651544,38.30703573434262,30.59595558446926,5343.880620460042,-1.7099953682447817
1622,8798.69704476792,108.7094005481577,9.46658873337109,10585.311507159116,-1.4047597787744648
1991,43361.95609689624,15.196455062204922,35.52553872846929,7448.96720434477,7.006961818208367
1367,26178.17605503189,21.422374712711843,25.137898440751258,6038.607358356716,-4.008453554375614
1219,5944.086041649463,59.16361501905627,2.2931196583556748,7159.738314017724,3.457362194115385
1336,45284.20472785941,9.832612684577535,-2.931571411728793,6946.252635325308,-0.3973909553260171
1222,28487.549493993443,23.51762216421143,11.463052186672837,7196.842372254399,-1.021282812975194
1647,1491.4878771367114,113.25196586544172,30.408886737925485,10087.974387786937,2.5860649829655387
1767,38160.1728605613,117.17875933774646,22.819656795111367,13213.04187966725,8.467922594196505
1359,23724.41414448951,45.15111951965064,18.72072218782039,7866.299137899775,4.271378785559962
1920,26689.87202678837,110.79432252167229,-4.832256443438383,12123.6561802333,6.829159416329853
1328,30700.020095452903,65.3789610808118,14.597531594443408,7805.392997335802,4.010256688943215
1961,4813.074678894213,32.369095904852045,2.097552492636197,4496.304373249061,5.46573669809111
1462,47392.23529127168,84.28784652967184,15.455532870093451,10246.947280472772,1.486114731899434
1945,12844.08380963654,79.06821678898287,39.62966448945264,6680.837104837358,8.889724528122759
1962,31129.427905751665,118.695038293048,34.5792470403968,11469.649189256756,2.5290853065874144
1560,42792.59202286708,31.805674489114,8.978377184796148,8360.928713164276,3.2766200384014468
1803,16662.684998708926,80.64714031940825,21.70783268333193,8493.690057766446,2.874482548822744
1381,31414.89269489769,6.242850603533627,17.594285503626296,5961.828685776296,-0.2571646975262229
1835,49444.96962351212,13.63752464360633,0.8521152346607268,8460.886129689528,-1.5314234660122148
1589,42604.78090094656,0.4702049941311914,39.541293211683296,7618.049361408673,-3.892475538266675
1616,38986.305710500186,119.93528172716076,14.132882047598088,12449.84587981752,5.772624730038229
1168,22021.08003901053,96.27284365769734,17.75465666823232,9384.26938251468,-0.6608710524444383
1216,22618.3500192322,94.4067617680249,24.14196905399229,8865.585848234456,0.8379694479341078
1377,24328.44068556373,61.16712903458156,3.6195039908778064,6722.477158077169,8.79892244089319
1118,34552.53778253593,36.00804994865279,5.000197106182135,7370.721056450106,3.496710241178105
1189,7302.427619155824,18.15171413552111,3.6651291338396814,3916.894003259952,-3.5438290414409264
1766,43065.29844525486,34.16096866157564,12.300949455993775,9671.382898411046,6.994178692357746
1369,1002.1443047404142,45.116546631496696,3.985463040597416,5591.899605629249,-1.1580410133581682
1777,8582.657671262634,90.7572116376353,36.68781855740752,7657.048767720149,3.2905876396927383
1148,24142.53618491832,64.75941466837828,27.14413208576084,8258.66920260207,2.649722122959859
1675,12680.635282675656,9.298035186657923,35.40260061503392,4732.992925143504,-1.4288173647217892
1651,18342.52675431614,2.163481075069469,33.18178586395892,5369.499014441642,-3.263434478081284
1858,16695.89628767795,12.279861544087575,26.64183782035442,5051.384324262563,-1.831075902575479
1487,13521.34016097997,49.25984564368552,5.923578508382169,5637.49518664674,-3.539933006540516
1769,19075.79016600529,111.9831500458822,22.689348892890784,11165.304331422734,-0.8655797157184821
1373,25313.889632208367,76.48829774510659,3.3834487285870303,7825.705410597817,9.959462661061968
1780,23870.30418574106,96.2191079850618,0.961422182962492,10484.23440889108,1.0313839786207382
1692,40614.92741642656,55.964951340545824,23.465885887867284,9223.084458961484,7.958325870025154
1159,15476.438497857753,43.39992998340514,23.108151709223947,7210.125760943558,3.237665381935921
1350,14167.332707736392,13.008044725994727,2.0479963908769747,4897.763139133275,4.998746190005994
1911,25271.99463244098,105.1119626623446,10.859246385156917,10500.11692192592,-2.654780453741657
1287,2491.9238781807385,93.97920348334834,-2.017347176442692,9129.258067751052,-0.8779119886703688
1287,5679.333643862539,20.174171711727013,27.20799011587236,5750.894131876491,2.656651345433884
1891,40174.0905973546,61.47126766515126,39.437304312889474,8413.244195035924,8.217151513402609
1225,24736.10214717796,58.48497695054939,28.29577699412654,7414.833597277294,-4.356679461725897
1522,3420.1155619453025,75.01098632238343,32.98684763089486,6309.307976495355,2.603799393485813
1521,22075.10790588893,113.54242727895137,16.435445902812372,9836.535323008671,-4.234816812373551
1782,19973.392013602588,69.57257301149755,-0.6987163474962355,7443.496474720487,1.8523401467392384
1272,12382.110642618289,64.82607201343423,27.697293512738632,9226.74230797155,4.433022389989553
1935,18667.95194253901,6.038751952159673,6.5434090058866605,4918.693246609815,6.170847871424611
1401,9498.934614282563,7.548897122162872,12.473227896588831,3855.103313372144,-2.9220199210905995
1182,22508.072306890816,22.481614959214667,26.63946624828295,5840.545597852547,-2.5013707480797787
1968,20485.552763823693,3.8964926030097935,35.715303678801206,4887.325011302764,2.0509738253768592
1664,30414.26748102232,89.20234746840148,16.881207204966238,11206.96986524105,9.97054686968611
1487,47111.000463380646,86.79963647927558,38.27225078930477,11790.440154245143,0.3407025348514514
1826,9354.579233309356,16.326748131797153,18.395658773230185,5987.728228313665,1.4129114104436544
1845,20930.302493930067,100.32946809543373,0.5129701808413287,11239.712930159503,1.4867011422182728
1123,28154.80453331693,18.57432418153344,18.32951856214288,5933.342339943998,-3.789487679643568
1984,27394.863068632723,36.141070439683055,33.728246767208525,7599.449478469549,6.61258217934993
1625,33100.89746068212,29.877227899363803,19.2120309905944,7252.311090769276,-1.2034771336083885
1789,13469.725923009308,44.67685182876573,28.648990653808774,6556.71511623086,5.555005853243799
1413,31764.08456425257,30.559651906795423,19.6580925336044,5986.484761812809,2.126348182533861
1979,10138.390147677545,58.674111172614246,19.572455216780515,5758.37411163158,4.176696133290761
1724,6360.231737956044,48.88894576256225,7.814240558376937,7553.989478315814,-4.190425452575056
1171,41599.085511262616,118.3883388935192,4.056721805008598,11099.036320222503,8.349485266248493
1287,23739.62138844273,6.71116201538708,7.551345813009423,6238.372540097466,-1.3421484587042998
1434,19924.13857025289,17.061765166482196,14.837705091571593,6973.078307239669,5.051430812512555
1685,46432.88053188217,6.339107269032298,31.431554981801423,7932.240147203319,6.970286680992427
1112,35516.893686158124,75.10094339788509,32.30459982867372,9472.39358868603,3.100580759247956
1887,33888.72574391947,6.54111328964635,2.3520017232723127,5290.204221791519,0.0600103311793622
1916,9793.560382347385,100.3727684851348,19.87847113694388,8706.08174557079,9.668550617216152
1994,10541.98461895103,61.432635681831336,13.72124753335426,7122.869364533862,-0.8234043009395657
1121,24206.757658156628,63.24091494978405,20.69210765371735,9237.809936017296,9.229935056849056
1543,32649.958055738083,67.39134092546331,24.1430524157662,10068.201847522185,-2.6566379947290235
1221,19824.098789043583,20.497644756745288,7.582539672348517,6384.734683576825,0.838331972835153
1630,3302.8448631143297,23.722836373738502,36.36590718737162,5122.016912890608,-2.922566237790466
1038,34183.14368954191,38.25807874476056,37.09516697509079,8406.925773195904,-4.96639290389456
1496,38710.187751867896,71.21956989862217,-0.2589015852824454,8807.811847029981,-1.0961218940528767
1779,47220.69358071456,25.214133112825746,26.635831650229854,8152.123166578241,-3.6918439862156793
1232,20497.50945824468,13.959807255991349,-3.5045572237273213,6759.373536046413,9.795182846355209
1942,12976.597967468137,116.41402637021186,-2.904629094172204,11185.162908248254,6.424799769277039
1529,46297.81947264387,2.637817777154749,38.10099613373598,8686.454650144435,-4.944428055169868
1148,35785.42819470324,96.3236886403226,26.2683910691642,10206.299501720714,-1.6453012276461183
1396,3292.916499088419,94.56421794900264,9.604373343162246,9907.19566786036,5.051863619255755
1660,29043.3642958454,35.66569366141152,25.14449504856508,6592.068449350118,0.9782816974713172
1637,1523.480304873927,16.27519392087761,33.06257727941566,5047.9022319851465,7.477638445663409
1903,11403.54908224172,17.47543760465081,34.190656438508675,5263.0818090500425,2.5729116756359742
1301,3640.549170606744,83.6917940684631,-4.076609943912559,7330.893759386812,4.804771295986438
1359,10324.07971101728,77.13679093034084,31.820260333461896,9347.838622776544,3.955560963917209
1237,24547.142882623768,93.9294809101664,33.39412217769697,10536.66277229635,4.572533509354514
1646,15013.43759387134,112.49774068789256,21.80065922043368,9607.755084918152,-1.5485171925922985
1662,4491.830267142878,83.03128359199104,16.595672959751006,6252.420767981662,0.5993415880928747
1235,24154.809299554057,18.70218438617321,-0.0050487261068052,7164.572585635979,-4.240561207032629
1735,35453.5677944804,29.21311401184928,5.782622785100461,7522.760582374384,3.814547720323132
1202,2750.951773028165,101.06324770477374,17.07183038494408,9369.097333748845,1.8888769311366345
1255,44131.8826338583,25.11672910010503,33.92858700280796,8145.139597202721,6.410742235286083
1597,32688.184729618966,8.702678034537769,31.14104605596953,6529.670208590832,-1.9042630306753685
1661,26020.12963122928,84.39360648507005,17.316831141343137,9539.180828495651,1.5521817410170264
1234,19876.21116378084,48.30316265881704,30.35321602737156,7107.1482244950375,-2.288818504139207
1344,19725.05736051722,110.40480630550844,29.458001875740337,11333.292988410298,4.20968837872663
1533,16844.38315531059,78.03060853123938,21.05569081149733,9398.036844000084,7.720453847671781
1859,5874.894806088877,10.85027733499929,4.914645404438504,5087.89918518409,6.481648726734775
1796,4054.170182362093,113.74278807043927,10.660169594193228,10243.764503113349,9.162969589463309
1780,15510.631228755055,31.026871636829508,2.382904758658817,5909.753603183948,9.575886727953865
1465,33386.495813980204,40.46549884875429,-4.678227210975833,8289.52050617977,6.58050801372986
1769,14490.87844401967,48.27124964202505,-1.3763555896353563,6606.695556745846,-0.6979087192961204
1540,40632.02113639495,6.14691556851759,29.18315354769061,6506.407621397308,-1.711079341770226
1212,19076.50319454387,59.58185066767258,-3.493123215462602,8537.953729665482,1.7132355182341552
1462,31596.55988157529,14.79821892903507,12.993368746635625,8270.115120870989,9.90825541865681
1435,21652.48075828512,48.11643920260221,39.36011492523787,7520.354271362245,1.1900203122573307
1282,24941.54193721306,42.08517455905012,30.785764801459905,6260.149547885972,-2.0139738414159685
1561,12583.01243685118,92.7408100111804,28.777792226762383,9635.699004799317,9.165143166748615
1606,25742.067009454568,96.38046139592774,7.361894558791912,9666.894706298955,0.7887696639403412
1462,5621.588210141805,18.40954588669056,23.877859702488625,5611.582889498015,5.363483308414464
1406,19399.7022958648,43.986142485507145,17.442033145797232,7425.418510852231,6.8222946792188015
1087,22470.218092832703,44.80237932381981,23.072098059325743,5715.853471584477,7.647338530893011
1043,35229.39768103347,18.16925327233021,14.611725354707367,6703.109014880508,7.319205806841856
1460,20071.036775947647,95.81442060614286,18.89333681364129,8909.97553738428,7.543702944999701
1277,33305.25668561732,84.86739940025079,39.47783120579567,9283.433050244808,5.014801413668213
1682,8813.34494703796,22.84581435564417,9.819078475358411,6489.2988618058325,1.0574660390868988
1420,1358.779697045578,44.00662903125588,4.740374806794835,6514.353226905074,5.009302810957557
1700,25346.778801984987,12.696602982781704,15.182249927382532,6970.740161181457,7.551015010898698
1352,23746.152051825124,75.38479165116527,18.594422977407383,8632.83115453184,0.2596369693663156
1695,33520.649500882064,14.56463094583436,-1.1467023690323366,7581.4440016822,-0.5523801456193986
1514,15745.908600832076,118.31210023499014,31.268740998035653,9905.420867860516,0.1556082565774525
1702,1590.2814250387878,93.68184896254348,13.992375446270168,8610.887699859819,3.269250940440525
1629,36206.12328189269,46.828625950079406,13.593407522396468,7298.253909549211,-4.213341877790832
1018,47116.35857464583,69.42767187352253,24.64779301074684,11726.200493805203,6.6845622852526
1022,19773.751004992133,109.36101794596904,29.795995000688457,11248.528240470268,-2.917220623246971
1412,30595.276250242616,66.49191364749913,39.36731214001616,9135.064100712856,-3.007420148238518
1029,27279.89190257544,20.939818367754626,2.8083864322864827,6912.740957017207,-2.035112909658425
1806,28343.47278120504,45.44440266973912,10.55000575541092,9023.157490669935,3.653911524587474
1107,43382.07305100227,101.17738380356944,2.5715770931431265,11719.638380361672,-0.7164743629406605
1366,36843.2049379194,77.30556191875415,34.63847627022665,9163.384812947896,0.5213549347982838
1280,38512.34196417121,78.08692612005603,19.68219573979824,9523.595791250387,8.974736664671918
1127,4592.871516682835,104.0185782826187,33.359804306737765,9105.17043873244,7.708032699654778
1228,7420.702694718236,107.27676689550056,39.33513809713072,10078.816221565216,7.782857996571737
1110,33198.90042130117,110.37510861353236,19.759300637551416,11956.329903917283,3.664627499889818
1135,27068.84348356411,11.381903190378733,0.3168318635822622,5531.492927754398,7.9969922093572094
1361,38736.48818763874,65.29512023557211,11.257047440350462,8992.628937667312,6.678487380108303
1185,4744.358658014454,88.86114254619824,-3.371481622910128,10012.132346082868,9.298552043665934
1655,28367.7073462102,90.83122141524166,33.218542612131145,10752.657307878237,-4.034473924671267
1583,24354.86292077453,72.80594423640046,-4.195087627689487,8939.861378047988,-4.569092995191007
1128,42748.87514024924,20.014480222040905,21.64832455584736,8373.488146468086,-2.3745508891416334
1875,9438.733744699684,95.69046647299972,-0.2240021341688978,9974.560887786469,8.936272307619634
1260,17500.78565109934,86.41336002179348,-4.659897137262698,8212.172465433663,4.083476589313689
1514,7608.525895869805,10.336292585884356,6.526769901763212,6117.687194827596,1.3916877654292137
1448,22641.45172438188,55.65717896092515,19.833348686690304,7787.706444186951,2.6906659221422764
1899,44082.15004972102,20.87728794261643,-1.6210439507950394,8315.746668087713,7.44406882341505
1103,33549.64053861985,40.49724548555663,22.66995473410876,8299.177375342711,8.936649937058862
1482,37240.50925244096,2.169731064682252,25.23964995118325,7569.483870034111,5.945482514663649
1223,4757.510219943159,48.039584209290986,38.63641450510534,7140.458392967246,6.397717494059444
1831,22656.09413806616,65.98523053874526,35.479168617465525,7314.756619462832,-0.1943293375424302
1873,41949.65078264611,74.34991113925042,20.505599616047583,10272.059448503607,2.005527929118088
1865,41890.2324700518,79.6188414154452,30.70141639194972,11462.367954555137,8.27815290206749
1490,49402.207686188216,100.3549575722952,11.36384867411464,14008.91870211452,6.7890116510886624
1472,26349.43737178724,25.855548873087603,21.357049722860047,5654.152610622366,5.264063776920215
1009,203.3643163518388,14.457818692616154,13.150937647142603,4746.488522541665,-4.021297461678194
1404,44963.11874590776,102.18446062775108,10.166879277042591,12002.426795694812,-4.407391708190677
1895,47814.21609069785,18.793537787117987,27.743776864372457,8093.877933761668,-3.0438358532900747
1301,46394.53555858244,116.97120976034344,8.350174492903564,13471.639569780067,3.7208664879675
1230,38618.37172514337,101.10458752783644,12.124852150228474,12589.834962773211,3.0458027101172487
1730,10674.55605010849,60.1051927067519,11.522720698635077,7388.196140261592,9.140362398205808
1922,7038.948043650243,117.77057099064302,34.16815422338039,8724.402893657289,5.421394600650945
1065,35074.21157349238,11.685207492960505,2.66820114779505,6958.607275015513,-0.5904107398186103
1936,7107.10812934964,36.3678913410122,12.166410638454092,6696.874046417463,-2.5775555927645404
1111,47670.45168014496,76.58692980487338,34.954140627796995,11372.073391859924,7.74299858992573
1012,22346.805762090844,42.00082421678145,-4.311300835463748,7053.330506081946,1.8943615553353623
1392,1637.671493366522,111.40470623769502,37.65401478976511,9116.54334415423,4.80204246113273
1499,7614.620666345874,7.875130581338108,35.45051889079676,3802.250003437556,3.477154098862042
1931,14595.010856304609,65.92941984731574,13.803166588410182,8029.982297376897,-3.388154807950474
1597,35217.35962666255,70.90395208741374,24.386137620975827,8712.761626995714,-4.144124244772595
1233,36890.88700745382,78.32737485326689,39.5979997279902,8881.577004323244,0.6552728457462029
1601,10729.957637377098,30.67994679981773,19.97267696777996,6157.184903324104,0.4232544631857653
1313,32462.92102315072,43.74797130238373,-0.6395588849476237,8933.189000059978,5.106971694533595
1565,1688.1856825166162,101.24166355979732,33.41384560886852,10323.416813549467,4.483006136517426
1011,5232.3609650335575,23.39313227641918,1.0368226550743662,4583.729228613503,9.534113926959916
1208,26797.03267956732,99.22414166080344,6.577224502268335,11842.422429908936,7.871492541573575
1973,35220.79963031976,67.5186507483291,34.308190887665646,8798.168215651083,2.448737886629317
1013,45726.92613771016,91.46250134328986,6.5213145326846345,11957.316698240327,2.500380288440433
1632,21943.84856671945,85.63288395161659,28.5288668793737,10801.38325142704,5.111938436690416
1417,6085.657736349788,24.90137944618548,15.14531554414883,5505.1389595492765,-3.288641258400866
1436,46455.93388013833,68.25752837206474,29.188702553454306,11544.001759185305,9.998358469470888
1376,21928.14049619973,104.12677833661108,5.455851026763442,9315.878338179598,2.7821215186543595
1019,24923.907722213167,51.85394841623152,13.880448623150578,8585.459866146679,8.64857310863455
1586,42736.03226971818,115.990892426798,9.317260236620651,13271.164754934904,9.510345019783118
1911,29330.40671093588,54.26581201220617,6.206981889191566,9756.491592388393,3.724641098533981
1754,15142.367713439313,17.134276400146163,9.14934395828542,4865.939728887553,-3.44977028712837
1734,27084.94384295033,46.73216160932079,9.534648950431231,8680.22692532543,3.600187126299568
1069,31280.568778477387,114.20428876686448,37.99201871453473,11116.045875998,3.9646365574898006
1823,44501.014491347705,38.36650192078251,18.995364967634632,8742.953839495918,6.837897051599965
1210,11818.240127062749,104.17177918404754,15.792348474738962,10674.930559848846,-4.276560995076408
1100,28013.01362759961,105.75008180182678,17.649335645658354,11135.57103812372,1.994730507926409
1697,46032.90202558411,42.02238291983533,39.825893923303845,9442.330700097278,8.841553875052197
1131,2369.092247501723,9.990918966075856,24.41150972010641,2638.466648698043,9.869486180179802
1622,9808.93386051704,86.94694909905819,26.656898865870456,9459.41928209858,-2.129259818611436
1380,17381.11422764495,37.38147588167833,9.112982329314606,7248.142156829612,8.058984891025528
1131,33955.57313848606,93.95083371090868,16.219196948554128,8803.798697945655,-2.8062415755403385
1019,42108.17888052936,53.11858179125197,3.28294252746106,10077.455250014857,7.617616518518457
1905,10038.625357050718,58.23200908111459,25.833525506079976,7136.95175333288,-0.8408340879850469
1535,12410.553453819492,93.34912880982442,10.502253658894896,9657.9209348518,9.394378990737136
1226,41181.94326763257,45.88359972739535,28.672976459284087,8856.182504305554,5.432451263509556
1153,7502.340978072437,53.17528143874974,4.592258956072215,5360.12350879784,0.9866590208463926
1804,13132.7294346604,45.142856252354655,13.15763626906768,6879.00091814453,-0.7854000513775059
1741,36661.40993696686,44.0808618332736,16.2032952982634,9927.951966934454,-1.4714370878833192
1468,8391.323868481208,63.11358922817513,2.4936409196590423,7003.812380380214,5.211884904993777
1821,41418.872881775846,97.05593334013808,-1.8684007501437847,12869.105208153103,8.436865038653224
1999,24576.77822218643,43.41219743070791,9.268046379331247,7216.986061570178,6.324129544215156
1870,22433.84657197513,62.9105664645284,19.520146458678145,6682.207250498036,7.521873070248134
1404,6849.234555961992,80.4872790531121,24.370552685548294,9131.53239733752,6.720756514518058
1201,34014.94846622057,32.332733556438605,14.13721044528836,8610.187457727809,9.68721499747029
1037,44211.65180523016,33.302736588287104,17.512492589727046,9128.622712475104,6.367073902394873
1941,34636.18342594467,112.00957524281458,19.44368384843476,11967.868328238806,-1.846572222945893
1771,15912.541682057912,86.82414879973064,18.03598694718596,9743.912502649624,6.873976982117723
1187,34970.053443826604,69.26240114679706,-0.935215001436852,8708.257089453518,-0.168959585227987
1056,25546.128714084152,77.72640653047344,13.225046472158226,9586.603471427785,9.936997939942872
1940,42701.14887358397,3.515933172410204,4.194914049722087,8698.450149076609,0.6500893015021987
1019,23036.39025322216,74.17235586740362,19.01811884303894,7614.924458754615,-0.6080936622915516
1272,11941.402329336232,61.14106478690423,29.113431352656576,7257.945205872001,-1.4117602173663268
1118,5152.685447899118,65.48996157353228,21.076883468749447,6363.89730989442,4.877719780875546
1582,14125.231415207005,43.13085921969805,4.981983316008364,7032.124964541849,-3.361683674187032
1515,28220.640303151296,9.776867725553029,4.349059851888322,6151.545289407453,9.30339822599458
1220,8585.122276550945,23.20070803344626,-3.335084131292985,6687.725819342618,-0.5853098203529425
1525,2084.080583184888,114.0893655855206,14.187139696889076,10028.856723099258,-0.568990834422916
1514,22497.268303314257,49.04394747251207,14.478769127309402,8212.519614674517,-4.309008564394113
1727,17436.862718238342,56.0019786997037,5.639635540121054,6745.557533879413,-1.3097372318963876
1740,21077.49218916469,6.325174782412679,29.391631045701715,5758.7170055398965,1.2846903351435648
1335,22761.257189679,4.507947545277671,12.391901347155027,7139.030540359775,0.544095853363312
1697,38326.91648952696,86.06177364561093,25.12306291339296,9571.660649319643,-0.9047011784566968
1054,48050.25007898722,64.57135969453336,23.80316495007004,9082.16423715834,-4.3888424324120265
1499,13187.993421895517,61.044718105952,22.213320537791866,5976.978077909287,-0.491279395915364
1899,47125.70408808721,29.17494365072024,35.8629772217788,8000.053968850068,6.6749640739468
1887,11495.943449899116,89.37008779559066,-4.284944789507639,9119.183699544736,1.5818842796420682
1765,37771.76081918811,20.188389493019024,-1.938321012045035,9090.936974603675,-0.6383697860192958
1535,34099.16782037279,22.792169239322405,27.49632926574943,7512.143086495058,-0.4281179877806327
1161,2705.8886022491843,55.28546056179306,10.90866635406147,6518.990812386755,3.316563647408511
1669,36273.59797132113,34.353583453432904,39.3935077895144,8539.910341296629,-0.465609833913879
1593,45066.022314414615,29.695557747977563,4.7385725139652966,8738.68311757514,4.461959797992918
1914,46518.09260757995,77.4285173463998,3.2538567141289185,10577.71610504656,9.841817705876728
1158,34291.150879318666,78.11660942622534,21.469982106735305,10163.28244014756,-4.382354033692915
1187,39350.743021554124,98.9420483759915,7.574137549990198,10951.586211916056,-2.46894866453947
1059,3669.938315930518,50.1250280367571,10.322184328105957,5659.368315670641,-2.313386820664639
1914,8146.507042302412,8.770210923138029,36.44609457922795,3657.916589628636,1.7060547689802252
1816,13197.7351560076,32.83996619057492,-3.8190799108523072,6560.30227488559,-4.378719319199384
1318,26613.78480440017,117.60065558361804,18.9066738962747,11343.127755808238,2.1628236661377507
1877,19373.61280019832,71.55102902792424,10.070474260879074,9864.380141587177,8.933871371149849
1210,32891.03828750842,85.16845017612243,10.569638917898011,10660.93317672309,-4.82653866960947
1405,22339.87047060541,0.8829395550497443,6.151396444974225,3945.846185337835,0.4740830077777147
1663,38773.60979349764,62.1846878619025,1.0682539050174509,9577.521702933936,6.413406581664471
1108,35708.045291977454,4.503438903816375,-3.448325222372342,6807.350735721685,-2.682582494992774
1075,37389.34174102371,68.30762545097376,39.44629778079793,8899.94347965684,-3.836614962101868
1541,41459.5553021901,110.49250195632904,24.71647113010394,12626.26507948682,4.461678058939578
1313,41727.698502570165,116.21029566004894,29.97423879971631,10311.973432731804,-4.850736364257385
1997,38999.66378712093,64.8663210466709,-2.074896531502717,11340.375863532774,7.0265573675457365
1116,3389.7364532461884,54.98457663026591,-4.332316392285032,6196.309608900414,-3.99720869650852
1926,31197.847238659688,113.40205130981929,22.012990929375,12155.581814958545,2.865313891305413
1867,1087.4926558898228,80.83317983960342,27.57241251550833,6473.638420678787,6.101915653415908
1703,37213.57607777675,7.787913544609135,12.768981980141426,7779.20920167516,-1.3698351688028385
1018,3146.7812223012866,55.887069320099705,12.44897989077674,6104.442489484981,-3.4468975711589374
1431,49162.42825533669,28.82940221571647,12.301578459740092,7636.898660666528,-2.365658503721658
1684,30742.50264736171,56.376518573841786,1.8740131582459425,8776.103011111345,7.820253579025126
1739,9181.70500513971,54.65586864076341,28.926108004033097,7725.213734998928,5.586704374780359
1349,23467.147527283672,69.85737633776904,4.683672955317487,9229.749521794432,-2.0285292617735333
1182,41351.18108839925,42.81245884191015,9.5984723189331,7985.314887673651,5.741811956964918
1112,9081.898366088571,19.71245393471137,25.20668819045126,6591.242319911565,5.629272553130301
1182,26885.09597508041,60.44633215079475,-4.99528801408354,10508.97251397804,9.965876471589407
1480,278.6803020375253,99.62434612149144,29.481573368199072,8977.612248995196,0.8733403528886869
1145,39442.46981886298,79.68146736811228,35.459263672004106,10479.700155815064,7.972802412141563
1830,9810.919297501356,40.6041439110259,-2.677218113152944,4514.953284515063,1.6966402895922252
1627,19420.19176431116,112.26276273106286,21.62307129071281,10815.33760559893,8.466403354254503
1112,26559.16065862272,109.46490854990186,13.380653641645315,9737.941196149888,-3.6259925135157607
1762,7328.591100682617,25.12180792609185,-1.4691473872937486,6695.848481621535,-2.3703105481213385
1475,46340.87525666735,4.730110214443557,25.70039442941324,8921.576677281775,7.749315446000349
1762,23493.42632461631,88.95704500209146,22.554338020030137,10842.114314689565,7.289504861580925
1302,11665.999768363376,99.3132313618984,23.919714724738814,8774.52499716623,-0.4184931221451879
1970,36783.62426892502,116.14374791416265,31.60729142666699,12427.38834296278,3.9519747720018152
1824,44721.25002349558,106.78036729059728,7.911353902442272,11326.78444135785,0.7404958315305414
1117,45642.27865552764,72.06417218476977,25.468063214547183,10687.421892566545,-4.84523976044718
1812,21613.583590117418,63.6062807054857,28.44929625624748,9334.426090884825,-4.608438101493094
1160,18037.117563714608,3.340926151510355,2.596673406997253,5210.509485516648,-4.1861545177763535
1400,46469.9451381702,29.59877362137334,38.06800937780987,8119.01267712785,3.91108231488368
1197,2736.624189759601,55.15377020795117,10.299147010965978,4709.482288422115,-0.8115839704170815
1259,37551.95132534232,75.42046801002815,27.116870191675503,9892.864502027023,-2.840775525276642
1659,8957.690429670554,66.87021999820928,28.93090568286471,9426.64042273293,9.116966626658314
1751,23328.51444590407,89.11631876180286,17.681391368786905,9952.724731320835,-3.180219993781762
1046,47689.24335147702,33.5720317064449,0.7922787758882492,9186.679842657884,5.109725746373165
1986,29099.291482530884,67.79431291829678,7.40483195879095,9119.324055167706,8.412402742339879
1398,26219.69348780173,10.577069206895056,5.541112854792678,5679.751261783985,-2.542554991423254
1709,3183.8578537652515,49.63986282998484,18.33890484629147,6765.842104281559,-1.7790547665692729
1558,13939.293300279727,90.01929995455212,6.757099194865315,8092.973664770994,3.607203003639356
1077,252.25003587404487,83.20810241148529,19.604671463100907,9414.573544968684,2.6267302956819654
1123,43762.7861644346,118.87712846066148,7.969303947416487,13663.065062015912,2.8154112532940125
1074,32278.24841267529,33.34693511853072,-4.955938984539498,6798.097427177644,3.32017141027133
1870,5989.58049653162,59.7827159008775,11.346553020217517,6334.322209506368,9.248543739415664
1136,18237.287180773623,39.54364965287961,22.30828839351187,5329.272190973264,-4.19242937049575
1601,40589.6255256809,52.87237368710097,29.816354944179075,9393.20022990654,6.406727810422288
1399,7101.129592059102,102.83401558432658,-3.723599255901129,8901.38421277472,-1.5124036638989995
1836,11590.238684129445,82.10508902261839,6.62408503044667,8313.665765769922,0.6051650525857308
1504,27116.185503753564,105.8929429617098,39.34579540214504,11165.679031574758,-3.66063315552404
1499,7332.837649501396,24.421332999826376,6.78169248387475,5144.3786825514,1.6844015373031542
1572,19197.04631550239,104.80333414097257,29.97389454422957,10397.608927768975,7.063288784126822
1137,49108.17362508302,7.171472901406131,17.921812828339498,6107.449209469554,-3.518894922005676
1049,27238.1813434194,106.6319136524583,0.4978292824909127,9576.554721562969,-0.8659460266955152
1770,35106.23628425179,39.48885353528735,23.9530058047774,9496.167254421449,0.5959256301553753
1972,33197.72430774081,37.75051600968798,38.48533835144665,9461.018424335163,-3.441511953685365
1618,10664.629644163348,61.45062920383967,34.90730647370493,7061.334829680125,6.4347521496540026
1624,42321.058006917,112.8828225267878,26.063175452741792,11258.21870869996,6.804205423261381
1861,6190.302741328755,5.733763761768644,18.04667201246678,4057.0101512689566,7.53842496669952
1253,46087.59724489304,42.26771700848944,9.369985249729666,7971.002501494556,3.758443072094773
1629,10881.986725051702,102.7886386420003,11.063498195489776,10027.05466864033,2.6085823128156385
1709,47741.739895473394,47.52653729225601,10.579303339918953,7824.994042370722,-1.0617133179313698
1848,39918.37681101925,23.89882771164804,36.49368913459265,8495.861669985134,4.827369509358217
1876,8632.06377355925,50.975301759769415,4.509060656279669,7158.20945594864,1.668452284833152
1562,8104.094259810596,46.26630017900032,12.01134287577841,6552.529921614684,9.561646091160826
1756,4318.019012420799,109.8499441760044,14.438345603069852,10800.919275511493,9.522692454616848
1914,12443.033928883557,91.43212508917163,13.400544791887192,8899.049408054485,8.57807697726344
1425,32989.427120802306,60.61386668928076,-4.811078847176619,8770.511596804596,0.4013370702149794
1546,26063.09272182505,118.60446800658852,7.193810961201585,10226.62132201036,0.5195868303108861
1301,30706.204415913067,55.8333037531108,17.435584865002838,9399.027516990796,7.790097460655737
1921,1653.9161457056352,6.988539698433027,29.222199181465776,4198.824989736842,5.937023976121992
1580,4090.571934000924,31.472918617798182,20.626329342126425,5143.1011215395465,5.565414547270656
1348,34629.50490330376,52.32845762631752,12.318790206307806,7947.661646154504,-0.8058348337382633
1831,42410.62633476538,18.82831489753441,24.93133946044159,7520.938093923994,7.500229173317138
1932,18035.14666717044,113.70781515888515,24.965194354370947,11357.78389390038,3.691308583944148
1979,8407.472158015635,92.02186773813276,6.156610723696264,8346.911888677909,1.7029836135785963
1048,15486.94028483853,32.19446405133272,-0.3301633772306909,6602.897534438472,7.981331861621138
1916,20660.295260174968,70.8965440221499,31.14325787558984,9346.1686835913,0.9131464567317104
1073,31543.78280409795,86.57389885314865,18.84020707001616,10861.191268318333,4.808887178016484
1703,20532.72388681792,112.95347146881576,2.943614287623541,9868.41506281393,1.9885777300620848
1260,44862.35211607038,105.79624190104929,6.793197960046236,11787.852617951536,3.8910670925658426
1355,20120.498496976445,61.82306713658564,29.48910216628167,7155.551195299478,-4.391802925272821
1581,9150.538596298404,92.9583143751621,24.397257307317503,9602.889240068069,1.916727447645762
1601,12492.395874233887,67.4573704593102,37.53249538162488,7862.287961194744,3.347369612451613
1259,23311.7964745964,66.32446680546481,15.922633668164078,9067.281494244717,2.390790021244089
1637,39144.88747757304,13.769035000583028,-2.6516016557427857,7634.0637220880035,7.711155587602283
1742,43483.40263711156,15.136518961938249,26.51902903401845,7439.192811779041,-0.333140378122752
1294,9346.006898234824,63.54403380269489,6.470983973594107,7735.754530766302,8.261147965068107
1930,273.248195152027,32.26338539748079,9.573454905591088,4860.731775505448,1.051929548603356
1640,43483.49970385198,2.524428295256236,3.849171419504559,7076.096804831965,5.4179009839098455
1791,11487.003707058477,86.74070446802547,8.902092979773483,8257.849560861016,-3.699159079890534
1312,41100.97071617013,3.898391602819795,32.326621402606804,7148.952584611552,-1.99768874646766
1611,27582.320681196627,71.43322093248655,20.952098725489098,9411.590585096168,6.417490167119077
1837,20265.3655951152,64.70325529527773,-0.0880815527432385,8302.374769879665,-4.8150697169203935
1808,7423.178718948394,116.25776286933652,21.39716530262042,11179.4372437656,9.52791608720649
1181,33634.650795137546,58.105576721717,23.51035099992088,6674.5604490089445,-2.1405664840517726
1685,40926.05266068767,7.632172365335683,34.81706610817912,6019.459743332588,8.519559793676848
1827,23108.596360129606,66.2025561367754,33.68404496189304,8825.545718669207,2.739175423394286
1363,22373.13185993536,100.93154047393216,-2.1706197692095537,10778.105088173832,3.46863050345695
1187,37788.42704274321,119.6219141137728,34.00141427393785,12752.600291559653,-3.738023180434624
1568,25055.91878945885,51.6411808426887,-2.7101869695783005,8262.148879828914,0.4782813123605169
1542,39302.06797898199,38.4358490996091,1.935489289568915,6617.669196234585,-2.656717088292479
1595,2800.4093412086445,108.79839563423988,0.019750093416631,10894.02290519466,2.888972415414141
1663,42895.76779915924,22.949055489134565,3.176375828002019,7667.806158429633,3.260982185079243
1984,13177.325152176318,73.85146980395119,31.146789740606053,5826.189819546791,5.645004243764655
1547,8542.811711465441,48.685730901713725,25.87537050940478,5712.5198863718,8.17417236884775
1724,1711.4460227473126,4.929883794666634,25.91330967977454,5792.953531925366,2.0226972440479107
1925,41720.24764225927,41.67461691668373,36.49574284055363,8208.60221138668,-1.4995944487909003
1407,3099.753014698621,31.82742270032095,12.633296459798594,6850.953380983443,0.0035749216247431
1875,47726.07774928777,82.33093847321842,-4.852065059950392,10114.342913047987,7.706347194084058
1617,28285.616602655,113.85485972303016,23.78958034310389,12165.870172669547,-2.812047723818578
1413,34964.290927865164,32.16566248543653,34.063347389154195,7143.507304823895,4.408841175080237
1341,36292.990060628494,97.37591269820182,38.93170812524702,12196.42693835302,-4.803711742357847
1219,14704.955989399752,6.643178032609143,11.375172864218666,5145.638325105238,-1.314960073186359
1902,40342.27156069285,64.57452120477758,31.996848479939267,8627.61911291878,3.871127462521892
1162,47317.40973365448,8.46600764518735,33.21524714523972,8898.347629627742,1.8461806000400616
1950,18555.570370285444,112.08395893567672,1.4997028489259154,10678.968956475068,2.40324235364847
1219,41783.93459313984,91.96215366688682,23.41743498650494,11520.335639241188,4.90843075689409
1269,38624.78678400958,78.95398934455108,2.7913044613391165,11293.427585663272,-1.481209633721488
1631,29520.834015996323,98.86756579495972,15.098386816916218,10546.099236649256,-0.7879258951024646
1905,18444.03730134766,77.70237546841958,34.567011364255656,9450.357373545812,5.266873111417695
1847,20817.74616374262,116.27332766091494,30.526020047086483,11738.769253313583,3.0743711131580334
1399,15449.665108524412,85.67495374377258,20.6652755664286,8986.413086298395,-4.781197636117586
1181,21370.896990283345,110.9590331498696,31.391912395440954,11171.472878644869,5.054916929281617
1990,49482.38322424183,62.055827041276565,1.877237897980729,10404.495578493792,4.301380611284172
1617,18234.39701031736,14.04772955782352,3.771371541398304,6006.976835326952,-3.820886393025893
1728,33308.93670217268,63.381326570762056,4.398915620062198,10356.15805796145,6.212792422614792
1204,16048.361022392492,15.224739367571196,29.920609992839097,5664.876166467018,2.8315218842060608
1581,23385.72201087829,71.09921750116861,35.093447704289275,8823.966685687015,-1.9287907406456053
1555,4280.322520826019,57.89916726331956,20.3276344198166,6833.637903299607,3.3903455217464096
1840,38185.38837119272,74.70904773993381,38.10872311310539,11819.320872020384,3.931877712565049
1812,33085.11991700339,1.2056377265797913,27.761361304245725,5597.265767375937,8.801780937853557
1227,17439.501906685564,23.38085899864369,20.3657725228103,6921.5085055759655,6.132166383267556
1695,26289.749639977865,58.95965182945571,22.521573708372813,7636.331387014571,-0.4711346826320115
1618,43623.86961785166,114.06042739069618,33.229036896088786,12473.281609321904,-3.2280054865371115
1595,2317.1925114868995,46.03308484261901,-0.9418681660597644,5019.784471647417,7.797761081211712
1849,46517.80318771167,50.92464312643616,2.5607869149273164,8119.134243759914,7.69101531813169
1249,23592.900163371683,85.76353068079466,6.983274269878674,10377.078236830695,-2.3703497791406414
1874,42996.80473477584,72.45513087433416,35.2649135195636,11426.1062333186,-4.0680322220317
1440,43087.99794233232,35.871138011799985,37.52252370042949,8100.045133234717,5.677969747240583
1532,3029.742612431737,49.29796746809133,11.027674681089785,7066.616743982496,5.838727462547261
1195,39101.569137522616,26.12397586286789,36.57357517050594,8235.144820708174,-2.3428436944193143
1689,36670.082566049685,115.92257509562502,19.6081510435217,13431.830896916172,5.023177893361831
1928,2255.3579955375226,15.67612578688317,16.29731848804417,6046.954302391896,-0.8161438295460677
1986,47032.8397307894,44.62041414797034,32.474410506831994,9157.333915433468,-1.0907445804679394
1518,31763.956979068345,3.100676666401343,19.57375465986324,6033.414436635684,-0.1322309886448627
1069,8459.947029637931,26.613539032025567,15.451703449054634,6209.377350791711,2.8059454977528144
1638,6242.54999908988,93.65653660561858,-4.28164230783494,9805.126458409028,7.066808849929341
1398,28142.452318136387,24.141027874665536,-4.419605191824131,7603.760428257216,2.479656263344393
1977,3035.82979704353,9.607608303475873,23.24161300560076,3724.114923961376,-0.5293595656388845
1671,8304.043767524858,56.93438158134279,-1.696238111888774,7539.942319469984,8.25961448067774
1759,47427.76505820805,1.1963081681422194,28.162538893131845,7186.543071665708,-4.1736506383645295
1202,37262.568850470845,10.17193853115998,23.00536584814008,7594.163608374273,6.956372258471205
1147,30713.10669157857,96.91510434755702,15.597828972046944,11469.19534790056,6.765726368827835
1471,10520.09927640932,92.57680138315276,26.9411639400259,8381.034840048,-1.1967978476848535
1654,11003.938964587252,109.81665844858752,39.688210501125184,9627.307099877573,-2.025572262195805
1943,22346.88329698361,102.54185230928994,6.086054813463418,9569.573556088068,8.120508422433959
1198,37727.30787616144,81.98106758877817,20.067506506626724,11448.963722883978,3.383069403404864
1916,296.0872436669887,6.279942876079541,32.92851577932351,2679.8588712618666,-4.30982963552878
1425,2309.3358063827263,93.9418341583989,-4.240629295710818,8703.19208585627,8.36248774700714
1665,43518.56987583988,101.46129730086726,4.15787479161305,12739.931809613,0.2350897653351067
1491,40721.87753393103,95.88985749263452,18.44313952719504,10277.72969226184,0.1323483071503961
1887,34764.58948521486,61.01748423696313,19.85107112196252,9616.322305021838,4.649319057398099
1895,25026.64738327217,27.9482206379378,-1.1150031176439017,8739.146499907378,4.919664141978638
1141,7341.826216031991,101.4395970826472,13.334328654988571,9533.720856462489,0.2997418124262214
1312,5201.436245638376,87.25953716881662,18.39031410937815,8551.583059035875,-2.85081608154679
1164,45278.27874190285,117.6913409266622,14.033906446465512,12998.771100207745,3.2840464505450857
1313,19187.83979311253,18.68311173071195,26.5268315111707,6632.744260758891,4.377687470128603
1020,34816.558601019555,27.07974996624661,29.71137498899653,7436.524967582077,7.903335475884605
1081,22864.284306156085,25.415777985780323,15.711772866554966,7324.512350378414,2.266599810475988
1580,36573.3531016997,95.1047721145604,14.154687752715096,10663.81447124724,4.685441193523328
1130,9746.11317984816,22.42887557401417,26.74136518537553,5736.10866907616,-4.183867582761872
1598,24279.939166469863,7.999179578796731,19.98860614992052,4084.954430038281,8.417843503092428
1729,18905.63101476812,119.82729679027544,34.1697750976286,10409.573969487968,-0.0917628018994678
1932,12328.179653860572,2.978065373417897,16.651576813660284,5120.397793022109,4.483316865134679
1983,29925.785776311764,100.22928721906388,20.844736405247325,11233.225300078584,8.740774469698623
1304,26894.967388097102,43.844020986078334,0.7962341413318743,7513.108080806438,7.157886765470305
1914,24834.99239312565,100.99385517093783,32.619875883022104,10888.117556578376,4.565557862167985
1370,29596.02658349112,66.5544589453374,14.003145925771118,9091.264151779356,5.554117421051279
1856,7212.285405390571,108.1957475383632,27.35784817551948,9546.97561875305,8.813576739474644
1852,18590.36187592753,111.1431583697552,14.326723708650892,10959.463084978735,7.1813977022019255
1383,16301.246243537891,1.0917817536931196,-4.954449661838348,6376.221581813432,4.1478859080573525
1907,38481.853495597294,9.049461119134593,13.018461261988094,6344.3930774988685,4.880540593144396
1444,1882.631339694325,30.043047548502656,1.6375987785354695,4533.857082998046,-2.7909736375218213
1424,14168.361533296667,80.3178499636202,12.937678568575013,8898.02819125531,2.0525151965589954
1160,45922.88607819565,106.59266358138072,9.460477310244697,12977.284297473258,-0.4850352847450034
1177,15087.497380875951,55.193034155275534,4.114632040402061,7695.161331390744,1.4795595174987453
1628,7679.783829785732,72.83677395291186,0.5697443724823357,7180.919951982866,4.933703102961344
1707,37891.53528157669,22.619982335467338,27.78525500122327,8086.297678692935,-2.762733595973666
1894,2487.4251074648164,96.59602006580224,28.96871360348509,9781.754469256288,-4.739360545081146
1489,21373.36050867341,116.07937336241636,6.924887734772087,11303.327427094764,0.9538660484909444
1326,42782.35220628869,32.23187194975169,17.283560112256847,7366.483518897463,-0.1672352826791421
1597,47709.33105464065,59.37911419206556,15.8831926357104,9828.902765649647,1.3064808955256089
1288,12526.085871976868,10.333933260764857,10.98614069756508,5037.5770498239735,8.96831380553471
1592,14880.491465103774,67.09639877555621,7.493673180853971,7190.120932202254,5.606261518222656
1663,28405.83013344435,60.33401302160166,3.371428420676219,8767.870457776378,-0.0881183810125971
1572,11404.922760921543,17.33237809860931,34.28016790308892,6144.27792689188,-2.310817666449453
1572,7622.128920501892,53.047945574169006,32.4990619445805,7422.444347101198,4.277174413854047
1353,21356.47740179236,40.09255825038759,13.773073460652244,8822.176616767438,4.863643772642547
1027,3705.1791693394384,62.61970503662272,27.45405654373978,6814.835414525759,2.2543402581675256
1953,44721.57656261006,70.2785202514559,17.42494370796484,11668.192702504708,-1.8085883806675973
1042,16776.411434888145,1.019469432865141,-1.1577530618272251,4750.1019148670775,-4.571671087452044
1680,16880.577819867965,91.32071795394664,32.0075728799373,8839.692125154737,-1.0150895379909124
1422,39589.51834763548,85.5617150234089,4.867219480634434,12267.528807013956,1.8575574893527609
1597,17143.26303455719,43.95436634478266,26.806787982766448,8975.26148744211,6.819014296637379
1176,38069.25216199373,6.352312268258191,18.732908421182465,7564.88666415771,7.806307432677583
1528,9143.976499052687,90.59190477420604,26.074298641652504,9847.942450548846,1.1940183950044636
1609,26496.518037758924,114.62101925737588,16.204137507578317,12112.941382533354,6.941860820252916
1965,38448.722327936346,28.818191522641705,26.6152516814644,9156.693083698174,9.900292353267297
1493,22549.96524105109,38.82295364844455,-3.52343511747112,7088.578474724826,5.749155622783441
1197,3683.481872009356,22.057546737817795,-3.1616177404589587,5265.502029945404,5.928985474021102
1609,36871.42725040832,69.23233480138076,35.33529843469794,11064.288102226445,8.643047523247464
1576,24753.419040524423,18.5809673576946,28.73623071872008,6347.129388428757,0.0721619262536483
1841,15889.164543245064,42.743273215365534,32.281038394730594,5798.465349770055,-4.831919104137931
1852,49640.507169213946,83.64156167211155,15.546342411459136,12499.921953084018,9.804659075135488
1516,43816.00405781814,67.21391796112181,15.684108784729482,9469.880581613548,2.3570211650653574
1513,1987.3452241036923,46.37550771935223,19.030181599798286,6632.917919265869,6.785163897434904
1021,29723.336104903206,50.42995221690503,5.964792104193272,7690.023494608898,7.187367064139433
1111,17792.97968611894,67.45330591478753,28.00761243198525,8547.21109583214,0.9627501562004356
1056,1966.518933205687,0.7037673464593563,32.32544815302522,4246.450986329086,3.119095700834773
1065,663.721643763057,9.421184214433184,35.825084169492825,4674.775326532602,3.098732890940166
1841,29229.513346974145,105.7509681315614,18.26652317689744,10509.494094386077,-1.6967598598362432
1097,16074.519902070104,9.345478690954891,13.655942757730385,6217.522693010352,-3.235415991585598
1143,35195.47870292068,84.81643154526061,32.391995995523295,9978.60385298276,3.1535845741393818
1879,22775.622182826533,110.4045796930863,28.86996010289686,11448.539564779168,-3.1978515972280643
1434,38348.22820634247,32.48203251620773,34.02729488691367,6423.113074486182,0.191330857892698
1636,40671.95521029245,44.45897244714171,24.50789758535839,9822.517808998407,-2.208750025385923
1678,32895.99681003517,68.27056870136596,34.749098656279,9792.653318974271,5.603741624241671
1085,20956.83316270747,105.80507635663017,-0.9931250279605432,12441.761440233024,8.080132802499815
1587,49425.01479222349,113.02867047125042,25.580270995847314,11282.031109247251,3.668719147782703
1343,15403.6004988351,88.74758977335216,-1.0042210180750173,9419.045476898866,1.1523371075739623
1935,25777.50878876559,10.394371302563282,28.70084394820816,6021.781346579689,9.949639612319665
1293,26068.1647108878,80.29849866418209,23.27997415598229,9278.262185047382,-4.681862971301912
1955,21474.10867793115,49.23644662471945,-4.280359028829056,6253.148598073257,-0.4348837369411598
1570,6158.624423860429,56.48411993892739,21.966744373305005,7676.215387325982,-0.8199027102949934
1649,17761.710401787826,5.897806841421245,1.582591385140323,5700.8249618343125,0.3430539708687954
1610,10837.96832048898,22.927456721562983,1.4085138900581402,7045.704895487486,-1.54106388262246
1703,45002.87393220245,94.86163290403772,1.770835524547801,12493.736695882371,-1.0360574685281616
1242,32803.21664216846,54.47505996574317,16.77206210110791,9765.093845818905,-1.1348433512400908
1830,14461.927784383452,36.19946899573786,0.1984114314343772,5787.372529096488,2.5861607612864583
1560,28330.05789854969,46.08228887579498,0.6545086803727491,6716.499641077034,0.865829155516467
1959,42675.05535579634,102.52794159908164,6.527559376024442,11583.29840234648,4.589201529773625
1031,46728.281281632495,89.87988208859483,-4.961379927750789,10641.603409706597,2.716017398015281
1390,3844.2745887221886,32.677847661729935,7.410539513081481,4901.840109344312,-2.248672214454042
1276,39366.73423265227,14.100220825484795,22.82834950609148,8569.18097155041,7.150674684017616
1531,48318.77374705071,30.239786597288607,22.070675226791447,7868.732713650504,2.0829279751083565
1153,23415.56553163855,110.49077412656804,38.62901416740908,10912.939266469644,-2.7015272314102585
1382,49777.147100091126,69.79066054197064,0.3833535540899833,11033.189673779463,-2.496802356070067
1067,47858.1917439703,64.01762504937395,33.950709915951066,11537.356050201191,6.954526157184338
1877,32878.87826973997,71.56723196309538,12.603539195346478,8658.522282548876,5.544897763346507
1883,42395.80884464264,43.92339188958183,12.416632958274056,8959.08475515254,2.597919288096416
1213,14898.49957762402,96.85284243834153,10.696489763095464,9463.516375175088,-0.4087773537150143
1654,45881.43615113666,62.79434991602998,0.6131439149331319,11349.78805820476,1.907830551956141
1375,29635.26659911165,14.009748332255466,16.532726669452636,5669.162541768799,4.547253057070652
1743,25532.31284371505,15.487814979487556,30.432008620615623,7703.903747830152,8.189234761442718
1212,41799.52204807943,64.4230975803142,34.39445832164641,9296.64279388124,3.33801801518093
1078,44485.76948963279,112.3884261685007,38.32866661573133,12159.754486546264,-0.8489705783937476
1725,35092.3284381937,37.00225460114385,30.33816185652036,7483.537887948587,-4.358901279597821
1627,1349.3105331675076,104.3449402631062,23.0391267544646,8992.13271636625,-2.368174161248891
1603,29900.586470887287,91.69147038946552,17.389020086769868,9270.220943826016,4.752664309936941
1781,41100.62922958281,29.737493148828825,34.37037632206281,8751.586883885235,-2.593445497637635
1922,27308.940000853003,4.360889797949095,28.278112308617217,6395.612172501956,2.223093297151763
1380,46749.446309489744,12.221671817085928,2.256617918718137,7060.002603003506,5.48432523214578
1679,44876.13755424952,87.41927206169282,25.71477217582929,12631.833051223168,-0.3766264789533382
1057,26530.844965107743,23.960368564877605,14.396736906850537,7189.999799929126,5.0365883471092925
1795,20251.1565582308,44.552510460647255,21.810985483981664,8175.893459933492,3.71608092471728
1025,2848.314892012358,60.20389992077098,35.42588877178431,8683.89239999023,1.5840866039259316
1880,31666.627380901908,87.05618021401953,24.365674693025685,9621.729435138715,8.458682183263914
1446,13371.638790826915,13.587746791095046,37.24259283293261,4465.867156331632,5.3808833564116565
1065,33455.770379058864,48.76396863329538,33.986635386883414,7694.950735764106,0.4089554972886278
1920,39958.185746479794,58.20874909712345,0.8005563023551492,10371.640220380445,7.063968002883124
1759,20493.80618639204,64.89924767658476,-4.475663879947074,7101.7403111156445,6.071533212545075
1253,877.6784473244645,98.203276967426,12.29851338919966,8639.115378706108,6.875259482622464
1898,43276.146314883306,20.601383405186027,33.93984947614192,8081.564277027722,4.614339745614917
1967,27495.454702972525,96.93977421919467,5.355669671957594,11634.844743629126,0.6905592375924794
1043,15808.09274303326,83.14541132359827,26.11299648547732,8699.826754593849,0.2286777340640364
1096,31726.422656867348,66.70449770387512,16.41979161503548,8793.314061407542,4.812270411388965
1553,33752.26689936526,83.94334444830864,28.573499219308005,9184.94633761824,-3.036499880496483
1226,7458.588669309516,49.44212867419877,2.423959554008074,7782.351441149023,7.298715257478637
1773,32355.436355617883,16.60771031617495,5.759096754252472,7065.162248890204,0.5550307599710962
1678,14405.680335505744,79.89182883184408,5.913601127350002,7956.430063424845,4.455579840483233
1435,40200.877463051,62.96067680227467,19.68096160786948,10150.697436395978,2.4859587240012706
1790,47081.377929719645,76.72497606513306,8.03310060122621,10636.13461872913,2.7898973803698084
1600,5223.101650456983,40.5598537234188,31.527506777560973,5747.900022415543,6.070092193020207
1378,45876.15409372838,108.82398928078032,10.605739859687628,11631.88313041412,4.400050805071276
1177,45181.95415862901,70.48438422906924,24.73830169556744,9687.159432948512,-1.2453651748142978
1426,17211.090123604597,10.24829811490486,37.68258487435623,3972.1326152297934,-3.886611028643933
1914,1538.8922302567407,53.97647888453144,22.311567295636934,5052.214556893996,7.603511010479366
1708,33194.946789835216,90.76272656923612,5.896908499622926,9328.58874173575,8.273411121277865
1306,17301.08775166511,95.29614740787268,32.37055029109648,9462.801030593237,-2.53255200624022
1778,9663.21005812066,59.351646331651054,-4.435586568642473,6541.5759316252925,-0.3578439962070128
1503,5517.36634664798,107.36970849975611,6.5441722643969005,9932.307896502043,-0.764864271024015
1267,9881.71546609029,32.12021246331571,12.43707198465028,5277.62414916553,9.061728411102322
1585,11949.594938484044,49.27184366859199,3.819048761554136,4967.279944874058,-1.928339271039674
1007,39811.69339201926,107.8316292682764,22.18081416425549,11045.88434857677,-2.50191151850252
1919,39212.59034455603,107.55080597658949,20.11002776231133,12427.889733944614,-2.2724217537770146
1507,24771.26889992142,82.28553225896171,13.29234557974463,9972.138531900033,5.948037641406504
1475,27710.93223391991,103.07766565466642,8.247075099447779,11743.47701764516,8.320297663697128
1296,45899.04344304148,10.65279203474792,14.52582595129099,7619.455804545529,0.9005111594990209
1163,45411.20570770266,103.79939714493317,8.104101552073091,13095.193749500357,-2.9588014345046485
1484,41450.822774226974,38.47438878602721,4.956632872525852,8434.272078007176,3.785829961125099
1596,18776.26237879416,21.39978149138596,10.80715595392059,4707.574354467934,-1.8509756250653584
1071,18390.964648982845,28.72438036104556,22.105101187785543,5378.162737605879,-4.037728289521477
1566,44405.344322255776,50.15622096166645,24.17758855235784,9212.55358458883,8.293470675737142
1904,46333.02695143768,30.143040552536068,8.380622247863165,7540.03017328183,8.06261914500514
1558,39942.886881882965,38.468110321979886,37.63291163483114,9758.806029263314,9.638652403889106
1910,37881.086985584014,16.197418328597053,6.788165346292175,7700.005277786296,2.1100713235919937
1943,27952.38431031954,35.541211867079824,27.045944958023348,7184.3826792721,-0.5899820268436677
1237,16982.911567274874,68.67405774504014,-1.333397439590001,8219.231198018815,6.546756183556036
1103,12107.565121618652,53.02244497092767,24.918004574427112,6850.828446668304,-2.2925760187413085
1209,7102.881269210607,41.60625134830934,15.697693689649835,5850.140232636655,-1.3506188477557908
1553,36437.269368218425,89.57425546285367,20.60985300895279,9748.027134533664,-1.1647606068892895
1827,38871.24302303184,107.22119656719816,3.2832696781239434,12348.459970511509,9.274291148682702
1467,17996.394703475533,90.81470674828763,14.510378586083398,9249.978916742955,5.94734378246611
1453,401.4554329208305,39.8400842541215,29.482503545071907,6097.820688249238,-2.9945781112676984
1267,46935.95434504218,89.33306014050645,29.51881747607122,11489.414556338526,-3.6073118281413983
1385,21910.757175584506,18.237621896886147,5.690018255421823,5517.328088460537,7.642222803767675
1774,48732.093281393616,15.63815857095491,10.866967380086306,7583.629017865197,7.034114845671423
1847,33900.24253971994,41.47524444433907,-4.828390007355433,7829.117892430426,5.064918670125328
1386,6288.2734699378025,96.92428428528684,-0.9517021547820804,9276.527945701851,-2.0584902140507584
1876,16414.91517846611,29.561789669076223,0.7028658691939693,4451.191437475512,2.204253083339069
1258,32886.805517823675,7.59040906784155,8.214309665315502,6717.864949100955,4.040889181859107
1282,32497.71530359545,15.80514422476261,29.15569690341101,7843.752941068342,8.982062902605273
1625,11676.07274297476,103.04939622354962,17.96125594701941,10304.682831780032,-2.4586438970388413
1874,8925.157373106165,76.05399416967451,30.667366144851226,7266.218140714178,2.7317021071917056
1039,13911.86089190095,30.3841396043972,28.970756841866944,5465.346986383812,-2.63372541682532
1485,39365.90991656968,66.63549903938176,21.4212194278454,10023.325469431004,1.657740108612284
1928,12169.303075498936,63.309554691042045,17.49370905382353,8174.340013763554,-1.9979753805361569
1219,35118.85815666338,78.65231741287936,36.9094387697176,9429.895577235897,7.542793124728169
1128,43512.9805444635,27.98250653059396,20.61716001764868,6708.77526862845,-1.1789558354373058
1519,19641.954958593506,103.72835846332772,16.72707930770693,9989.91618821413,1.2565707436603637
1612,449.0025522553452,37.12422744960154,34.11043642929262,5475.265058086648,1.1168147873820289
1927,7183.691055323446,83.29579847714842,-1.7852578361462397,9843.131987880988,7.994424400326379
1891,15663.653674800134,1.9349575646657868,24.521184378305687,6209.513084390158,6.366961970983905
1687,9578.715900007564,44.71885558729767,0.0862262571882706,7717.611614415574,-4.13636766477374
1618,14546.728631600294,42.205178155057,31.891973254874703,5787.443568092991,-3.9936881424775352
1612,27247.6949148814,65.21813142996174,30.66997832723375,8189.803572734384,3.2679586769605624
1259,1151.9468660975626,8.72835141326358,17.662001541396094,4143.957715853989,1.415785410366902
1989,3307.646426015827,94.815764847133,24.74698675386968,8485.012691457403,-0.8662366919473694
1965,42801.39282626104,26.133696212108223,29.767976108687414,8248.02829167716,6.8893140731110805
1365,26163.75489609187,81.24453778584123,16.748674150736505,9899.419129887032,-3.0704724215150088
1757,46783.002360202925,96.3854547892912,35.768106120519725,12823.498340020653,9.610853693052276
1786,263.4529069595673,67.42523474898158,14.666350416638316,5016.280715871942,-4.638462398717586
1543,107.5443960063698,88.90598480663826,35.14101318277126,7038.728251620349,-3.226539130837346
1648,37005.87056920868,79.42323746580067,21.223482198178463,9217.519670063188,-0.3302501858622202
1523,23865.010752189144,42.66357565824092,14.180946877279323,5935.069621936218,2.637236428832547
1906,45698.5374849612,97.06302468402784,-4.815610955932887,11450.51532859913,-1.757957622810142
1813,39350.53956564674,35.364164386263354,8.300016425041372,9860.896960049113,6.043227232810397
1886,25247.7368919172,68.54555013018206,34.05646715537463,9079.65843120225,0.3631285513898472
1015,23978.34769339945,89.44772869698474,14.292075507866286,10851.94375567546,-4.421924999045936
1128,40577.90327465127,45.47470917750091,13.966083722831671,8830.937455163954,8.165829511609664
1574,40204.947978863085,36.332112914091006,17.023480648019692,8070.249714460488,9.157985096290943
1108,13919.546005089884,55.12152122073873,7.883681418516005,5918.003365929488,4.278454336555663
1886,33764.37930542728,98.15561932189844,17.119807139086156,12053.025649992936,7.098045828556076
1532,32195.79245692393,111.59061157747978,11.909340239803456,10294.72806750274,-3.1833269196004728
1669,42818.61647243337,65.41000954318682,35.9249138694631,10013.120065960044,-0.9676957732000312
1268,43442.12058283446,79.37594463883822,20.378504703844936,10959.106763451786,-0.1215246848272428
1161,13487.204025363928,108.3928346686697,32.53679361140911,10024.996626063645,9.411297504227443
1259,43999.14845934053,11.825622169553087,25.909334300935328,6365.727736729313,2.6833395986105124
1923,46236.09896506657,27.849429343939804,4.567134282524405,9443.480194637945,-4.8887966177906
1101,5570.869610480307,85.0680007501899,34.04495243654002,8565.730531440418,0.7027873430514324
1505,28729.93360332206,98.84933542947596,-1.0728141175164274,10421.238508699926,-4.8837409870163535
1734,21879.53767515688,102.84348339966937,15.188703725780016,9692.55096674218,-1.4329138929133125
1570,20159.03669144592,49.81286122259191,5.761994148942012,6950.751311247742,1.8205010071176613
1246,35270.986775800804,10.72078827502402,19.189994018449205,6601.628310854913,-0.149104168687451
1639,6565.46117390447,52.53377727595439,8.502231075015846,6745.963252303499,-4.508986815722439
1794,41015.29587105911,27.688150824846453,27.527181665108067,7854.641232514823,-3.2549641638683084
1836,1427.3114372917717,34.943574599594896,37.16134155192119,6569.889249746645,3.2632984183409945
1536,28957.213016351227,92.6721068205007,26.909049019685654,10597.991942539578,5.43407356576728
1130,11345.463973147274,9.063250323106423,10.988966504911248,5765.632919893222,1.068235183493539
1352,33406.69906782515,99.30974609768424,22.00314827460792,11056.932203450096,5.9722261963736045
1195,26319.05150082289,51.32029029890029,34.983674130915446,7355.989175238847,-2.5500066722728443
1792,49987.63632477504,71.52767173207141,7.151277540410751,11456.970621066805,-3.1691307828847086
1915,43129.894816013926,10.75826774828148,0.3192143682221822,6345.045686438377,7.591805739149137
1929,16897.973822573702,40.48308940287355,0.8843794874946367,7098.763151934248,0.0882002273829947
1665,26471.27321197493,10.764110281781496,17.26838546545065,6452.255504219133,1.4837188291663646
1381,15958.821338570147,115.38524674573314,27.94613175084293,10295.826286620366,9.213724034759448
1644,36466.79523354335,96.87139791915006,24.576598393888293,11460.00216332269,1.3616849190566391
1226,21178.41551662183,55.15593052277523,15.42502752181068,7886.333852266955,-4.947648412221437
1700,5860.34437534572,26.832305798840533,27.818411808161343,6750.612713237143,9.069579093247537
1475,33074.1134040168,112.01461262998228,23.528648026345767,12077.82874862101,-4.78822049771258
1476,652.1458893137955,41.35159148723661,23.270384002038146,6037.56558967112,4.934294255937971
1264,14934.774841362469,19.31813180248497,4.1069378782392185,5281.274688294763,-0.1566363570124469
1371,45366.43911523402,67.57972661447458,9.066254486182684,9053.98580433255,2.0558613484030754
1485,4799.298128433539,113.25289444137792,10.49909463801446,9632.724428698451,3.2092775154427606
1433,25270.844449064192,0.459634860038709,31.36858412277529,5751.351245018569,1.126900859433314
1645,39774.91540998877,28.57498119047985,29.879972093441253,7498.682366342948,6.615531807732523
1210,45234.65585238986,112.61371684924892,6.370274083670696,12659.310868414716,8.96059614496669
1571,28035.930972183625,20.530316022859445,-2.518147656050908,5783.352576917897,-3.703819218216976
1939,7743.751885106863,13.589214196778382,29.5502714142905,3416.30551212024,7.003793218524596
1376,47048.785199646416,68.42246589597653,13.443978045744329,10581.733079296537,-3.069932886490323
1394,37488.016406266,103.4212587953796,4.891142604562788,10206.799842898528,-3.795842251255884
1449,19843.950843666105,57.253178123271134,0.2657591756992952,8397.271969200307,9.337471790831932
1942,13921.338989479626,119.34771080214296,-4.423340723517457,10781.218074652026,2.33946672236911
1363,2481.052821496949,81.50060394455915,14.247833566624877,6648.267557773721,-2.710950634860671
1875,9652.415165723927,8.88898886525373,10.289371647407146,6660.379101272316,3.5493566982563447
1456,38906.08546328445,119.13985580183704,26.341156781827728,11846.685741324807,-1.051442918456705
1724,5520.518849466969,48.94730841362285,38.94994444843337,6051.406704630825,1.9646352521199129
1727,6557.685481520505,34.4883040614579,4.305217882726929,4719.617886007837,4.369893908198655
1225,9877.041826903816,66.94550202934627,5.936626316827184,8380.434452547122,8.039047433049921
1981,19827.55231963723,36.51691101850372,10.17861595889784,7749.969649967697,-4.953779025960375
1130,9534.650165950352,10.37490085441828,15.967193569748735,3978.95628843643,-1.7878900862607687
1587,45224.744844049645,0.1714011695012063,26.39644129032409,5648.581036242121,-3.5559418562183067
1475,12957.001908491113,53.95000235043148,10.841418482737298,7379.233494015983,-3.543534476614062
1797,45982.43186195848,100.42361066719108,-0.3109755663149416,12205.377837165754,9.186661197098571
1985,49248.65674046092,68.67782227560919,27.86537367614833,10423.623380905365,9.041244017725786
1276,37764.68748542087,119.9048758732129,30.758875510803392,12992.6820079994,6.239621195518497
1155,471.1092721907307,34.421597477663994,6.144189501456138,5859.713160719545,4.645945636013732
1759,12077.003866570536,33.65460777120664,1.154030968403795,7023.606905667268,7.7195566953655455
1217,13439.937345919076,19.169935228073307,18.751047315958765,3701.664233853142,-4.123868928641486
1189,27183.453960636085,19.68763059184022,4.374143539210593,6686.212953695759,-3.2077131034815736
1416,8003.845778924857,34.222391521205736,11.837354500688283,5255.584883958849,-0.2433061505549902
1980,3953.0361394104416,95.14080543282326,29.98125490579828,7748.441889865892,7.487385698447703
1674,8900.251331339225,108.69081487637376,4.882316943306496,9303.494762354405,2.0834881414976527
1691,16434.863122273124,117.01046036492176,31.281666750342,9011.793361489068,2.5536214515642746
1545,2555.5775058841,27.874758491574315,25.33089945173397,5657.007798618479,-1.561018555192886
1040,9848.6752428355,105.755705473691,4.8876638682055376,10106.458897261413,4.725812217602892
1306,8459.246302817177,39.390610713280445,18.68820704707375,5684.50195188151,8.317632310933963
1942,38640.73040116116,13.54086534202613,22.63318431278202,5660.477585608981,-0.0572867021229868
1337,8561.742692914919,104.40299106241989,4.012421701613956,9676.039234237507,4.287789096548261
1313,39597.8223030302,76.33267615723423,1.5227201115632605,11046.44845067015,-0.020765538322669
1074,25458.289387278528,19.767707529727407,18.902557049181908,5083.170888927843,6.890786677514951
1952,37916.923558254806,51.5797509015603,26.22285247610474,8546.105275781778,2.124396054884758
1278,22572.809594274047,34.47092338524812,15.928097803219671,6689.426826355699,0.0920353332955699
1175,45062.65321348982,88.41534824522364,-1.8482338160635847,11210.327219252886,1.300732813169379
1895,13898.282251686043,54.40994767491217,36.63457180135591,5465.961162210254,-3.631587179056576
1661,38363.661893395874,118.7135934127662,26.27344506345297,11588.814799446644,7.991757299836609
1272,8254.658654684275,6.569397871151415,22.95383286041027,4924.8103742385465,9.371035830071571
1836,44143.95763481253,42.6018319363496,23.96321553688048,8753.723661396423,2.1612126960312485
1619,1519.2007837424796,57.82802005319729,12.937252040863122,5565.96746659422,-1.679941878827909
1650,22926.06253037968,60.37602656979837,39.29802246877458,10253.42781106557,4.969842986334081
1861,21120.788126597123,37.912298686276415,0.9705645273330372,6022.478986521638,1.7857221931171408
1782,31227.15518673081,87.50882989170816,28.2613619867452,9773.294361326563,-1.2154987874237042
1858,22102.574641588955,104.96964881867696,13.939418212019447,9072.816445633078,-4.4235028476477645
1930,29490.035732517,112.64631623734356,34.64932214236568,11340.269894166086,8.345566776827681
1288,43098.977349216766,96.61120521594314,27.27675733976715,12015.04318483918,6.951015280675714
1723,7187.223389968777,102.06962367679192,20.30135005118615,8008.687577215923,7.435090864590691
1892,12282.951240135006,66.06543607439946,37.19621354746811,7617.783931810674,1.597595963970832
1271,40160.71394300165,99.10658717121775,36.05995124228816,11536.42828349108,6.298830879301413
1929,11480.3923607289,36.42046909775426,-2.6449701821489464,6216.686042033607,3.718378958199935
1065,45292.13439861954,47.817451453105726,3.666462103272675,7951.938358772851,0.6216294462023955
1482,27086.48622687437,38.02956165822532,25.42209632070604,7296.542457997966,7.641131321832701
1935,4185.030051296292,56.08648025375105,36.4827741927738,6913.008828932035,9.981363220666276
1247,1130.9473455814837,34.269553948636364,14.36485011408142,5491.825012065524,8.489234609115398
1155,38168.93874292338,115.3933730705336,-3.276263958781639,14346.044718098496,6.642879575294586
1046,42831.90651886995,37.54135536068018,23.94837669910168,8484.5919085205,6.212619582885653
1934,12069.24347349688,11.76534457331278,3.76091487585146,6497.908379114662,4.753732645252823
1453,12114.917217269794,63.218059926049605,19.854477999250776,6261.674785122369,7.804262452593656
1200,47709.69500145229,6.851889413421164,12.310746638104895,7823.264000703546,2.3962187173699903
1659,32843.73811969814,13.265179957029662,20.1112167595914,6478.728377779984,-2.274057347030105
1123,8463.94420634456,26.32672670354956,36.95963437585299,6738.4359166759,6.520745864038098
1000,22484.488372900632,55.722029985857006,16.86102656993374,8936.881366250836,8.79259561263828
1967,45530.76217109303,51.99011187708335,-3.446202930254457,10104.556326193466,0.1202843789574927
1758,31096.5923473523,95.96302344033494,21.14130938257497,9379.933846662514,6.744749469357034
1854,20432.733027969403,88.73695846609361,9.658548857889308,8931.303132539528,-0.8941594537637885
1639,7636.57165133258,51.15819527888416,30.01606979781124,5680.54575183601,9.13900410038023
1190,36327.49203234384,40.04450490907559,16.146781163260396,7961.671764580559,5.251914880206799
1578,13890.508167975806,37.97625408737983,28.361683202423897,8277.34884193174,3.539139807735957
1515,28338.94428450177,92.87941047528108,35.89694479067412,9874.8079006585,6.698052368553624
1441,30046.99598985504,6.248688746552369,11.302329607260294,4445.767662102631,7.1984675583631255
1920,27816.929147945,1.538597941272699,39.52200605758616,6881.265120023253,8.385548473380206
1814,12399.990299681704,95.46532703119776,1.741578967290332,10220.465700777107,8.516792992711459
1805,35442.90225154482,57.25756511868592,23.97692568519349,9591.223015069165,-4.209637616696802
1142,28345.89528305591,15.705736626429116,-3.4354578590939826,6420.055376108271,-3.1563858798080684
1190,20243.77820752274,28.267912151340152,4.587549963301116,7657.926687043452,7.3909131728081245
1532,2701.329543269988,111.9004743716859,23.52003661554588,9345.324208856777,9.190774800702671
1226,16630.063412829357,103.14035707498776,-2.921371719750649,9884.004951202269,-0.3849222781408921
1312,17687.130643337056,85.1742060268767,-0.4195811620238601,8442.64987488284,-4.8709727235092695
1628,39579.05192518004,57.86702764047919,8.095476771184629,10429.267570888866,-0.1594221644720308
1948,25721.00866381591,62.43883514296628,20.903671119201288,7749.116427399778,0.7429620395885745
1301,46612.731348770605,117.02934423407504,-4.28078500739829,14168.6765851864,6.415500470851034
1653,37561.42057879643,115.89245326611446,16.705941591001547,12667.3468449984,-4.286230015432412
1995,26946.43197079848,25.83228549430012,23.15846869352972,6438.296442655244,-1.8103964586100965
1459,8527.401696818182,97.33254795663818,13.113525497454829,10471.110791566987,8.409528792919595
1400,11129.556761696043,23.669119940042016,-1.956208663449157,3422.569070364428,-2.6776938582284893
1550,8087.96043615302,25.624497346074165,22.48935858383896,6162.450634893677,6.3887147795251416
1392,22198.251617264115,81.13116409974921,22.262592861151035,10135.060634057549,0.4196562336861378
1866,36153.99173150449,48.60013183050581,17.771905976552635,8764.79442937643,4.939903223820792
1763,37990.30877864569,111.78532885278244,26.191546401799297,13055.329358596293,-3.892302450455121
1844,4897.946375522823,10.68116818752106,4.351077991897794,5247.990722235766,-0.7016308237093494
1206,24845.950709205328,61.38307689713916,25.534333405775097,8597.480741185955,1.3718460624507998
1209,24123.886362907902,110.22258365317457,2.265463284261367,10184.715111652147,7.8581893911668335
1114,22000.443950576933,108.49363925754062,12.671213396565411,9992.332924325632,3.452437864691765
1736,15130.678278033747,18.783505609888948,-1.9595009174630853,6424.027668184676,-4.321620603834663
1645,23842.822289345582,43.99652401157478,31.8607299436093,7577.6419880259455,7.027998599891891
1250,25878.675751656123,74.29456800560355,19.220503945672338,9132.693157020456,-4.182177665727761
1218,30024.83870708283,19.12738617256826,38.697214106365976,9035.761998069593,9.01549845987851
1406,18930.521847231663,116.16266064548864,37.40469704846865,10626.502590163716,-1.8242383093941568
1442,47260.52170721862,109.76991944731924,39.93525113043333,11733.363262956704,2.318892169855821
1602,17008.04916681106,20.034021484136304,-0.4430223372992126,4570.70867615223,-3.915785468505364
1353,44763.04091448125,14.538655351318251,22.29611703414979,6759.756239674953,3.4256857944664976
1887,40082.5505895733,10.249017936991835,13.340884523537223,6426.990251244687,2.4584305109272258
1557,23317.008278148944,109.13323968439572,18.96990643316308,11967.825898741048,1.153728023220144
1549,24865.98774550285,23.234857175455296,8.89453147014932,5681.173479141263,-4.466406244489404
1141,43506.09329438288,49.95419142532257,-2.8369022873706555,8832.86013254146,8.184045679772545
1611,24686.97785821924,53.86216387824036,26.84876213231476,9163.918794883166,7.0395489821929385
1500,34001.040732437345,71.88132530562811,38.46176832249266,10997.526374479829,4.495450304934861
1839,40484.21411917416,8.608241249690995,18.957182173798223,8349.971434373658,3.583449739508957
1701,45403.27269115699,27.211034088061915,9.831097770785286,7919.698207138528,5.424196470547468
1546,10986.391738481794,111.77884643027112,37.22252119293879,10666.67137136963,-2.840149761284492
1658,48770.751954102016,109.00921287222836,11.40999382636852,13241.708454966734,8.98966369474726
1541,48270.145134718805,93.75487768868308,36.15381367331722,11069.662535387964,-0.7299006274303856
1845,14938.012931873644,2.328149474185852,33.50608846712818,4411.600345530176,4.8473540866450335
1506,30725.03312081904,39.24081221953225,18.79199525869337,5982.074446943377,4.10133521712857
1595,2441.20575267945,75.35504824114894,25.459270000080576,7037.495541768161,4.549209695734129
1880,8474.584271330428,33.022825412817085,26.51428496270248,6772.834924111282,8.184281846231684
1280,29232.47714029813,109.15040340645328,23.84912672622659,10692.52354526672,-0.5613319002407033
1423,32540.30140683615,76.06673541989302,2.233747973738139,9953.750807678616,6.23422282378986
1855,26776.6887164584,8.628806077973472,26.17492952680692,6147.568727360434,3.975865959087537
1269,35265.63566924136,109.08067066028435,-4.85518621497423,12505.100607154089,-3.8590950356803977
1153,39665.24917890156,114.9319989811467,26.951656827066834,11848.03661048597,1.2123202132296278
1613,8506.045505640475,9.32549020700706,19.96762605813404,4831.818143636804,7.569273598986166
1726,33014.90055299807,63.88322818335779,6.68921899642773,9625.059587536243,-0.2697891660412113
1661,28173.65201377446,36.40371386570045,31.169395513473177,8028.775527014124,2.2339582496931394
1943,5967.553521688458,47.14068917776829,13.23755224944344,6767.169147039551,2.3295785223048986
1082,11507.364039929487,21.558146154641022,16.85997330772596,6071.918702211096,4.270148002087938
1621,21041.484018215087,69.3686522414895,-3.75464503097894,9747.100389729909,8.26026789685275
1946,43201.545946127866,114.95752238986688,13.059385859493672,12540.015773839095,-2.396912018222653
1898,10929.586467812453,60.36871203259309,2.5313256617421898,7203.622955398277,2.569253239601884
1425,9227.892240860205,9.94974976733774,7.426449032563463,3306.609265653908,1.3640088893141815
1274,36075.49121903997,74.40016001728901,6.34627744090327,9769.636984645456,-0.5611986484910538
1712,48792.06784738351,40.82675933415084,-2.9290642819657817,9834.96955969653,8.794122654306584
1283,22421.70500792096,102.71102275095572,15.722254536142806,10340.75604791482,-4.877433613884291
1979,17571.866959224466,52.16137779797643,18.516658590845,7513.167528438676,-3.1684281105443435
1172,12771.635407046817,23.140753073069472,20.697818290659253,5103.155073782941,6.000166748741643
1326,2582.069096599063,22.932674722937392,15.799889672155969,5574.058613612938,-1.0483759296962978
1717,9002.864664434948,92.25170168653923,34.12871023076831,9220.273776406064,5.847688916383651
1062,4761.411804301533,31.870511796883186,-3.304411470111079,6437.0895837153175,7.483804160733442
1072,24755.66757902008,92.06800729910675,22.621387260696714,9008.824568707125,-1.1807597474820477
1762,48912.05659500852,24.706477291991927,33.97592558381274,6236.969272931932,-2.120835682054637
1635,39391.38096612151,38.60236424415713,-3.153189158943779,8740.02585137551,-2.8204905097826334
1374,30124.33517162761,55.85843669276392,17.33381497409077,7936.754429069882,-1.9986708367633064
1632,24383.2496602911,113.18350196321408,21.50622367968542,10151.183208146998,-0.992219163242126
1507,30897.381352492223,111.80777097045896,3.590758730950508,11504.895724293932,8.031247248107631
1786,18863.72948952401,24.82462505067453,6.362504897435469,5557.6379959188325,6.550066198786487
1942,9001.426152881244,42.986284949168734,30.351700189450845,5783.849137082846,-4.972335246226376
1397,29529.70531458896,17.92792661445268,20.53290017692841,8528.4486400717,8.111787131471468
1119,26452.354121182925,61.19820951761965,9.210041375892834,8830.214019196845,-3.817815504470335
1933,47232.38072215044,55.26990608335999,29.41398500247716,9321.20364108456,4.828984263203092
1436,32526.65906849642,108.0912194940879,28.602200839191056,11202.156078252036,-2.7278784767476045
1828,38694.182392328,111.60064533492871,10.543080338877507,12653.5289796778,-4.065862842335656
1675,4725.815622685032,46.028086920875054,16.989143370217334,6470.150616395456,6.396560462817666
1935,38070.75632986558,59.00855316227873,24.903352009191867,8953.970271191976,2.0080467078376447
1464,49144.1569730598,107.54834989753596,10.446214804690715,11799.230196187447,3.985937699667387
1285,32909.02850600498,96.80493692940738,23.305423495052967,11139.288253244404,1.3802952819618834
1264,37129.976815396025,0.4387573613579132,6.298317882929784,8234.378465199361,-3.992422062382368
1319,48978.11019159029,38.4071477020299,8.140937236971654,8623.030780523613,6.094272494304619
1672,19624.608680745983,50.61290903233511,8.980268951849975,6971.892289779297,7.305266817532399
1375,41226.50782278922,27.565954041987805,37.12246466869812,8743.151707095352,-4.378691853669496
1819,20044.65715868738,23.94859390751265,32.51524639484423,6198.491997544954,0.6357579547590904
1088,21353.33897166851,4.53414079148156,20.43246890151256,4831.655309258063,3.3597480560524
1653,32946.270058038266,77.20436700837126,20.374249423519263,10289.036016778857,4.07775134150376
1202,12895.315993619915,31.50123485797988,-2.4734065075185936,6482.868001971136,3.672294117119481
1820,49639.81279435317,6.281661411757571,24.22786284717301,7427.307846935213,5.394109808531942
1738,16528.655184845677,27.71751726336764,9.765393579771183,5767.546775323144,9.502243036292844
1954,6230.21307834585,96.22967434033518,22.553471295853583,8466.389782501032,0.8587978169306663
1333,16195.447444745674,102.1787017975856,32.810518649705635,9049.259433989855,3.3493535043338394
1221,42812.7148914226,57.96794942319632,-2.952576236300683,11605.22661470052,5.486179441959985
1040,15765.009081496912,49.92848044904234,22.31785765349189,7616.6231692903875,3.8863573311670745
1707,30606.64518416501,117.3424432202138,20.38902765550433,11841.747804261038,0.8012654501377252
1067,46772.478520116834,24.06775915056839,4.30449498532451,6853.035572479647,4.361189319247396
1987,13072.306216691588,25.843113942553018,24.08948270341056,7370.715391553206,4.75167295660242
1775,6655.129870981807,35.02406124436797,19.96758552753809,7740.780119998128,3.774527129895052
1513,4932.727668169633,20.73087819373048,29.529405581004312,4880.520656274914,-1.9233400887144376
1872,22074.37320113769,45.52387178450239,-0.0221644332792747,8553.57810748639,2.5897203722864788
1636,5303.906460884746,109.30010723877044,14.962330916680926,8885.39295791482,8.265352146410509
1621,22745.039532766583,73.84174087542891,39.90698201956778,8795.7876970808,8.029028170483652
1597,43149.57526361596,49.43358583347164,26.01763816920117,9746.31989857224,6.261818874940166
1936,38896.44301912773,112.12929534854578,25.793420018641985,12563.55338616913,5.457932716558375
1631,29126.872586696187,5.815707897098679,9.304199515855435,6512.414302135946,-2.700812933593237
1126,42536.08305530364,25.233141348223363,-0.775035310046766,6408.665228122359,1.8919699675667383
1254,5103.475391802219,67.90663261221108,37.72724688562093,6032.376648232915,-3.3357303537875884
1694,30509.94302873421,73.8663147831815,-0.2537868664132787,9942.17703164162,7.2592667445402945
1015,5870.504409205218,4.746900787513577,39.67178397719491,4531.70307300214,-0.6343519034037328
1476,24158.75662230388,48.36465094885586,0.660143758987104,8448.68824814237,6.502987963736407
1061,23226.77263091153,77.89847577970473,2.690830683666752,8868.026895879919,7.21868337263354
1880,13331.252710068577,83.76846556840819,8.876512977251444,9229.02450860152,8.387441461173111
1431,41509.74641212935,76.57678830195232,18.05688370702922,10021.532140687525,6.307451177316452
1669,11488.560530217956,38.46758692331095,30.56807434498446,7398.552915477382,3.47093500761072
1267,27639.52288730756,11.22241483174914,38.69537358706774,6815.292425086646,3.972773720900444
1034,24164.84111707065,51.25349357032009,11.147119643084462,9094.992134368198,-0.1912658476607118
1778,21639.44534199274,15.450532484166658,-4.081410804867833,5729.362714428826,-2.34505712914332
1575,1773.7531940789008,113.71483902248004,22.750578534811147,8817.30578387867,-3.040456927643298
1493,34867.01957909424,57.02050392271539,26.98554375619464,10093.37844193214,-2.2696471832484284
1561,732.998632053997,38.07110092282411,12.884989699104995,6830.286959230722,9.009278311042712
1468,41045.30548702291,91.956488534268,3.2564222039390494,11931.634289207212,-2.5335011869897435
1766,13393.089880888718,59.75383110987166,8.770701763211678,6989.811850603956,5.856061673928249
1660,6088.271034298695,37.20408288149401,24.51098691939608,6346.342570174065,-2.23057185027913
1324,20910.329699938706,97.4361290868962,17.238229139558573,9899.69811996594,9.629346553236603
1303,28012.09143067787,104.05825812013464,28.45408128935143,11808.792605420973,0.4987680321354624
1275,15587.096663721117,80.76097995464124,4.817661003549141,8862.308910109035,1.1820464354360478
1868,6177.060169981321,5.635730688920075,32.889352823667224,5088.705860083607,1.0676736817323071
1962,1014.5309701239192,67.95874561998386,2.0148213188525954,8357.348987060755,7.246887760903128
1683,35220.28082123394,91.5953894396738,9.846194301059985,9214.244775366267,-1.725642128868357
1928,44333.14610375563,16.38036145002986,21.60434334348496,7255.057785705135,7.46537103858444
1200,5116.000628519924,27.4404901661524,28.15884362436113,4764.65737851361,4.855882816631217
1444,11608.62495308548,105.89941260817638,6.978166204181017,8813.999699171616,-1.695797483046126
1904,1109.435101370759,2.4146066223688845,37.66538809668285,4045.366157336354,-4.01888681238634
1323,44264.8051339596,90.32725653911712,26.77500774386163,10609.514500994275,6.62488812158438
1034,22292.45360704496,56.85279510173075,4.79537642915105,8981.126510351496,-1.7155543127571988
1976,46267.24090039273,53.612659060752826,27.65944910328566,9629.1733534525,8.336002445842448
1481,23458.15658372078,0.8515838993864611,26.33501626230511,4332.825215672928,-3.053220839528913
1727,43122.93700734252,98.32778771597911,28.87078323152016,11010.156479965864,4.245468472112533
1479,47592.64576975362,43.17898807638797,36.21463261268961,9072.344822473757,5.382525905822668
1064,16824.06848879041,64.89187575606515,27.027273342063964,9177.368905254438,4.865536218358287
1007,32071.48165369953,81.27608236027913,10.83596317978482,10043.662427296496,-0.2595527825561836
1300,33354.358151836444,84.3155491725499,30.57328649860171,10076.902442817389,8.132852848307023
1342,1168.2958862368364,114.71760705912868,26.31377910110317,9692.834785853009,6.547079751231207
1430,21967.63532333413,63.76079438839309,20.841663363636,8195.257525298044,2.653095124319212
1423,42780.85920960108,47.966346116931305,10.922480199860162,9373.502531594657,4.049395419076731
1331,47319.63459734497,114.44443517900496,36.44721293837257,11737.405631655913,3.495568404210605
1437,44971.12159890435,77.05322820306253,18.07396342386001,10448.096953645849,9.200478660181378
1587,48647.606860569176,35.778042753186675,23.26465196667557,9490.626409612503,8.44619855168934
1173,32686.78893640757,15.175709448428538,13.691338961227352,5511.773625737838,-1.4675407226589492
1558,11716.689315367756,101.10654017582176,30.136688896665376,9197.51152801757,-1.0586033342743235
1526,28811.570339497885,43.461792335298185,10.346777787419756,9287.481546672068,9.721571081986486
1872,21115.08343518812,79.25636656373175,31.4785476179028,8140.705689834112,-1.4515894707069692
1658,13006.7635165607,56.49797032390778,-0.142635709778867,6371.296571542805,9.302189867238928
1025,38662.02862305079,23.8715735754046,26.90328523560649,9004.940899440631,4.746305576451176
1819,31497.01662283361,72.20239303445581,16.45969671539831,7323.762321415978,-4.248358414383986
1604,39526.20000021843,7.281968274081878,26.443910331485863,6364.512341817337,0.035907991912504
1405,13547.584324054624,49.60109518454307,18.91280393710006,6043.948759824051,2.142311078693374
1231,45203.83882635439,65.59379275964052,1.0437847466620882,11064.182733428934,7.496393371756776
1532,12011.81562196667,52.32563689422949,16.46461941476914,6656.522769981537,-0.0712188008697261
1818,30135.92844760332,89.8406610301189,38.40515367991098,10176.950902570905,-0.341325318131803
1549,2939.043703646768,99.35099454543747,28.96782705565548,9375.06084392126,8.80394888542996
1787,27094.11699387117,92.54916888398137,8.508517690965121,10447.89476489205,-3.8144848189823977
1504,5026.298149944812,4.657553737416253,37.48513665580805,4484.822369880225,3.272818220724931
1668,16677.523259492573,23.295452453516667,30.052582473509844,5430.235769243381,2.5635890477215497
1178,43048.39400900941,64.39290111165292,11.40012044851714,9740.904609246663,-4.139978596662345
1131,44687.0130255136,112.17864485325616,22.16082845992833,9588.491878035196,-3.683611692210341
1822,38388.196672620856,100.19481300625402,14.20085218163753,9737.052686531417,0.7295114946700689
1454,18448.41921602773,101.1041410022162,-0.648932274861636,8757.796879725778,-2.987581709828285
1347,28978.26846796416,36.38498325116099,31.27132328628208,8270.337316798432,2.1710785667178376
1539,11276.550423337969,51.53374764944431,3.598515630738474,7087.9157929177645,4.13333328110769
1771,33949.6248376989,56.48471367791249,15.611723327157026,9542.887429462213,5.370950267544652
1405,17435.410618218528,18.88459000198925,26.618715439986016,6496.005679058805,3.197050988811468
1075,11127.830235877624,3.728175629334758,36.94961599720899,2980.1048512478887,0.6949002383996863
1940,29290.020859203483,113.62834793526204,-2.1773259298821794,11950.239908582642,-3.0536206009304667
1578,5678.929349241049,28.885510279620807,12.69551005528169,4331.737983934406,-1.2877187778938373
1853,34366.27913278093,28.79386844683576,22.65914761988599,7498.212824363625,1.291325155237803
1491,9431.5707039414,10.005486452251144,30.06891874533754,4879.204297704268,8.861717251034507
1193,27717.422513061178,111.42093023325344,36.44190292452256,11015.281541011296,-1.9609912820840745
1983,19686.17344901343,69.56845379277264,-4.97762082260946,9443.441967127956,1.2001634639898304
1161,28355.611067419257,80.04442285504247,23.249352221444987,10800.329632372244,5.984632860610812
1346,12373.497301711526,109.3892264715663,-4.687838366240153,9726.000068480947,5.5780502800284175
1950,15588.427007806313,41.47442026809474,30.426487939335857,6269.820974157213,9.483888917109146
1360,7102.022605905167,74.5808773365701,1.7349968656467103,7799.182566389682,-2.1364805498048844
1768,38870.58570948505,4.655934567466495,35.25792877050366,6375.650708835989,-4.752205826000572
1583,3598.5900340403296,22.41270338773552,1.9805906085717424,3123.0225816362586,-0.1651510851919582
1086,18884.082176058,99.7494966107931,29.394804186066104,8883.795870334168,-2.7546108127592595
1933,22509.929802231785,92.01220276060027,8.018676751627824,10166.065907127748,3.2270357857525926
1261,9840.789969518644,42.07712297485762,20.07642468236143,6766.177155194348,8.481685828753504
1213,19302.59861511352,45.2172753329055,22.37954057970845,6931.980262523332,5.323402494588143
1664,20962.602232471985,64.02653202642954,4.304229189121152,7851.287591315462,-2.9630171547481265
1721,11294.086510184216,0.0289205622161459,8.441359758672462,6369.341720404034,-3.2586496340676883
1912,31998.86152952396,28.949320324563345,-0.1621497903263824,7353.135090347274,8.671747199131408
1572,1639.6148645818218,24.98781703298573,-4.761994758031306,5817.7406154150885,2.3141432483860056
1779,9958.476725576576,30.057953609971616,5.776061733222841,5586.845637740408,8.85509487983946
1261,31241.34107593284,96.70870110401296,18.22010601275667,11389.193492612614,6.043265733145246
1729,31413.6193034096,33.56086278557318,27.11187667412416,7003.441966072922,9.900226909531014
1282,13336.60368600188,22.98255864601778,30.71018312913693,7646.35826815488,8.0684161399146
1647,34184.15702629736,60.511615295163786,-1.8605317668511057,8879.857031476306,1.213182883927077
1466,23542.461873831733,103.87740436472784,7.258579894700112,9398.274651167469,6.373417413273858
1379,26409.60845640706,28.961964460499985,29.6600790433749,7778.528691839261,2.068422509799176
1361,16697.25712741462,9.424349135135843,16.639099371305903,6121.132558929649,-1.5039156035132812
1448,49215.18884225695,42.76856830195976,3.198414429694827,8408.577048621182,-1.3845611186546076
1440,36895.62262644306,89.71821894779734,12.649630355342104,10982.647686433182,0.9598321669272032
1092,12496.651985917451,66.08286536337535,7.151538590498017,7582.723006942127,-3.3280066098173693
1620,11904.507651551576,98.0152043489217,-2.7205922635600617,9690.251464720184,-2.333505726670342
1752,38731.257325170576,115.15105771310807,29.36322155191308,12020.093646506644,2.5091302558014856
1866,19461.74493441817,95.11949721019404,8.126214741407141,10727.21591430051,9.30883716042709
1423,4666.446566345581,72.4563694612504,37.53090975698768,6050.5239328038015,3.665295130258377
1141,1876.435657930192,59.20099056628566,34.96562682007084,7259.241870690974,1.1274512378203356
1290,20756.40523063245,4.808290361792,27.23248661051685,6396.916373626978,-1.359495201960474
1431,20793.93144372751,118.11863745768495,9.6985474251839,10322.71687090249,-2.0614804294033906
1748,35372.14943591874,46.017734709005104,7.596559870647258,8556.392144332647,4.876105440683434
1851,28781.105595209705,18.267385670024016,16.38721660712806,6392.543620716824,7.724879761324882
1823,38528.99470992208,80.0050626475748,10.957112514743836,11034.678601332736,0.9828388965874532
1688,15955.836748455113,34.11459469145512,35.55212458114569,6357.469688324076,3.259885695599241
1652,31250.14847726689,70.29339251172571,0.5572812676555552,7984.255316571588,5.600901418735585
1700,44296.56910140445,70.41214894135095,27.60104090267692,10275.662395800027,-4.125566374166363
1997,3557.4239825483287,53.4875785083443,22.4903557446636,6679.795171312722,0.2634557115427514
1048,35451.72151233862,100.33423386540512,31.28355361013655,10649.09593229667,5.946293346431634
1301,35822.562260653365,31.796047386653164,19.4119297037593,8442.92516681419,5.269285397789078
1880,39722.11148067504,53.8359109941281,23.329330492696457,8605.052790889858,-4.199784133758629
1189,13525.461257173043,64.52305543091657,38.3233284384914,6433.30172624303,-1.4327225243989257
1135,20884.39227828213,79.63496649207596,-0.8617301285377268,9167.637878324522,5.199358216675019
1554,12061.446432754168,94.07662206067074,-0.2810453532321499,8417.083151764109,-0.928759364661432
1403,15498.236317122584,47.37687394539073,12.712345812755387,7458.553219430648,7.216154409060815
1891,48428.57377494526,77.52563329159152,16.27297570304468,11956.18153721265,-4.5574271120126095
1864,22338.13498098821,18.07331436822229,3.994241892819818,5849.738220909929,-2.1447945605983243
1601,42442.76712229155,111.91777206509744,-1.2799491357709014,13319.829552593434,-0.7803052992416273
1806,39764.50471377613,45.96705677052042,-4.002068454612815,9843.183301637346,8.879347522151324
1340,22281.848905846084,87.54257063717262,29.40665127006274,8945.144991005318,6.9447843455599845
1756,49609.738628536485,2.4409298258613177,16.827582714872133,7075.525006630841,8.262176297939765
1944,42054.94789549787,24.62245714857684,32.95315434249261,7897.911049955389,1.6071872076593117
1703,24186.483488690257,58.44990531882936,11.23767557673569,8762.759969056233,7.3384313691462975
1317,15554.313487583242,105.39029612788158,26.65507585125887,9890.410319345689,7.802403577701229
1617,3857.198111389169,63.270617994081256,16.98342350634222,6287.841175522555,0.9993523581249946
1362,23293.51526220375,111.58445787526549,22.543149937593565,10981.915296312758,9.91692771616379
1821,18064.49418109868,58.05562758993556,11.658857850450191,8119.287512608297,7.768579438238039
1381,35597.70647375237,58.853891608314,-1.3473603298696664,9208.786091928505,9.61145453117183
1232,1081.9503772460214,14.369614620063826,37.6318111995164,3991.440757132677,7.997456629677483
1776,41589.23861444715,96.31874929826638,32.62404338133764,11939.473281692362,6.64305460383412
1343,20889.74407579185,29.6358494960475,9.035129791973828,6142.457806319401,9.157658101968186
1548,23539.655843462013,107.9534987246778,38.14163209947748,11193.819019416176,1.297288668768851
1816,9221.229877638109,109.29890643964754,8.52199291368022,10815.986725135845,6.750001502452939
1552,46880.35687855783,113.19721342489795,14.934550909759164,14274.404147031391,-1.8066319112583569
1528,19979.521209459228,62.4276586923708,28.98110473099947,8153.40097142437,5.991907820816154
1855,42151.96740371584,81.25125417403733,8.905191174957118,10142.598656527569,6.780299245785892
1788,11948.927520679938,93.42190560739962,9.60285903860789,10341.503193668425,5.747866148253847
1818,4923.18412489315,15.721754238055873,13.453697144770016,5469.54907959295,7.747195980357425
1570,31824.47239697628,72.11486339969967,16.07752118211988,9526.470424749756,1.2000317027440852
1934,49222.38284598153,4.115748156397401,0.5627308816042458,7872.723790188472,3.171521981132372
1182,32382.38432086288,59.7079300066471,-4.212875389127319,7628.941769918008,-4.839988839570935
1040,30474.78485457888,18.58112179442729,36.36207367847744,6222.519059515172,-2.80920255490964
1550,22167.31282943082,21.950751115450164,10.89348844103469,5261.192667404526,4.662908884417325
1396,14261.68461435158,43.80570800311218,-0.4240129301808188,7883.441739672626,3.4347579946756746
1703,21598.579553796983,51.89246000598036,29.16271309630197,9206.863828780515,-2.04001229687894
1778,7532.951566152641,74.78069094386247,8.277730194905086,8432.662617913767,-1.3480280875957766
1493,13169.14759129398,8.93141021262188,3.1748833390651168,6266.178023660521,0.1612330288518713
1658,24420.532471929542,60.44301134849336,38.31749647872999,8222.219682389725,5.746220694152639
1906,7325.298428325045,21.91501563037213,36.42443011543493,4964.6122034318605,4.145749039949514
1332,39597.43778973796,68.87702100380903,-0.2414363928354408,10850.511003074536,-3.956431037370653
1126,676.9098730941298,76.48855347134202,35.46783444196996,7036.166511138458,6.399087235185409
1557,16147.511891896687,66.80511078634247,35.08903867014738,6579.381641270625,-1.0601065546695572
1556,25880.90787515414,88.59546125739692,23.54685488133143,9617.642238915012,5.076395176066303
1000,46454.4954100054,40.27310930890816,18.838210040058165,10422.547425112994,-3.1495573300767434
1167,28715.265247683303,91.8127909959757,4.784733301058878,11097.18799646583,9.96881915078752
1619,14815.70840314298,51.93204980498324,0.4622923932641019,8357.411971876083,-3.794972439684288
1018,17674.31529857136,58.10213979871162,22.286607293201406,8104.343325028056,6.126010426014927
1331,17024.031614623338,77.77225527132858,31.988076552530167,7792.900705118712,3.11995538879643
1583,9100.432040853162,2.203006079906875,25.988973454414943,2781.5843368080423,-3.710912130737926
1455,7327.948976368913,78.4793065704298,3.136019065031018,8505.95220448175,-4.597843136738668
1956,24083.70781252116,74.23021788865384,8.05083881132695,8021.961289729621,0.4399857627501795
1108,13586.025952722544,37.18165401039359,19.588791423528374,5706.756868064806,7.03335898010716
1267,4682.959123428928,10.295314187938738,23.124663289455803,3163.9524176354707,-4.382731395779112
1444,10902.284975410645,10.912253989564938,-1.748632437168998,7052.912790309375,5.565979949920813
1239,26084.231072471768,110.78684963822742,22.63232372101056,11046.81364154717,4.83064414396358
1928,12918.972094709585,82.71351854710045,28.134372768863024,8972.067937364467,-1.0169348484084924
1300,11963.334902798391,15.252313652488848,3.1611031873521647,5314.663630425519,-3.8376194639766457
1601,31070.75913838853,42.80678031706877,6.079842177387812,7392.318073815299,8.72982940831093
1102,34501.87662834025,71.09795926819157,6.650346558042141,7977.719069954725,-0.4947529589491406
1987,12138.169847261555,100.26860461087784,37.29146136591346,8365.657114656013,-3.329251523198584
1249,23659.850229213152,5.239311445561024,13.315725435459523,6620.790237632382,5.222756175413741
1452,38251.88097573508,28.395975776401063,18.87571553730548,8590.687956052649,-1.74978156812558
1519,34526.22250434101,106.7698788354456,27.59414573726609,11465.987023649648,2.1344613334394484
1152,3557.6071741911937,1.099866022057978,11.71571185241362,2724.173943329636,-4.243916836459504
1858,18067.533116277893,24.167892335266487,-0.2500003875040253,5660.880347282642,9.894759233621574
1173,36191.45702483606,115.08290111675592,24.44448418234243,11599.01191435338,1.7143169016323858
1342,9053.930772098336,73.60822158266053,25.02729249581765,9615.52976213048,9.986649719643015
1669,9876.76640983716,31.40056399650077,6.724651675054632,6018.766992943135,0.7851231540109946
1430,31545.56821834296,8.038931327501713,-3.414699056717519,5543.018136816456,0.2177883391332908
1726,14259.1725836455,3.382960853666659,24.94089194104194,4422.535352361875,8.718584924006102
1688,16255.146318190657,29.369409556431272,26.65414986017,5806.693258487306,-0.0580121923326784
1686,26188.4994000488,105.77829835066926,-3.827079834225589,10878.541530137343,1.4800832097440608
1851,37553.97278834397,49.90963851570114,26.1932470805298,8860.896047777202,-3.828343449287637
1849,24964.61429229123,86.44000429991917,37.25178560797326,9422.802920325064,9.331935820532134
1657,44682.00135378369,110.19420424559492,3.045337735634716,12669.694497659311,-3.722731387236467
1961,5421.376854436516,48.964855392338,18.45956895708756,7417.937988520405,6.567774003029863
1323,37732.04648269305,22.95328452448765,26.35494046187656,8321.32115027031,3.079230907167654
1989,27227.545853866464,62.05415170283034,5.35357309523655,8601.526689810811,-4.078922839286979
1672,40852.65702806893,108.97004244718254,28.819700124814624,11090.731179105804,-4.974442579384157
1638,15888.52272271149,96.52492969652408,34.06397933371384,11631.10019522433,9.03330457790694
1419,24156.862203045843,7.899581203578454,31.65479323464247,5661.955665904944,6.132601063533159
1593,41197.52621721715,83.10873600930982,6.650451201745813,10346.706895689957,5.296543653091224
1484,41605.89102959279,68.62770269507445,31.189739837578934,10574.618604258823,1.5783479589883296
1658,18861.92445888258,108.89558116157106,13.600445998107263,11229.831611875044,-1.4207931993353382
1750,41127.58016181557,14.697770022035668,6.990854117001062,6876.6943300799285,5.197946120958608
1411,34151.681650771854,64.08433358455879,2.558716022871708,9959.954998864232,4.124516029256489
1935,20530.533218775567,105.53552322142708,35.904164912800915,9994.01771002343,5.895132922725047
1083,48488.30399593654,49.20285440900916,14.210389368248247,7888.059639862317,0.4868877775039308
1112,1641.6266227156564,57.83939012794405,33.9579034097263,6806.842462747738,9.803856407697854
1736,19194.878149850567,8.455281320034995,2.1795245018406835,6376.125569609611,-3.994870168572007
1331,15416.937000740672,33.3772368538693,29.514705976890347,7309.323791993119,-3.8044757444567896
1377,46794.44635865643,38.94079790027368,-0.0493993494549638,10532.950525074131,8.753137713709226
1754,5062.716481602996,113.41469384938644,-4.209577426402577,8929.755414261037,4.715596523785653
1654,31438.42005410565,33.92008326493909,39.77721884768858,7366.925888861709,-0.1049889772684338
1040,35859.73846510487,55.30424823235824,-1.6908200034354066,9749.515115023569,6.429291365509393
1934,9290.373619007813,80.55653082771357,15.769320342827555,9043.770803761348,1.7916008177955982
1769,7582.380954258693,19.462004688945285,34.52734223185589,5315.735889248581,-4.683177367884018
1958,2486.7835268370923,58.37308645702494,31.87207966295906,6570.874446483721,4.766555041299361
1796,8027.872503841605,88.62468473710891,16.202907083002366,9656.43069107042,-1.3533209436271565
1104,40429.93030947609,104.02262556324791,22.4881828003052,12036.597332942956,-3.269973250848983
1201,47203.4127060632,75.1511129594912,23.336776824826867,10646.20140124124,-1.6209022625089369
1449,45080.96983092295,80.28642183803375,-0.0578757645204941,11047.468831899832,2.142368216938728
1818,18328.709308798625,15.154016710148277,7.820684245284086,4687.626305316745,-4.2521535307513965
1842,36321.18792495309,113.49317966956166,8.544242253149346,11750.769524364136,8.247285801693215
1972,41369.47917462576,15.908889298137884,12.015766774060085,6126.684439184943,3.398770248540428
1265,40643.02587777832,92.9607524618158,7.326289081568778,11264.869699695972,-0.6050572982687639
1909,3227.978803659952,31.77795861339826,6.317430765759516,5228.291403234131,5.305072721330244
1209,10820.035637523388,112.0311772441502,10.965348072330956,8902.93695537494,7.063547454699119
1562,46953.35204194376,86.39514472433754,12.065192855643186,11446.949421190337,4.2088694197522045
1117,37021.31769027063,90.45764555740428,16.92508255413976,10650.318593827287,-1.9625797713421465
1712,41734.18499897837,26.287100767186,2.8090930966730294,8835.70486658165,-3.345673697803345
1376,25754.74999553849,53.1647971962193,30.47514985835364,8479.101612785369,7.8984954555008
1550,19713.49681868433,74.13758335071437,33.7300465166788,10473.930004244085,-1.4796887967238923
1539,32596.06028374015,92.39683418479213,6.167419757076178,9713.44680872341,-4.698763539837534
1770,23695.55051740141,12.475125109486749,0.5485327203061781,5631.727560525361,4.64353162231378
1083,18750.72942057573,115.4838379745434,27.50403915685504,9216.782695442898,-2.7067200520353065
1453,17458.990608023865,106.82648046654673,36.59103052253205,9886.81340986293,9.864547296468627
1666,7979.559014728493,32.44183085947012,-3.418324737216769,5073.544994975002,8.045962476091178
1628,26517.71814645845,98.73122916387985,-4.350380943455568,11659.985827866733,4.1266858900182655
1513,26040.343879159,62.19887076477881,3.254145762295145,8864.78468092046,7.507984639128152
1604,29579.400532174222,55.41677778744224,25.81566183885715,8847.601508100572,2.058035511530443
1677,5899.560397120707,37.73209269736865,38.41514535239013,5754.123568556268,6.827293666936528
1386,45754.65757403056,69.7162303957911,28.76714298216968,10497.313395721552,4.698003285957267
1911,37128.60054553719,87.58669412443173,20.786467016436767,9609.76802139767,-4.570330280455161
1349,6635.108595621253,49.31194859553099,26.52472267939965,6001.017873225391,9.231365013292637
1295,4059.262795014127,75.50630316099505,5.381424008148514,8356.305604336145,7.913793672950305
1257,32181.74155838289,83.91755053863645,25.984837662930424,9543.536067011011,9.301110858898328
1080,17140.985703579805,85.3346180418343,9.465022906538914,8311.356589810723,5.970489018412234
1936,16020.522827008032,6.23593177574163,5.008995977470525,5699.095263512761,1.1809138249243318
1267,42015.55395040127,103.16973668220804,5.645019933053575,11473.039758456487,-1.8952216507057669
1418,17322.64565428594,54.99039777180575,25.050448833526588,6200.427472609331,-2.3000547865119647
1234,31645.882899139982,31.48992980354573,29.525157499013133,5980.738554174715,-2.8262562741834256
1832,26900.0181249228,29.01174089756179,21.181094975134616,6649.81970074945,-1.6908553603772345
1310,13222.072391246538,57.96169354127406,-2.126513237334853,7812.406880423431,3.25954020021093
1812,16648.839554535905,106.4197847362751,-3.28957998325421,10190.163557212496,5.256175949317616
1974,47165.32520624497,45.40170980191763,4.772508253517682,9380.36545019314,-0.2891515847559764
1985,16635.506372676587,89.9670896140252,7.891091609079332,10123.193162745602,3.2312045426179523
1356,39221.77120584915,11.618247718466232,13.216895177853306,7426.11072624203,0.1187898918077525
1212,43077.64695603206,57.12680425812741,-1.578736518376851,9563.652790394588,5.447649605109939
1573,3644.795989254328,119.00233684712828,27.63214446740464,12096.666946345204,9.827293304803767
1048,33188.964460662995,92.45253633508044,27.01741714210712,10832.01022135448,5.335254525743252
1126,37488.10197865673,25.26341861287356,10.600491714593792,6014.691520247553,-4.1145413474352
1222,21757.68204092851,60.17297684374928,20.33511359657847,6963.29757566783,2.15852436750984
1920,28509.321310490886,28.034971637827987,-0.4587825033998118,7834.911394638668,6.555812389517962
1278,8174.112186226578,49.14731127150111,13.684838926004762,7604.556095456369,3.133624093803734
1407,15993.013310960769,93.61008284819576,33.59041408660251,9958.013995647245,9.265945445843473
1504,35412.58150052822,92.54697783484843,24.72801084047189,11514.564921732268,-4.178424811936832
1293,30168.30454005712,27.37204534828621,-0.322530094675364,6674.693317035283,-0.6326668505648296
1795,6905.648606926169,110.66679817858322,33.14101140478096,9922.731004836722,-1.6892283854031709
1276,49403.63003493538,71.10818193177921,25.631330323857224,11562.03275702481,6.514333026453832
1437,46895.67725762728,45.59091491544174,15.387533233866565,7828.743880098486,2.8568960272601016
1106,11283.452484307509,60.23226969370328,26.144096755591622,7638.401928500619,-2.924836829704913
1657,43768.51610813056,72.60855041252924,2.776911494364369,12605.732020227664,-0.7161010480785803
1419,13431.748206576964,67.18686382149426,19.771891162264687,8499.651962832053,2.839889844945623
1610,28230.582605723062,58.368604264341386,22.806715160448743,8644.727124809124,9.941934718804738
1428,39124.34507017672,60.59193649072802,36.74851703244013,10952.527028859931,0.464385361230577
1374,17269.602030864713,21.16942925134634,-1.989873013926144,4606.085042551921,-2.64760853990457
1072,27801.85493356524,97.52794851656152,11.865222141738196,11247.589772901423,2.4559978868748704
1948,22572.64504606536,65.01123839292184,37.15666194689201,8098.816932529033,-0.347204341504014
1997,38033.91096641579,15.729583404564371,4.774947480786697,9162.126170990565,3.489502357428222
1633,23985.917698410107,91.93885218993336,31.594014774519856,9025.899021734209,2.000654541778389
1029,28388.86877264417,111.8932774052821,-4.92775092682269,10793.233280559789,5.342348825687841
1187,42293.32912702071,113.67682790843546,-3.835216856863149,11206.05637327456,8.714360633012744
1363,34962.41232804093,44.28212788934073,9.743029836390274,7485.39657088666,-1.9922847384687348
1865,26422.41344222553,16.262024827290485,29.582666987362263,4742.074463148692,7.317701055525973
1799,23118.45063662765,62.20795519596782,-0.313543884420091,9851.351216065255,9.23898573322803
1450,6425.606034888236,13.513107521906482,12.228413963265307,5844.116067409288,0.6041452227694322
1194,2912.687503467991,112.07849022151407,0.916067592827293,9520.82250032062,-3.2950594910495177
1155,47643.49378552406,22.02955528261752,5.061710624863368,8421.306099882879,7.328667561743376
1171,9407.675471072243,30.331903194139688,17.6347386457869,5226.482398011688,5.516437141573583
1846,13915.898203113167,48.79638322619645,9.36124338816453,6906.144110734525,-1.809316927489224
1040,30586.33198366289,45.979736227095096,4.536069069103718,8222.065966599543,1.6783538977382513
1062,41413.493339045526,95.35954708774668,12.707364148911733,10554.099958274812,3.6698830973483134
1022,41673.78417884493,54.75801846611548,26.5474733923134,7747.846926909517,-2.452188700228637
1359,41499.4061384552,20.492191200400427,0.3738147970444778,7298.426434466374,5.723692399443397
1074,48906.5915791194,32.06518745832889,16.581750041234102,9414.566281179716,5.348241120915349
1559,2879.582032641561,61.09360622250264,7.362386887627281,9476.969196838374,8.306899187674428
1671,20052.42509197632,17.69447009113619,12.037939309298046,3819.522675142215,3.509094466422926
1824,45688.02852053223,73.39868107752169,31.969983050868684,11689.643670307509,3.614695460434554
1117,23420.15709825449,67.88967678613751,36.83784908669928,9312.61755569491,4.290810339539522
1611,43577.70150882117,85.76427796587092,5.934005730443188,10834.795327716349,-0.8932510792714012
1379,981.0568884527662,112.52455384552412,23.34869305732705,8873.455255014589,6.379087769170043
1928,25267.95415158568,109.47054733213868,25.450477594022765,11774.658931591304,4.937488918939467
1919,46130.36557428753,113.52907416825975,32.91186995420947,12668.880173608297,7.587184381913662
1678,13138.016000184738,29.365871642844112,35.45691108255385,6800.812953846999,6.528790074589059
1289,46489.94966109419,15.787836796722557,16.05963088903117,6982.981866396819,4.578583457560937
1439,523.0166317366115,36.27320405957382,39.21590403618251,5480.838434870989,-2.586617736356016
1667,4038.4841389736607,107.41022073195776,38.68730381186784,9480.86328284646,8.78720984813245
1932,23893.54866355252,116.6464169548186,17.7910586877311,10699.54235182055,0.5081827207472251
1006,5408.342461473545,103.11899412845712,19.39144542910979,9829.765648018005,9.464478527751435
1195,11357.306045904488,13.202126535305233,25.048742779790448,4859.110030188402,1.0280620300082068
1420,14946.498566788265,113.6913597671752,11.821726489890713,10869.729338259063,-2.810925609752437
1567,24126.65086722368,50.80296328209432,24.791976125963995,9345.936279247147,8.27259621249502
1832,19586.63040260109,1.1172348914824417,18.14284271446189,4424.585298689078,6.925881101930576
1192,46115.167168614826,53.08724888978323,-3.405345540024236,9485.004775759888,6.794440841697094
1558,44312.13160819147,5.528300361056111,33.37280215045379,5745.539938843699,-3.658838739033228
1147,37428.73746655926,65.26535053933411,37.32006105206538,8622.740811563588,8.189197495779506
1786,32999.48472084648,40.62648329244616,-3.8196914653851866,7078.735529195519,3.946009557442917
1668,10296.618905477171,56.81219203128585,30.51678184632783,8096.091183133922,2.0553360440943056
1201,30131.13029314288,73.58044328917404,12.36159674234623,9824.735950748567,8.697574321197079
1443,7438.432100328369,104.25613149813844,21.35343100130159,9467.238006291049,4.990620287229104
1913,22690.68397277396,79.42818917663143,17.49977261323221,9020.522205782088,-3.0045376422052112
1987,23130.0352134818,52.08586421738168,19.80897928748712,8304.463049977463,2.793057640850555
1418,34516.52683294935,98.3313424404438,17.2833837141138,12199.0930276375,4.549248832713442
1426,41772.8235845204,108.66985650877588,33.4018917169544,13549.885801193228,8.478260465974513
1478,16093.06324291645,14.371195971863669,25.75780081128901,5362.653535315761,-0.8015884748764979
1474,2154.9456803217136,63.83195730633497,13.56867649956224,9087.166230061252,6.913508284711229
1125,2443.821545380265,34.1414351690933,25.985586151774704,4887.522053489116,6.997193557521191
1394,43753.73198553333,5.647343745233688,38.42715185877466,6723.559261115799,-3.079257727644789
1816,24367.66042807057,80.22560341367824,-1.38612820759553,10527.966096828835,-4.741502258661906
1880,12475.827896146118,103.53249329510707,12.464048720112572,8191.331167468978,3.721145438476848
1805,1711.107697225167,19.548318537287287,34.17043145457081,4300.6814957189,6.842183294364785
1575,26485.340468478884,97.48963891486808,28.2574799865163,10856.753010960208,3.316462364909457
1324,6941.029514690184,102.407488024433,37.07180002517583,8563.064795642515,7.20021227799813
1391,20909.70055328331,109.72085311997802,-3.2085550569542347,11415.929164759276,4.334547107012712
1929,25852.27797930192,31.83421069032629,33.82490241457542,6047.684502385875,4.799385425084505
1687,11537.09625724821,108.47436782278672,30.63094464796924,8566.130829086469,-4.577683613562116
1627,10021.956627987847,38.47953056837187,31.67675572370677,5708.605755958162,-3.6710269562086086
1439,1088.4227275736837,66.28056161466034,21.876822765046786,7583.594921698333,5.875444265738121
1203,29317.48717671652,6.060896499873856,-2.6637334195727416,7958.937160802211,6.442649235644336
1485,10102.016431715834,5.265730604249232,19.26084680278764,3987.048157905128,3.132669670964889
1832,43923.59944680965,86.44478552786435,13.348801164544014,11966.519866766916,3.8524769117655175
1030,30228.44983381478,53.33759735733493,18.716878869333023,7370.393369446618,4.215487597676162
1387,27865.07505437784,30.755085044306107,28.31331881296039,6905.078073113184,-3.425130217190759
1624,25283.764763945983,22.849619522989222,21.81822855302924,6556.341404798724,5.018629063763951
1876,10843.972911706063,80.39441890310617,8.16533004366806,8049.155687477878,2.177049651430756
1433,48473.58116942185,0.0481852830407847,21.97783043816897,6564.495648519679,4.037844650309186
1836,48355.52701077334,96.7069403036225,-1.258770061353904,9886.918553706952,3.4471274321578385
1925,16131.493986533556,9.509952735591458,-4.758530395220607,5986.095115480641,6.445003726810583
1375,38833.189578746445,22.97875378897433,13.068761228164664,7671.0152844596605,-0.2214760442602799
1343,6050.378678973628,46.34836743589075,29.0733862490831,6694.40725925549,0.6028936760117807
1442,39048.38939702914,58.18304876593243,32.018540394497734,9473.86453506866,0.8740945978686945
1578,14387.963455267129,42.59941389767302,19.74276909883729,7122.763141149902,6.436841487610186
1074,14527.810350766147,38.48545979811527,34.060309882379734,6558.070385576328,1.466689327045528
1556,25410.942141435185,115.66992144878262,0.6661682753249929,10466.861955929784,-2.3438784244991795
1771,19677.21518727045,76.98956174920731,38.38476348857833,9325.986727859496,9.74561455625543
1665,5979.774034392145,2.811954644086585,36.47921514285185,3613.7037328767874,2.4007279594682167
1154,29694.549432204723,51.62110901331759,21.965676272399925,8038.532071401086,-3.361278752659054
1429,10770.796108175327,105.00104396927642,-2.357504418456365,9516.57882128783,5.054124339890535
1362,22279.541087112342,36.17474236928015,15.4391288263963,7704.164746385087,6.087435362927256
1447,11627.4334225593,11.346761372926588,3.0672832505118865,4316.26739984641,2.503342583633432
1986,42893.5035571651,91.00617259079011,23.279137078480385,11164.059035835096,4.696858274159821
1233,16967.281695876205,72.72165983232975,3.5484337610625385,8668.823732798017,-2.409877032759051
1562,44385.792175781615,68.43750093918047,16.680894719085934,10286.232496171531,0.5188357792056832
1817,16372.2524536093,6.429187152888951,4.253211708708552,5368.30054263272,-2.572570949425757
1261,9056.903895460202,16.85988117546208,3.1830308648058434,6229.092711736685,0.808528845472126
1826,28874.068669856595,74.70592754557366,6.156560917391898,8745.079041852827,3.442007832803787
1124,27801.37503516176,24.938860975060297,-3.686159501780313,6274.249561288374,1.6380911077287
1910,30983.78649993656,60.48840956981092,27.225171732093955,9628.501910369649,3.898222611036109
1244,15176.765968959824,65.38580232352722,8.802686935753137,6926.168996973785,2.526387600528277
1541,16066.448901582238,34.02086283251273,26.41486242722712,7167.690754038899,-0.2327843989736546
1937,11947.761168026556,113.81101866497914,24.40651982954561,9799.910978673284,-2.848760028184818
1484,46427.20841422732,101.09569282026902,-2.024930361956603,10856.18836242154,-1.2099070786808417
1121,34179.491005037526,86.68482091593582,9.041564115550033,10285.779641423527,-1.989301221581001
1124,37837.16186483124,9.35926396912909,20.508723998865747,8258.484905464946,5.611334405360658
1548,9788.740691367258,12.735602317082332,36.32805372953237,6081.879770305646,7.299502666185713
1169,33112.756714238065,59.13376150379469,13.059386970182604,8382.881318151434,5.805829079491385
1123,38156.9494313897,19.28560190291828,17.71561953469364,7481.237732401248,4.656012204927375
1868,17188.559743104193,117.39185562353688,28.757146157515777,10133.615855260608,-0.3822296927934561
1034,7968.86108992248,19.02242808328913,31.148296321691333,4868.851947426794,5.664783386597669
1086,34880.5120506087,58.49614025567688,36.550322665904254,9684.81418369334,4.076251899837196
1645,30596.06524247015,43.69452682098065,17.373524680505774,8045.598516861096,-4.296599499685615
1707,28823.35058229563,76.72637057449175,3.7227068275839432,9610.8827666095,8.614181775901232
1785,9210.075630687528,15.48436906673099,29.39895534104772,4748.964990776588,-3.8006923834754094
1200,13198.35531285357,51.637971365086905,0.650886907241647,8150.186867462015,2.5406185623825825
1368,31281.73800656239,32.96460393685724,13.82540404776747,8762.521738909893,2.696037290785971
1796,30717.95258184225,106.53018296060256,23.26958724334077,11096.039642765629,7.555107831375725
1076,27780.669390740703,4.87028545616341,26.133528389668328,6761.259339542007,8.696012515635495
1058,38430.154362763606,109.64729928077512,27.98624727471671,14399.46817838703,9.095136872646894
1430,40751.39417534881,99.95929662636004,3.708957619318845,12356.949626551615,3.5450820021846727
1637,13898.055355292632,35.708485972897854,39.17421406174228,6727.609251716437,5.185633453174052
1499,7964.617458129695,94.71487856125256,3.0288359478531994,9846.195040234905,-3.672202063811554
1912,10138.27242667541,3.745627240649707,-0.6766967634702556,4636.518053453925,2.318740162660334
1108,14137.308916993092,116.02386603520723,24.88226808679893,10505.60948055126,8.467850563634268
1735,47392.653773197526,63.19139311077472,35.94999999354637,9127.397363394257,1.8354572655709165
1277,6944.38954206847,36.39372312785344,20.17226724247132,5364.670826994194,-3.9560909684985406
1067,43950.19840715478,43.50998551136125,21.79670955316327,6858.453267333551,-1.9903828637531964
1068,10248.53521428778,7.9686424152596835,19.23181365704436,4233.155261615629,1.4426038365324183
1164,17487.441081162804,118.7219416850447,-3.0763312658199853,9426.395350424173,-1.4370754263642138
1488,6381.045903475934,4.715033418083094,25.6590207622013,4379.953825220415,0.8843887801258097
1304,5257.681513690452,78.58885477774308,11.118960424456295,8451.478552097191,-0.0055718699591142
1908,4847.63785183133,53.128311324775,37.10532078910537,7391.792573020327,-0.2160642077607191
1673,17203.669442623133,113.8699461826458,3.4055521396876234,10913.117880880933,-3.632530853647469
1364,26232.23524081197,29.51996883681542,8.595210177232628,7434.061205168889,8.240720366298795
1853,10120.296246616765,63.85041887256136,17.71846369969212,8659.685394728245,5.390593801981197
1820,46640.444149170246,57.88274502993036,16.48097696285541,9478.375751278474,4.350728627036871
1378,29362.29713036169,84.34397328601216,13.013713375575442,10622.28921166638,4.097041121431102
1342,44264.731272025376,8.161227834290461,9.14813219592797,6223.155814434195,0.9475333707198814
1946,7526.057304012776,23.25469560280258,1.623313146963258,4991.933422014213,7.3497296327724975
1898,7260.374954833588,25.74777841114198,31.941484279312256,3882.34656174041,8.95059990891908
1553,42352.95983393172,88.57809058100275,15.194640427248302,10210.952066849708,-4.915741265068383
1353,28442.269592977824,22.69664355920881,20.78304515945763,6065.829981141591,-3.8120228474298887
1415,46935.48108402729,68.8190116669172,19.59487886360956,12496.304578104857,5.124634260494188
1108,7430.152932152878,25.829258460114445,20.897002599169177,4128.589565148256,-1.4589991591539175
1562,1398.2971830810664,103.3949940100774,26.71781673301076,8232.315289074175,8.675574981548229
1761,45836.371399367374,113.06225453875662,23.32214477681068,13396.61183950716,5.011195976743823
1496,34971.97155186952,62.21915699306885,7.325631282935404,8418.410320435309,0.5243688273806963
1340,40377.68561266362,42.27706610510139,19.91694667146747,9819.204520755073,1.2292360416914525
1941,14871.09927859759,28.086933002099897,6.003080749342578,5470.308077124304,5.363237578698371
1382,253.014332207335,5.973720182765252,21.49764069586608,4690.751659624822,-2.88553846096785
1532,24195.70449249823,32.22000914369944,14.43705790910941,7061.572039557701,8.251178203699142
1299,49501.46984765605,78.50829359343815,-3.226172976653414,12376.433108886751,-4.928424523547333
1138,45386.11711168587,64.0340317571053,28.029355931573527,11500.871897394356,9.684204299557992
1358,3693.936973700229,113.28495339371128,7.359988798164773,9254.891337495636,-2.4853177945535867
1835,9470.404632679072,47.55327149900407,36.40874598102176,7338.372336724935,6.131670379208236
1498,15630.272066228705,83.26360107940734,7.625075874782647,6540.78395488506,-4.401129394352592
1384,41536.982718291554,58.71872969701457,39.84802344108271,10590.044000055452,1.47143348564639
1603,41253.25014412573,61.5091459109054,15.83280255132053,10705.701286644286,4.454705234712062
1958,9331.72469140935,32.1329177524941,-3.811670618492612,5832.858168713933,-3.94658813610374
1279,26700.695849522548,54.59409322103996,-1.5678958173569408,8161.181848006378,1.6494029334988571
1636,25139.56380728628,56.49419964152487,-1.3060392921243995,6883.758322593438,-0.4529539533466629
1482,20772.596740317524,84.79710260987207,-2.470351054694241,9089.579902920552,2.473654179507892
1908,26842.4307495084,112.87679990233366,7.050522985176091,11903.929925676928,2.568648039537221
1110,14710.164314887035,39.51855329790051,9.606497311749274,5891.534668368957,6.778474087634629
1865,26624.303715659626,5.064056229755813,0.0078638845229797,5177.611832017127,-3.147432073326535
1138,34311.848335473616,59.55541506007676,14.715916816062393,10193.9324432958,-3.7592059842880032
1995,3218.913538983584,65.33535985790023,11.44078697579145,7505.097390734243,1.028353498581862
1434,48368.564403797456,20.21286613582983,23.63457981191344,7999.308096725887,8.312798790647987
1508,8348.649588442933,91.255752753128,3.813905177581617,10370.077364018289,7.829042795081394
1272,18078.903294663563,118.191493012979,36.12934705978031,11595.216682084392,3.399893639221135
1098,23584.305389361583,113.49296604101532,18.219585046349344,11775.149047792933,8.331607284566607
1763,2145.12358237829,23.652724658838263,23.067986776726784,3711.4154994937617,7.080153963230679
1849,27463.25559557028,105.04358878809128,-3.2215847719809494,10270.84933551692,-0.8309080986042598
1103,43511.69097158418,84.53923636940216,20.158991449030832,10333.578733603355,-2.4484057933125487
1213,45060.806331077416,54.46158765682939,11.564509203024253,9243.006287910071,-0.4826524853494121
1760,16376.962216704693,64.87331931896749,36.587742196689774,7610.675957255261,-1.5932318234177845
1663,27983.95077293212,101.95202099789498,34.85394919965354,11446.410588553148,4.340781889880457
1761,38862.1918373248,57.61619275660478,23.69419150097726,9714.997462431866,3.773486691619752
1786,12717.001023120403,44.78488429261522,29.553310786258383,6303.175503929921,3.976560751791727
1164,26470.77815461053,59.1896991631183,24.00669207021742,7350.112384662786,-2.160446952628268
1998,18399.40782327592,69.4955764842059,-4.236434977665338,9143.268470468196,6.877940879146582
1852,18970.93048808152,22.68931845340186,26.64069451029254,5869.598716974686,1.5043912531394703
1519,4797.462880720732,108.10892763203888,2.969084372966262,10771.3645677747,2.0867788054979943
1283,20403.79279166628,80.90243385955365,25.715692973659888,9113.26785644286,9.954427693168594
1516,8127.8749144752765,75.99227008049867,-4.5271947096423135,8040.263649967582,-0.7659232105587774
1656,15133.376615648587,11.939547141676575,8.990806377658377,5280.4006286452295,0.9120700616156628
1612,16581.027034707276,72.50087258071102,18.26175905833821,7714.812576862962,5.14694811856131
1163,21586.93727992329,14.51527946861908,9.992677016235024,5452.0504128590665,8.20619530285362
1885,45853.99557408107,9.443721023447884,26.22942634135292,6486.149976428019,-3.098284899739533
1658,31586.754573990984,63.2773074770872,18.52192924377006,8215.480038080352,6.025687096407458
1063,48725.65572055619,48.3342640855794,38.18503214327583,9928.095205799193,8.774207889933258
1090,29573.510661314245,70.65723241874679,11.101559057990665,8796.829705684784,1.3438692014030351
1116,40293.95315071308,10.70666016686863,27.48366991978527,7369.797853480566,-0.6990961559972373
1865,41724.15816798535,51.71796754167101,32.612874898989666,9385.478708458731,5.166057201624058
1266,36976.289847550375,20.97440580541896,6.412800419926391,6885.051566318915,-1.3088952314256277
1821,33528.75712633791,118.452010310894,28.93591641077142,11432.094521805957,0.7643461982092914
1684,20953.958092639725,67.33802549222092,12.699129999234778,8617.290875435952,8.453700611347042
1558,28407.079645730493,82.49242331290408,0.7927218234960893,10696.268844358709,3.854988288870661
1139,9766.46201428165,39.05019368191294,-4.835881515536899,4459.705421135969,-3.575341001002336
1245,30950.507654533725,11.368669773521296,28.469089868670626,6752.322899638858,-0.0545370283044359
1660,25763.39645270689,117.1045035340244,3.3809835495296987,13430.16501692044,4.408977476760642
1757,40235.83025658348,34.35108424598199,-2.696286460535352,7949.919769449157,2.222464557320168
1394,45136.92686016544,50.8569822208289,17.374408939283853,8299.023935228519,4.905089751273859
1486,6726.448134466458,77.983670604309,10.601411558323727,8134.119470333781,6.421621265205108
1475,34576.299300608254,2.9636757223333543,26.13130170145224,6866.339570221619,2.2092268030706217
1516,47507.31077238748,97.23109566207444,-0.168606707410615,11110.634347354782,9.804275294529074
1976,45902.25378711578,64.38938280343443,0.9693926333588864,10031.877444470305,8.720108135108505
1183,41737.86989015184,33.386062448258656,13.184846873527048,7330.329700702839,-4.101388908970155
1019,2512.215921635433,7.39295823509631,18.41836772060136,3301.6243995166787,-1.0035329337467251
1936,12698.95742032963,19.499809856932973,32.08872634247302,6432.926398835118,-0.4918473153532394
1557,7499.594389558388,107.40406306241243,21.353133592072275,10824.370174836033,-2.235644649949841
1523,46354.029595761705,82.32290687230692,35.61688503156919,11605.48583535747,-0.3197524542427965
1581,37469.60179573026,29.98820659642678,4.799552626226141,6666.63910631221,1.3723094940319038
1528,26636.053352880648,7.872091793403544,21.82987821992729,6235.389621832833,-4.2267353151131335
1882,48972.07174750874,82.87383748639635,24.48572844066692,10331.630592308784,-3.090496458013783
1146,9816.46639051776,68.68892711613182,27.66122732718943,8067.760831768032,-3.556311818097744
1665,32114.43869816545,48.542342934988206,39.4892814202898,7802.016062810087,-4.305245912800241
1303,30508.11331085452,43.63337390280766,16.061522008544216,7899.743930758704,2.222455304524277
1619,17088.666821501043,26.017713111492995,11.619381093830256,5853.93412454639,0.007046248392176
1747,24320.47657500996,80.35335078450211,33.34930038192226,10209.009411038804,9.03170844474567
1819,11845.769816132612,116.48016333526446,2.955590728839196,10407.740076600388,-3.458591968373933
1863,33888.0263118242,21.085829500419106,-3.3337356224102264,7342.625392514117,8.890530036035083
1581,20970.211445981204,71.6539944018604,14.961507408909991,9196.675326280225,-3.701815739008112
1694,1275.1498392546655,50.90220668951714,6.124263454147098,6473.5738720426725,4.288260199066526
1761,47544.18263138977,53.60264660935979,12.84364305647908,9715.879918936773,-1.2840449393551951
1227,25120.8159478948,30.497673615337728,39.37374901508444,7748.966442814197,7.402084697408121
1101,35311.13059709378,99.01618507937027,10.68197035986636,11884.98407798561,-4.077877594400452
1586,9926.80650988379,58.23067249766893,26.85845687770211,9672.406068053311,9.28762233654438
1416,6448.7629240102015,65.2087022637917,6.268090438770924,6429.814247439382,-4.291141995006498
1957,45130.85428936356,36.57130953567909,8.654032469477897,10249.303265194072,-1.3833009754799923
1215,29587.53291361288,21.81701588003397,5.941983705711596,7450.218663944554,1.9627708910108508
1406,24718.208506961582,10.309246584338458,20.747239160158795,6006.628406327323,6.340868298493231
1398,26105.386779140103,85.6942969109899,5.174886378839517,11370.084376769024,9.266690763150535
1922,11886.50960053377,23.54811380254268,27.326384619779446,6172.643090636309,1.4206364694156406
1714,45643.04978878499,82.80904250265573,25.61233893410937,11252.508432709306,6.359651407268091
1703,10790.585211725354,46.84517352563447,13.95713541952313,6888.718769934806,5.907438316678581
1760,7984.513263916517,49.89297611875818,-3.8490340532987535,5345.360423885333,3.567533429363598
1498,46509.28980399149,56.30129953113261,-3.980699049813433,9768.612047789526,5.363787641512294
1753,12952.935429523151,44.12502097530518,18.976306769901992,5653.432073325867,-4.428999754007331
1464,43137.98747259949,12.074397266710813,32.76394728505107,7147.852662396123,1.6236610134627032
1690,38648.38909406221,37.155817200341495,21.949315211919536,9494.877590971548,6.787910410900455
1948,19158.9865161674,79.64812328327261,14.60427077132834,9127.576597863692,2.1133171750409643
1973,12774.700113826031,79.89412817626452,34.69534750671216,9656.99904375265,8.102568763404227
1730,37973.52987034588,34.346916868799326,3.8647952062050113,8856.036320321282,7.504568148470653
1081,29920.17467840769,55.21231518692255,11.174099319233664,8419.340410236815,7.951690452585485
1603,12776.61345367386,23.2136673614325,20.4389253341776,5646.011112018132,-3.0500497155770083
1946,44554.8853577478,25.244649783580293,8.125126111677375,8041.807805252783,-1.337883131508942
1686,36077.02264587385,2.765650608792889,39.89706168369916,5884.0939287113815,-4.5560409018180446
1750,45472.97872141592,107.60958598892935,15.354441262086029,11017.1450266658,9.742010902945829
1771,21929.77230952021,25.284799808988744,-2.672499949648157,5365.3616324879,-1.4579279087485704
1902,6497.155759215792,27.3040652323756,2.9237538438589725,4408.505335080626,0.5064000172336334
1364,46211.36054334192,33.55217191741582,18.961639072360768,9349.498564956471,-0.8761032915734575
1162,30111.158925131447,15.28896860345148,19.75252898585242,6016.853525428788,-4.40309565731874
1047,30342.369073491413,76.71154598176354,39.286492023761255,8864.458195772357,-1.0811298558483728
1510,29254.84552035681,9.017154381310387,21.99848882918209,5456.24905134564,-3.527065006884391
1328,23672.41182423246,16.10429115916203,24.99822941616479,6778.955561209484,0.9142462957687698
1839,12826.649682535246,77.37080719081115,4.617524647039081,9646.493334697783,9.502361775051634
1115,30689.791713243925,40.75927445777313,-0.1910803264229734,9279.81438407339,5.473935580957267
1940,35958.27694090836,84.95373920414269,22.090450366663948,11023.71575350567,5.60351184711822
1848,45835.50493265471,66.89096936041705,33.919598947139654,10884.41370645203,1.7976389993688286
1336,3700.1706324359616,30.722540767381567,21.43178283055981,5401.1106351540975,7.169560160341716
1880,12810.005674369257,78.09935405871937,14.925244818307917,7621.487523657494,8.624262503763381
1736,38856.62075909945,13.952841635145678,21.01929885947331,7026.655583484348,9.423250091257312
1863,38780.01960484825,64.36924596960365,16.094721031857443,8645.90238171514,-3.515146658803721
1839,10680.521855675082,52.45777260540416,1.3846709206892711,8401.294397354093,8.194660129697166
1146,9317.412175932088,32.1448299380929,28.35329913638057,5767.019739991015,-1.623756746362088
1574,18420.29644204657,72.48059972874002,18.98671735591026,9544.96453525829,0.9590035298625086
1805,3239.476717732684,104.56003108083392,12.969529422617008,8634.445126846244,0.1821579206803942
1322,36545.00319826606,119.8685639715692,20.183732591890283,11727.854526860809,5.126950601301923
1442,33523.45538273383,72.93153224921095,5.85521295040007,9841.46889767964,3.968868103506874
1836,42950.40216722668,48.56470491950042,14.258097196169452,9321.70333691082,-3.3634268784794603
1012,21559.45244056928,27.024852025944192,23.010034045167767,7264.880527315009,6.74233944271775
1942,31873.126851082616,30.85153072741341,5.1787108150254415,8351.874003292458,1.5946810270224423
1493,47702.07949007439,57.53459737797188,28.704778809905427,10809.5664343313,-4.966672350055299
1700,47944.23549980453,44.07332415368511,18.4454910335464,10233.961137782611,1.2175490029124694
1286,3646.7729462723423,109.6577427149933,33.77680196883321,9561.902231247852,2.7449736362078667
1719,194.0288130464451,44.19545611868514,33.12564599633889,6633.241904599367,-3.966879721876561
1113,48003.22131199789,44.813350937452256,17.25326696737167,9875.887925797775,-2.732971108756977
1479,26812.29843714456,46.024141492077234,3.7959524784483616,7828.421046784279,9.903582572362916
1021,35049.98699233764,100.39442524411898,28.148880397454164,10756.57455126367,8.067931030337284
1348,45638.59818612869,78.09459850162823,13.840516105748309,11499.948488141175,-3.0000887098002824
1725,21714.41449525848,73.70026203826713,21.75823675536237,7889.747595253304,3.704640995443846
1682,22088.598769210508,40.09716268606346,-0.1730619421727528,7653.311699226005,0.6886494582601479
1834,8432.38038903456,98.14850121989274,23.421279528219653,10183.050491958324,3.156106130498795
1565,45300.83120119728,4.603663362684136,11.809772002530591,8447.829441939837,2.0580279035108093
1905,32418.897970994847,104.49566068057358,10.038538737332251,10674.495339818835,-4.27776612461473
1809,9095.435439848396,61.52998797527155,39.09620104500105,7910.863935041269,-0.2686953351382541
1319,28033.62152693749,47.790028183609536,14.459378924211126,7654.095203516812,-3.1171912695781003
1125,16475.380525633616,59.66007368612228,25.51172701520804,8207.72634952645,2.334521384361216
1276,7444.380293345657,80.08986366405973,23.247739100822848,9524.287119130571,8.609750799693149
1975,9175.28542500046,1.5318511821476832,-0.3063402101679067,4185.304047029027,9.93299158854316
1203,28006.932174729096,104.58622277498972,28.656739167894223,12099.662194166562,9.16379602723707
1193,28262.822774044645,53.60874303736714,9.542164154510942,9158.706465482896,9.78545687462215
1680,39518.04497451106,41.15598236400938,30.95227971385308,7781.852568025431,-4.771305263294672
1663,12474.415781746098,16.58946787608685,22.34383521769221,4670.031019887814,5.941704676660418
1546,45800.08577384475,52.735844923013055,9.26911704790703,9201.602825148228,-0.9057678473519556
1695,25978.78528419605,59.55873255412546,11.033183214898193,8984.019335766608,7.984269674037055
1285,10288.217173180175,48.43760333921733,27.91783163498623,5906.92303475951,7.206002359360637
1056,20722.700722609206,81.43921125922765,19.752669180529683,8676.374133380115,1.3551186382443117
1733,46175.627674832285,50.50758345110712,25.075796830209185,9595.06009513958,2.098910126547363
1302,23960.01148905661,115.3701093415888,2.124324448383473,11225.36709870072,-1.0236249651119165
1162,43748.284012904354,71.91330213883103,30.41395025027884,9613.60314098901,-0.6679394566954713
1018,8075.653484815286,96.89735227822908,9.417609351176562,9261.6348795314,9.717616350407267
1369,45706.524090603874,13.122708373137462,22.8937570220953,6601.588352280648,8.332793330052619
1263,21587.87839442186,47.67495515350869,0.1605921358903916,7899.903795647571,-2.121965418275378
1793,46812.73448218514,40.421724173658326,9.463910852063515,7883.731467360628,-0.8671298320260057
1112,43317.31812117034,68.33788657639101,24.19902818799888,9586.324403219756,-3.3702801040660995
1487,33032.31871345792,103.33362240737108,7.339275953061277,12341.14460725869,9.83306174469537
1326,33675.03620595568,9.4005861314408,34.61404885374177,7335.399116575697,8.608147757958216
1541,10654.24859505728,8.708975765365295,24.75527797495392,6021.040043251069,3.2814698048109605
1646,30181.20596825381,102.03812497891188,34.1625276983558,10292.459740944809,5.393396559206884
1578,27519.82903739604,25.54201032460289,12.792581601300434,8010.061978719386,6.219204093859815
1064,16773.937113388536,80.25039053397765,-3.470668581889625,7289.6913344674895,-1.9428315880966256
1291,25330.51405999796,65.14537588329662,20.926298350979625,9250.457528838468,9.019995059967362
1024,46464.26324620865,99.94723138646754,10.263707622641752,12297.491938327792,2.901140705824249
1548,364.75262319375,15.010669180368424,15.1684769165059,4374.7370349612775,-3.6132269374935966
1000,20914.49223060044,15.573955886713351,25.6499596265237,5200.31925255861,0.9562391175050368
1910,16748.572166466278,66.8182032333969,26.529910018189227,7532.926933036048,4.024698342648504
1548,48065.43026424993,113.5654384030045,-3.759961331038308,12906.883411814564,0.2923478720005477
1140,48697.32214115609,49.79973100449051,29.61862027778261,10809.087500555568,5.488066416277468
1743,29324.460728239123,39.23305203056339,17.20835117302355,6415.326810784432,8.230749706119322
1647,27545.34772518925,72.8027187837463,20.05144479960475,10436.48917089771,6.578381865731979
1900,45170.30359084519,111.65383206540372,8.409738333543364,11649.934234882256,4.639870301459558
1187,426.4694408537692,100.43133994135484,13.937520370026142,8130.07870669395,2.6823622211749774
1127,28157.80208582352,119.45803328798638,26.966881029069928,10993.262044276053,-1.1830477131813
1200,1329.1571752475002,2.708229984285251,29.95212113249164,4046.721620922116,1.8241924749614984
1126,48411.29733872247,13.542977365531469,12.419778152559012,9619.410385432451,-0.6057063929273436
1256,16075.961911331024,73.13613160399464,26.10028896930985,8350.332369031235,9.010350716345872
1675,26087.98496174266,98.46917272006196,6.611957575979712,9228.960435146606,8.609667354799914
1546,20936.668379403625,34.229321076811985,32.44101993298818,5980.8001386472,-2.6626042504463063
1193,44691.84379459519,28.70533056410625,22.44164075083144,9456.365427855491,7.339303317913298
1702,49990.915413504925,94.4370959257441,29.88339322301028,10724.128761983682,5.543720451336103
1103,3512.560101512826,6.765822462387789,16.471968354303133,5092.511402425346,9.62817580840907
1534,36628.35368556759,44.325917709910215,5.309917824187988,8221.862684462612,1.949598529002679
1264,18463.13133501786,60.69710671107957,14.315400099113976,8484.081280300989,5.832615571215747
1801,7039.738695445834,67.24184092203882,12.166842751524436,7229.851515497855,2.7682588019256453
1941,20331.33272881083,87.43381881513322,9.97224445480716,8148.323011549143,-3.958992549614664
1973,49907.51684652454,42.581486811678985,4.547818648366526,10503.596855257829,-4.298528753948484
1383,17942.608237658365,73.52212136095287,29.16252138459128,7902.337096191722,-3.168328356803213
1259,13942.23447438141,70.24505073491476,-1.1141752405747778,7405.750110155151,-0.5571340422137467
1413,42323.9515925356,65.71393207844966,34.94024184486253,9998.848857517793,-1.1133034128218706
1990,43410.10619119048,76.85799517706546,2.876112530398908,9880.945718640643,5.924900030588502
1357,17009.57082611507,31.13390052816916,39.09431433331936,5558.7872439402245,5.738841023831864
1074,15003.789716560295,10.157850430155476,39.481062163918345,4892.708999403623,9.57091869774058
1354,32399.345729616107,14.312600644769212,12.927416855851828,7056.930200836796,-0.3441376183640576
1583,10338.406337658433,26.949885918468127,39.45194826845183,7830.603978701171,9.076781256708896
1770,24235.901590872392,60.02375226273423,34.10808327763269,8301.391815711193,4.192759052316028
1909,7153.050213220695,100.85313006552242,-1.2906375374000478,9863.994460438696,2.429630664851806
1187,15307.26343381931,84.1552010506061,37.629785363287816,7697.127530430695,5.017620667198237
1972,14944.326735167358,94.68487250424566,-3.08685263429326,10412.612613698602,5.541331773783803
1684,34775.50825397135,42.11707487113097,3.186143218259822,7671.707971848495,-2.421064567111378
1991,14185.424446238456,48.55844899782602,21.306799338100344,6233.911217857901,6.2757325530288615
1289,44934.93559918933,47.241826318873535,-1.3668269719993882,9476.431434560336,5.877591467004649
1044,49154.00010902465,23.02478212854018,2.2777490645216014,9107.57296565072,9.962984259231684
1572,4144.978892746801,7.345998977228643,37.90713042005074,3522.021193043398,8.679216710087132
1082,19942.616829195395,70.90993113926721,39.76095481994236,8083.822137290602,5.269903475264371
1122,15161.86906835744,118.70600201047031,30.916144380113373,10536.79617083886,5.685455696449791
1357,17664.307412696406,20.01956459403154,18.184422615911625,5387.468806246664,9.18978450751878
1527,13341.20881489064,5.602178387912851,35.513542106125385,4770.73642500871,9.507674094762624
1065,19194.97657403094,93.54380181887196,0.0354446897605917,9221.3371067005,7.404477958226911
1935,7156.588179172525,30.310320802166903,37.4301341160254,5756.0624177266245,6.510903182607413
1656,14062.931949712349,99.5572566423514,10.81988173549445,9012.995129509203,-3.3295126495266336
1374,37416.11211002356,84.47240004414185,33.76702260549375,10753.601326608912,7.454832872209536
1161,17267.92163002282,113.48082444609656,25.076803269342594,11052.563510404229,-1.2020648231631426
1745,10470.961376509911,49.07126829080064,38.21234368250749,7060.5557569551465,3.456764440288193
1379,5511.357524385592,79.4363807340761,33.910507650811816,8861.922996053596,1.0805870565675295
1655,17465.40694943098,55.78257369759248,34.955401609790776,6748.807077693613,0.1841095095586151
1357,32206.11352215558,75.67064367702523,23.428946025401373,9363.15174923109,-0.3462499779940993
1187,12739.91306622688,53.95186872092848,32.49213389393241,6338.601766231603,7.831406209862346
1321,21180.03997670157,22.63586957088898,29.07090178426024,6816.366794408599,6.537041810077664
1449,47624.68912948368,60.94768992040571,2.2730408906749258,10346.203975282417,2.851731286130522
1473,27662.906306492965,63.43010417249308,24.18686011089594,9229.48961637356,4.967207407966853
1012,26643.73693162176,97.27246179121931,1.6678995934071388,11196.285534303834,9.767919255160134
1183,20556.17129719758,88.26248469522974,34.12552548484884,9153.945525077952,0.9630270366691462
1110,27886.31485266205,79.65499487297329,-2.032259029701419,9789.15441413318,3.266509090143625
1926,49229.906992419164,13.606451466308704,39.41710015869739,8742.917637592811,3.002855688617281
1507,12764.964582400586,86.4739548796458,13.028199976197016,10381.6897077735,9.039585627276027
1289,47102.20195298058,60.03661876254177,2.678320916564603,10089.577340535394,0.2734362641628873
1294,7538.642120412186,107.2919443327391,37.10537426475504,9600.691633270411,9.79382125326618
1450,5644.157640973138,110.38451209566512,-2.9558306196568425,9148.391543605674,-0.4295357964022264
1903,32768.007837583886,6.618790872214255,16.154753552904257,5581.430978202491,-3.366394470139518
1214,12633.83333098669,98.47698724253743,29.66022075660262,7841.474037737496,-2.1293968213691588
