Vehicle_ID,Timestamp,Acceleration_ms2,Battery_State_%,Slope_%,Temperature_C,Distance_Travelled_km,Energy_Consumption_kWh
1102,2024-01-01 00:00:00,-2.7738156574639765,30.41514793606419,6.879445723818213,0.741770214307623,20.757508428820994,12.054316837893046
1435,2024-01-01 00:01:00,-0.7969822458298639,97.3855337784473,-3.007212319399515,-3.4955161540777215,0.6429176296592819,4.48870104769729
1860,2024-01-01 00:02:00,0.25379985372647473,84.9126002160525,0.029584526251101195,9.248274673124497,40.84282360003485,11.70137693672586
1270,2024-01-01 00:03:00,-2.1113952082372354,28.777904099769607,8.27194304566259,2.8684089901268166,5.305228735924097,7.389265564508191
1106,2024-01-01 00:04:00,1.477882875414461,29.740159811814273,2.7768144260838143,16.75024402320902,5.825925674399545,6.761205202007953
1071,2024-01-01 00:05:00,-2.9498717749671686,67.55790839300951,1.0192223120085853,1.6298736724197376,2.5100910607799958,4.31906050402437
1700,2024-01-01 00:06:00,-1.988405709395779,47.591133933854664,8.582446483762626,1.2067481426024083,10.101039527342744,9.28572513709307
1020,2024-01-01 00:07:00,0.4847809791208544,22.792468725848742,-3.5998321328440785,34.464054284673225,8.923132449569461,10.154375379907354
1614,2024-01-01 00:08:00,1.2863253722237538,63.33132062664425,2.0968417435338456,36.4582615596884,17.458505220815894,8.734982030592302
1121,2024-01-01 00:09:00,2.499858616163497,51.02760797486775,4.785611469630284,38.38972938645595,32.997592673126384,9.139607590819022
1466,2024-01-01 00:10:00,1.2329799116077433,28.086119389739412,4.128121585225188,25.622609929326035,2.809281958661103,9.3552963469904
1214,2024-01-01 00:11:00,1.0306756215291957,84.15363138047861,-1.035853183866628,29.69574271581412,43.02776043272184,6.935742891556282
1330,2024-01-01 00:12:00,-0.6339531218960142,93.20614122230448,3.4496935680150465,32.61031398591831,16.39627290629214,9.893371837354755
1458,2024-01-01 00:13:00,-2.9922934468391915,80.5275147211304,5.628426464289726,24.651492660429902,30.369705820489063,8.731184312327246
1087,2024-01-01 00:14:00,-2.2790444475862683,85.79378480130218,3.7732811099004753,9.860939711613812,0.6990550993166389,7.207605094790329
1372,2024-01-01 00:15:00,0.20732726853623484,37.31924538128939,5.266933389659835,2.037414929508585,18.353814961911517,7.948397965703622
1099,2024-01-01 00:16:00,1.0507793150665181,41.08583607348808,-1.1588189091681436,5.677298822116754,0.2023405040778794,8.19924324438179
1871,2024-01-01 00:17:00,-0.4953102966212253,36.68220322393502,7.492734254076739,32.81863231322332,8.35636785150311,4.3719906939719575
1663,2024-01-01 00:18:00,1.3840740691703415,81.20507450924512,1.7453430547745477,26.324375722907856,22.447736480518792,8.607421884772135
1130,2024-01-01 00:19:00,0.13117377199307256,95.83336631475976,9.80835766156853,15.51080935867682,26.800862355292516,7.185772096022532
1661,2024-01-01 00:20:00,-2.554942826434127,77.34697653871221,-4.650720189995937,-3.676771526879628,7.731137126095147,8.010846035355843
1308,2024-01-01 00:21:00,-1.847902494192307,90.51734119036448,0.7047305687146501,6.97919666952474,37.28629225302105,10.104175318328322
1769,2024-01-01 00:22:00,2.0399893394636575,71.0959275906538,-2.2928742154233372,27.80038719065937,9.531282909478167,9.575673650868707
1343,2024-01-01 00:23:00,1.3494764797466372,51.01279204470393,3.3341429049108005,18.057425579276032,5.880670098637158,7.300779003444786
1491,2024-01-01 00:24:00,2.3685719220749704,54.06092919442442,-1.3519235843958093,14.598962251710251,16.7378831867826,8.552035881601197
1413,2024-01-01 00:25:00,-2.2946565052743804,26.025714573392385,6.062169198512226,9.11557303509585,27.616290316681567,6.100899914978993
1805,2024-01-01 00:26:00,2.941335207690443,22.516575619682087,8.227987935062782,22.311932375966077,49.446200639345435,12.824051271009102
1385,2024-01-01 00:27:00,-1.7435597163003984,75.6380483351262,-1.8367346962683366,38.48734234172601,20.993914908793997,6.626022635287848
1191,2024-01-01 00:28:00,-2.929320742280148,55.07431136089445,-2.589835725473024,35.550563948387776,21.35722122038133,8.658945042212396
1955,2024-01-01 00:29:00,2.984537634321325,64.17720544437036,8.130357785927178,-3.627592786207309,3.060740158814432,6.282458616675993
1276,2024-01-01 00:30:00,-1.3135566873293212,64.6128998097933,0.4190787263275846,16.64292201625506,38.31440169064924,6.920138536434345
1160,2024-01-01 00:31:00,1.0081167150753592,42.19006506666411,1.5187545243854492,9.826118412112645,9.170971792866062,8.303310681306469
1459,2024-01-01 00:32:00,-1.9399061149421688,58.071400866359255,-1.6854574633469657,17.977209805291043,37.26569787081437,7.284021894666983
1313,2024-01-01 00:33:00,0.48137119319485056,57.66081773341618,1.3797230207672069,22.279616044227165,45.539782198724076,12.052701702422917
1021,2024-01-01 00:34:00,2.424209918727356,51.07417769822856,-1.530498903830046,4.001263059889606,38.434216028358925,10.3035318977161
1252,2024-01-01 00:35:00,-1.0789129954293684,85.65403067208564,4.988911609512714,30.170563129671535,32.15842567856952,4.858111653316629
1747,2024-01-01 00:36:00,1.021523856266155,56.09312029500767,2.4831461872013074,16.378062253868485,30.23542314488262,7.853329085537799
1856,2024-01-01 00:37:00,-1.872578467209501,68.29156196047903,6.820906689443634,39.640272470421074,22.736281331485568,6.121219414470381
1560,2024-01-01 00:38:00,0.7487723923123513,91.64160963046609,-0.30907825899058317,-3.8692676415397456,7.31268048630721,6.696408185891189
1474,2024-01-01 00:39:00,-0.9812978890949391,89.2986898287138,2.5839252318855657,3.537362928390632,38.96404659517544,9.915802095342835
1058,2024-01-01 00:40:00,-1.73275044847229,91.23377630233321,-1.1071501553429837,26.033341025217915,23.918381292590432,3.539492587917388
1510,2024-01-01 00:41:00,-1.1209076957781892,41.600399717201114,9.017108953699472,26.283088593650145,31.319726574468653,12.143701309239464
1681,2024-01-01 00:42:00,-1.926953588953204,22.798599064645025,2.8290350168665466,21.198470098762524,18.763359922780776,5.29110158899237
1475,2024-01-01 00:43:00,2.411496647027297,40.885343991626335,-2.3980625552308537,38.73820129107829,10.116063712053672,5.44349069267198
1699,2024-01-01 00:44:00,-0.616878682097227,42.29658764965669,-0.9085151118495647,13.689175392397004,40.3447723430343,9.15108250690218
1975,2024-01-01 00:45:00,-1.528324170153796,92.74882613799744,-3.756470538139098,13.766656543038373,17.185750298132128,4.79120256207853
1782,2024-01-01 00:46:00,-0.30955295390440263,71.93941862703765,-4.582760066033999,35.9714363450878,43.34733344567345,6.568445609840438
1189,2024-01-01 00:47:00,-1.0767829991610267,26.536316768178303,2.8888273910600644,19.22988018985648,48.28967263588182,9.796015556673055
1957,2024-01-01 00:48:00,1.4665155228799556,30.83028768088809,0.05684383788407921,10.91774477135202,41.516427507631114,7.0867779613558195
1686,2024-01-01 00:49:00,2.8273194713129666,32.454090043358036,9.456601828904597,27.35220936252366,6.49408846001345,11.147602658991467
1957,2024-01-01 00:50:00,-0.37179805981411906,70.43373985351386,-2.430029054577737,22.885177818438734,42.76504527513643,7.0573102695058045
1562,2024-01-01 00:51:00,2.1662003998334427,78.83312204056026,6.908689791054179,8.788452262896618,26.015955488120298,10.611606077316974
1875,2024-01-01 00:52:00,0.39517844135771707,88.77151284523168,-0.2604283671064591,8.406795913654705,12.146438884792557,10.3610296581218
1566,2024-01-01 00:53:00,-2.056586009434599,95.25092406449944,-1.646939209119422,12.802575888726466,4.748486077944668,5.350501383629159
1243,2024-01-01 00:54:00,1.1437364524880493,36.13636459091534,9.544552285019611,-1.7770970452912866,13.997640972582742,11.752313421133302
1831,2024-01-01 00:55:00,0.08060698275492051,44.781798777923925,7.038648981186485,37.417760611943756,6.957611400593123,5.71021105799679
1504,2024-01-01 00:56:00,0.9036391395126206,39.225830459586454,4.459313371679974,3.2359018088499276,1.3796646518514932,10.277919275362706
1130,2024-01-01 00:57:00,2.3381244754299892,48.700925397291016,5.456815558356281,3.722093604747423,49.389441020793974,7.902831524163862
1484,2024-01-01 00:58:00,-0.35739257606372377,93.17320859389996,9.870722122758847,24.116728225768494,41.59395819531102,11.239157735492501
1818,2024-01-01 00:59:00,2.4070657393041337,66.00900535514893,3.8981111323733018,27.591117128491504,36.9735682285333,10.582493902087425
1646,2024-01-01 01:00:00,1.5040140856899296,79.05535178595993,-3.471493237895599,28.15759568199426,9.73138718254461,5.529531285660885
1020,2024-01-01 01:01:00,-0.06837044473209142,59.20953889014256,-4.027008099479279,11.878376057690396,1.4840483036473533,9.57216534924072
1840,2024-01-01 01:02:00,0.6193328139477821,22.30863306688996,4.999101662108101,34.29980288094665,24.311673740477083,9.312349900827677
1166,2024-01-01 01:03:00,-1.0465132048859314,25.135638879825144,4.864017158877223,19.479957778661998,37.11055205382251,7.852141863983689
1273,2024-01-01 01:04:00,2.901583798432645,63.03384250143086,6.22260689467133,14.736439847314998,48.145584431652146,9.21536295233619
1387,2024-01-01 01:05:00,1.0041069783023762,77.50312278560205,-3.368319046510794,31.467390738955032,42.20979606129742,10.001288508659036
1600,2024-01-01 01:06:00,-2.736918885020221,37.22644220229852,9.173534121327576,5.960256215072697,44.68576756412842,10.881985476697956
1315,2024-01-01 01:07:00,-1.0402685655119475,77.75276591938433,3.2673762086596714,33.70834495459836,12.009271112277299,10.481489170802814
1013,2024-01-01 01:08:00,0.7398866025543449,84.853261878681,4.743332815318231,19.247322755421738,7.850768279406099,7.826709195419165
1241,2024-01-01 01:09:00,-2.662000333204561,52.9517982689689,-4.477214249328046,35.50261709529114,12.46431032765925,10.228197428837145
1776,2024-01-01 01:10:00,-2.8566948520851434,79.7135386275284,9.414613217733608,4.072563897509163,7.015115715592211,8.469874214667954
1345,2024-01-01 01:11:00,-0.29985456283318435,52.32239602627679,3.438877731159229,37.12283842010916,39.94434280321843,8.700090997727651
1564,2024-01-01 01:12:00,-1.00385892184398,74.2680503564016,3.450446694919428,25.954453388757557,45.16184874219469,7.307512092661228
1897,2024-01-01 01:13:00,-0.37020835180100464,81.11976394556345,9.153329743455696,22.82478370610735,15.43636711045985,9.224461766556294
1339,2024-01-01 01:14:00,-1.423840140719969,99.35412946464886,8.94025267275501,13.993038376735331,43.858616528660306,10.340969057953414
1091,2024-01-01 01:15:00,-2.0116935183421143,47.631732965087686,-1.6955211227413751,38.03417499845759,2.8462554899297787,4.876572322363352
1366,2024-01-01 01:16:00,1.1348601418820259,52.88326244596892,8.96648232858894,14.976383274018076,33.90009132739612,8.588989029051652
1955,2024-01-01 01:17:00,0.08742669760680322,33.24960475281371,6.049319340700922,17.434432860140912,26.421911173800027,11.59698840313413
1454,2024-01-01 01:18:00,-1.799074732503799,36.325844672144555,-4.716489090028738,30.167414886339067,13.909490451427136,6.746085863635573
1427,2024-01-01 01:19:00,-1.0824634424400101,75.47160020787021,-1.402352768924925,7.817909332571775,38.43323465753772,9.137619991515892
1508,2024-01-01 01:20:00,0.5508474459799553,93.36364721235809,1.194702182071695,8.117289076620631,10.681159344191745,5.527272490283655
1775,2024-01-01 01:21:00,-2.566623910365133,51.568396132899245,3.7423368325863215,29.8883959429549,20.86585942263505,6.538169616043007
1942,2024-01-01 01:22:00,-2.1152819444029225,34.3875557468433,5.519945957330334,0.786090513554857,35.52198087003686,9.010626144115571
1034,2024-01-01 01:23:00,-2.5605263753556593,42.80795995063953,-1.8468440906465098,32.03340341318605,16.977626158978918,8.166680200494277
1205,2024-01-01 01:24:00,1.8739039962847137,56.40413638465109,7.5505077141053345,23.132875373943172,42.78247326092732,7.278272326072086
1080,2024-01-01 01:25:00,1.5144553992720553,43.25202634922947,7.6857298583373215,19.2587694881472,43.284807830918005,12.540242699184638
1931,2024-01-01 01:26:00,1.5198775912755424,38.686326649749304,4.52498228890866,5.309922198094668,10.206267944428165,6.835302057425587
1561,2024-01-01 01:27:00,1.2979520608561685,78.87875910056636,8.816408657735476,30.386567620498397,22.075460434387463,9.172039765324431
1871,2024-01-01 01:28:00,1.0163125420192154,20.627593699249857,7.194736403457819,31.222889027893714,21.65743090015993,11.443272488438588
1387,2024-01-01 01:29:00,-0.13804850773095012,63.13844218691865,-1.6756451105968866,16.7323840544433,20.561252251509703,4.361634537022763
1001,2024-01-01 01:30:00,0.8536689810426896,83.50134456238031,6.980152994655407,12.512603868574395,25.1484096954953,8.962841117450026
1389,2024-01-01 01:31:00,-2.7698306712721523,41.29826290539746,9.298031181296576,6.0772826885772915,3.810879072859923,7.965740664902294
1565,2024-01-01 01:32:00,0.7287865359407073,68.26332084896138,-2.935903294723536,28.940530769012874,43.51549476717611,12.152200579345404
1105,2024-01-01 01:33:00,1.6672662332212633,73.51200844948943,9.680468271865436,23.77533654070178,14.566747439820253,5.57949487858374
1771,2024-01-01 01:34:00,0.00215016230634113,72.4019757124072,-4.625108048448646,4.298396321508598,0.19043843334521382,7.275334291424041
1821,2024-01-01 01:35:00,-0.8549200294365784,55.66797073589741,2.8325086716065844,30.751063585820532,34.286686240183634,9.403842025548583
1476,2024-01-01 01:36:00,-1.3354395911941253,47.72623903006234,6.608397084677263,34.69923910113068,32.55855697966761,7.33068866312424
1702,2024-01-01 01:37:00,0.8568123009724946,86.87392584222508,6.8565715381938155,-2.3338731763289355,49.15979444205454,6.700808608047893
1401,2024-01-01 01:38:00,1.1568071917794525,80.67567655998914,6.0200885371940185,29.758928711081857,35.990435998931524,10.12735924325885
1729,2024-01-01 01:39:00,2.2258055991752554,45.700413873113,2.9402705912974287,33.37608700424436,16.702034796998284,9.534668266010726
1555,2024-01-01 01:40:00,-0.9459955052340554,28.241535555376487,4.764464831055932,39.61785547635461,47.6356158347406,9.861724140467423
1161,2024-01-01 01:41:00,1.6186338443135133,25.744603635637535,5.498982784796706,5.6920674521815116,18.33075538319217,9.215746595240724
1201,2024-01-01 01:42:00,0.3681349451360276,27.542078231914886,2.418088363208434,11.695144234641376,41.08010982678911,9.498527405621118
1957,2024-01-01 01:43:00,2.2970189440684745,66.62954889536343,3.935274627019563,38.47859914903956,16.85013605533477,8.806784782303952
1995,2024-01-01 01:44:00,0.1668726497737243,24.132974066319175,7.695520801863598,-0.7693002367887001,2.5305448431609574,6.186641601325042
1269,2024-01-01 01:45:00,0.10577897038780337,46.95414999712307,-0.3068146828125915,18.566852976163936,36.7158645636183,10.983193211324163
1862,2024-01-01 01:46:00,0.4672624886454546,80.25597615313835,2.8480949045294848,17.803506092704946,17.575525444518096,6.7794156241845425
1815,2024-01-01 01:47:00,1.4958921308546067,43.54785332123025,-4.872804184617382,22.294648249652365,17.01049618186076,7.486788288480325
1270,2024-01-01 01:48:00,2.7881428729707656,81.06464617441038,5.311545996651898,9.885667668083054,35.82099618063836,7.831202867369545
1455,2024-01-01 01:49:00,-2.558619874705406,79.63736305656442,-2.0692180307773738,36.66631399023061,16.169689267395988,4.923830478361478
1461,2024-01-01 01:50:00,-2.6793923856538973,39.6661706106573,2.215018805706533,7.152756743158276,5.9888339402299255,7.455535748110105
1726,2024-01-01 01:51:00,2.6253020244440313,78.30577440741963,-1.8469217557931108,24.236298291298105,20.28506157008971,7.166679953649326
1251,2024-01-01 01:52:00,0.1792537531092364,79.82213106176806,-4.646994281322615,17.316716023972127,41.20981757348679,9.205916589994565
1701,2024-01-01 01:53:00,0.6894180874016165,51.79631405336215,2.248308275470249,7.000305361603596,6.597203951522365,5.270274337962246
1295,2024-01-01 01:54:00,-0.10545839043162708,36.833638699321455,1.3725040991606052,3.4984208075092145,27.768590710615463,7.2713073775161465
1724,2024-01-01 01:55:00,-2.438055284355153,61.70166455134953,1.3772427028657104,38.04529559159465,6.699738767791319,5.714819210284138
1719,2024-01-01 01:56:00,1.6085362705119994,93.71180704001571,-1.8679076010669453,20.258115771810367,2.5542241371301384,4.183540340011448
1748,2024-01-01 01:57:00,1.4833478705315208,71.16933859456495,9.20806884622269,22.18859105009988,18.99761775080811,4.835628033021546
1337,2024-01-01 01:58:00,-1.129780071043128,33.83379981018089,-4.947392722839583,30.230295656889027,32.928377484880215,9.036670640041846
1878,2024-01-01 01:59:00,-1.1625645286295976,74.62055397868158,8.37318174996008,-1.3448003630097571,13.821867926494111,7.141403328420637
1052,2024-01-01 02:00:00,2.0270482854331107,54.176242182546765,6.053528847092231,27.11939205085504,22.34198427209714,7.405308634690475
1791,2024-01-01 02:01:00,-2.5658564535520405,67.32230378842985,-2.4189194970009273,2.431306190754417,24.617413144681823,8.595155809786915
1921,2024-01-01 02:02:00,2.286630890139395,78.72512280184864,2.0828797945533175,28.321648828440516,42.08038503896062,9.757777351808981
1216,2024-01-01 02:03:00,-1.4600298606245135,61.19578812115559,9.832751222624088,1.3597902232319772,40.96706249942704,7.638887898387635
1763,2024-01-01 02:04:00,0.5579084865329635,85.11871796586469,4.65547355476461,32.46221649431183,0.21712577156102247,6.442761086705637
1187,2024-01-01 02:05:00,2.615965074010666,77.77244634533022,-3.0893491427199877,25.64573173271556,20.75455781153655,10.075773638426579
1379,2024-01-01 02:06:00,1.0687350092198784,69.20586720148086,1.8646335828464782,12.365062998358916,32.83894249480498,9.143355883464913
1492,2024-01-01 02:07:00,-0.5134211251977803,32.06342526658812,2.0230464485921846,11.147549975616254,42.63456891102355,11.686647737979307
1040,2024-01-01 02:08:00,1.1372052534324908,86.87592887292547,7.033949993246626,1.7026178600163808,2.5399993875578617,6.632574695783738
1156,2024-01-01 02:09:00,-0.9361221821017791,94.87244682558529,8.74244399239233,35.68240100947524,31.449591088704732,10.426676347346888
1014,2024-01-01 02:10:00,-1.3364495019048832,30.957209904743586,-3.7663768506689816,0.33381727819655893,42.11677292854915,10.808783148378183
1812,2024-01-01 02:11:00,2.980099667608078,59.059290354674445,-0.2894406957075155,16.243482483810652,12.828293427110378,7.076115833395748
1064,2024-01-01 02:12:00,1.5047413870787265,40.71109935764036,-0.5234280967232756,5.6433304655411565,10.342290935196166,11.838094903703057
1856,2024-01-01 02:13:00,0.868319864290906,80.36186459404517,9.940721873785275,39.83473786085617,23.44568444156948,6.338744098541764
1838,2024-01-01 02:14:00,-0.8682621406840871,77.730370880376,3.3884067503709954,21.36298231834142,48.13272113049979,6.586265817879003
1520,2024-01-01 02:15:00,-2.7050350250697113,31.270809645631896,8.197472441799768,1.731302652595577,34.67503108594696,12.352486100238522
1343,2024-01-01 02:16:00,-2.813658743789066,90.16218170093097,1.3904927416723583,25.040379892981317,21.281803818938503,9.477561677695215
1128,2024-01-01 02:17:00,0.3250875326927929,34.47784511824018,5.840847256134046,39.62240577501481,1.141053717213942,4.901110745241429
1647,2024-01-01 02:18:00,1.5721963262343062,83.7807220518486,-0.7012153654378093,22.226947627691832,27.88062058555041,7.71013046138003
1471,2024-01-01 02:19:00,0.22427514266313064,56.55842877024039,8.676790352338502,15.582059255028753,17.5045212896661,5.592754624468757
1062,2024-01-01 02:20:00,2.0447104316346874,46.2617834846521,1.8271936147980066,8.197155472839459,9.367110743436523,6.802658674037637
1138,2024-01-01 02:21:00,-2.79944080144067,32.65914101393708,7.055882459741309,-0.8544463327054421,25.057390299891214,10.373454270592095
1498,2024-01-01 02:22:00,-0.7994875414443596,33.409140491730355,-1.1627467498615278,5.271083454544941,17.134993434963526,8.906734670042189
1592,2024-01-01 02:23:00,-1.5775776529549317,72.95124437607203,5.4040651288281865,19.91293508041932,2.0323616713172448,6.178697823662304
1391,2024-01-01 02:24:00,-0.3163621910572676,64.03443103576964,1.0773760660005376,28.9203564392312,36.30275040956025,9.141127808751525
1674,2024-01-01 02:25:00,-2.565741640835265,29.76683373209862,-4.528408655381794,34.506890060334236,36.655887706128965,7.101588940871968
1418,2024-01-01 02:26:00,2.7247898494264353,29.015828835066017,1.1951238063859524,30.71705126677017,30.9796893429604,7.880891842421817
1288,2024-01-01 02:27:00,-1.6604675935838344,25.784845981823317,3.250324626331306,0.6459340617587959,42.05695060946195,10.40558620976831
1378,2024-01-01 02:28:00,2.5338466529015085,79.50138778988352,-2.7235757913023715,29.805694825587103,10.238759034672206,8.935140833398558
1772,2024-01-01 02:29:00,-0.44464106977990925,76.95056681834313,-2.241303422110774,21.172204576561253,14.381457425545118,8.420400820373663
1489,2024-01-01 02:30:00,2.913144799531308,24.674479268366014,1.9729419748473536,16.109840087717068,22.986923565545606,7.118296014388678
1230,2024-01-01 02:31:00,0.3243503007612647,64.82160604775784,0.14094568650109984,20.77438533124363,3.102741680960267,8.404259611597759
1040,2024-01-01 02:32:00,2.5849971850548448,26.77409241941519,1.6111080700504399,-4.636610205238062,44.188934417417535,13.38944279082672
1027,2024-01-01 02:33:00,-2.967906067834663,92.29966164871533,1.9124048398408426,-1.9521390663037934,24.5823675345351,10.244211918728015
1134,2024-01-01 02:34:00,1.4894328370854009,92.5693935344106,-2.898859344458666,18.663217558284153,16.300695789644774,7.002024986664859
1200,2024-01-01 02:35:00,2.4183039186150923,75.85863918505041,-2.282081370948279,2.812866226670092,23.950376023415153,7.41294867616505
1839,2024-01-01 02:36:00,-2.1616765981262756,94.095113715156,7.722480902192414,19.549342846004496,16.323978104638304,6.068385505291041
1779,2024-01-01 02:37:00,-2.423244889607091,84.91624243309525,-2.5592196603427393,10.939610734366683,14.384544679590967,4.321714027221558
1929,2024-01-01 02:38:00,-0.45256435688426677,86.28308607416395,4.988714995123914,35.833540930363874,22.456120118926023,5.718007942325242
1032,2024-01-01 02:39:00,2.6020734367976104,65.57662804559466,1.2779207015168819,37.735754228700415,24.1470431520149,5.649020888901555
1047,2024-01-01 02:40:00,0.2543193611426324,44.48473585729407,9.523550289544612,39.09028508808338,21.723935129276654,7.246204952002877
1502,2024-01-01 02:41:00,0.16473878233039319,37.42392920931373,-4.008434571676437,35.45220981472684,27.44175456498927,10.665410555629542
1406,2024-01-01 02:42:00,-2.1532432902040686,46.176001763114336,7.455832990461428,39.36508830365498,39.19061221401411,9.406508796283127
1573,2024-01-01 02:43:00,-2.9952629334406873,70.27963440712497,2.3717384665393224,26.77662065827128,2.957682764067593,5.003859572411352
1727,2024-01-01 02:44:00,1.860840544472767,33.81252286659191,-4.919714437037171,38.22440259554732,40.594782461963284,12.076855144544249
1804,2024-01-01 02:45:00,-2.4745526220825704,40.69121893098573,-1.0450967159066944,23.88066094555722,11.503866178573448,11.6750984564875
1098,2024-01-01 02:46:00,0.8030989124119436,57.44486902363715,1.1154527882390415,31.414639309857407,12.67943653619767,7.601020711365071
1683,2024-01-01 02:47:00,2.487698727091149,38.644007881969245,-0.2870786982661233,0.9359496725669629,30.013377804434203,10.810343746474828
1871,2024-01-01 02:48:00,-1.748088521049414,67.09149357728492,0.4367419602089999,25.71698144211511,48.78599800851406,10.310317721865056
1725,2024-01-01 02:49:00,0.991637017421465,93.85408227650639,8.750078637057698,36.89964892008668,0.9682267442696838,7.56323597732226
1986,2024-01-01 02:50:00,-2.5278085397549432,79.84714925625012,0.4140104858849156,19.30217086897432,33.68936612175283,7.378986621979529
1546,2024-01-01 02:51:00,0.6225308630256778,73.31412913191303,1.2824406910409918,3.4068871088639163,34.875170575208415,8.177638453823276
1960,2024-01-01 02:52:00,-2.0164096742807835,66.6177180787023,6.416973303671693,18.709985232625066,28.725224620782686,7.393114169248202
1738,2024-01-01 02:53:00,1.4157213630910679,59.03583274056519,6.907503486225627,26.812344732676973,0.5835367083713905,5.45471951952768
1612,2024-01-01 02:54:00,-1.1926122312365508,34.92510877077278,-3.738655223199581,29.640482459382902,30.356954659651684,7.158108063537352
1942,2024-01-01 02:55:00,-0.2196539471721226,91.57683643414924,5.561050518505063,18.566590446939276,5.839563321726906,6.542540140474495
1461,2024-01-01 02:56:00,0.5965832521657299,39.882880161026904,2.238579305151636,4.781561089839254,3.995577693944262,9.689173091058924
1642,2024-01-01 02:57:00,-1.9723595360025625,27.30471020625286,-2.9921916014351693,36.70099548604363,34.833473086756904,11.374770076034045
1768,2024-01-01 02:58:00,1.4498269117057259,80.00121433829563,-1.0293415407967355,29.812783740401073,35.041704325348284,6.489437938928182
1004,2024-01-01 02:59:00,-1.1841579561791127,34.04924274649331,-4.32446754040222,7.180978027792181,44.50660222286416,12.368708146146908
1217,2024-01-01 03:00:00,0.974231159476521,49.75167996329408,0.40355783217752794,31.531581282836846,0.26868539857487855,7.792634273744754
1502,2024-01-01 03:01:00,-2.050301695803758,22.26279426327838,-1.1689033949896377,10.65381922831266,19.0001167205984,8.201626808664003
1766,2024-01-01 03:02:00,1.128705955238102,30.965435403235844,0.7315509607002646,9.059410510077134,0.7123727478689138,8.60910805061433
1397,2024-01-01 03:03:00,-2.23087156313723,33.85629046079296,3.7051082129613526,33.83844823062149,18.296661055092798,6.697371404209059
1870,2024-01-01 03:04:00,-0.4478610223800983,24.352810220014234,5.9850932805492985,34.29558430677046,24.63373112289767,9.60138930743646
1794,2024-01-01 03:05:00,-1.516763557566739,72.53255652982762,4.0802797983929455,12.931663126854062,26.53348516134637,12.653064241971526
1392,2024-01-01 03:06:00,1.4902514965690958,86.96062366424938,5.175659533899186,-4.598473771329597,17.86104240697305,6.172639758979829
1206,2024-01-01 03:07:00,-1.4277899729587527,49.86523250927527,7.9845868092819,3.3954529629996344,36.29253826851375,10.487010493004309
1014,2024-01-01 03:08:00,2.2903038383723775,89.96611813745605,8.107366651922664,35.91833477010514,20.83818664528579,10.55849140936168
1857,2024-01-01 03:09:00,2.350921268439677,37.06772596481012,7.9107902253876095,35.4437201674776,25.90461446143069,9.946489189665854
1553,2024-01-01 03:10:00,-1.821352108663285,46.03123388489916,-2.702466267807101,15.400513664205143,40.02437128920975,7.0892506123637355
1891,2024-01-01 03:11:00,0.6830756700463456,32.058959442493475,-1.2339629960953196,8.685251827414536,8.797708040086581,6.3033475041787135
1460,2024-01-01 03:12:00,-2.473694149680214,69.64473563351989,2.5348795739135817,8.623673144732724,16.112672104834804,6.067301116125329
1690,2024-01-01 03:13:00,-0.6507774023902249,53.589567269624546,0.38108941024040455,35.373766118284216,26.11933707333472,10.125589100553048
1574,2024-01-01 03:14:00,1.2799303770076333,69.0626677473519,-3.0249654758005518,9.612998993898243,38.404149425750155,7.9772752964713085
1863,2024-01-01 03:15:00,0.9565394810994974,80.93399243153469,-0.6837464809152287,18.02111168830493,21.325235831701427,6.517722893155605
1742,2024-01-01 03:16:00,0.7482040164396477,63.656241282635875,9.631431424984585,27.895497276680402,3.731061936274737,8.571435267387125
1240,2024-01-01 03:17:00,-1.3047548180253385,70.21042839214303,0.20390133244804254,4.426646872423847,49.44264354041624,9.167873235557055
1563,2024-01-01 03:18:00,-0.7318503033935881,94.82002515154663,1.2837110244394214,6.422758671365214,35.424745061876365,5.985324175772955
1095,2024-01-01 03:19:00,-2.382323131798283,43.92514476870745,-4.903978672140545,11.112785189280707,36.16448328378634,9.581487464556352
1899,2024-01-01 03:20:00,1.3141369226016062,48.733115090716254,5.791223196852981,24.44005252063255,23.308735084921306,9.162567542805567
1733,2024-01-01 03:21:00,0.023332780747641113,77.41626893674695,1.2032509831806966,31.787079301584754,27.397298841438037,5.784014522421798
1484,2024-01-01 03:22:00,1.2525937940739276,68.90444136443094,-3.4528990565725834,19.601759349894976,49.70301734479722,7.5050227818661535
1406,2024-01-01 03:23:00,-1.5063388512187634,34.282632363177186,9.528351074570079,0.9817931492330656,29.796273613504795,12.594407898532166
1230,2024-01-01 03:24:00,-1.0533706281896027,50.091784800839214,6.661498188776301,15.081048538137448,11.024580357639254,7.651400666883276
1748,2024-01-01 03:25:00,-0.9947079764393121,57.4270410499772,5.892251341490903,0.74608249554373,48.22254901199074,11.613581789617932
1654,2024-01-01 03:26:00,-2.845545541516703,53.55118703747115,9.368085022625042,-1.0266273649987108,26.934357854060835,9.413401344038233
1170,2024-01-01 03:27:00,-0.9537127630162585,34.261984665763265,1.112201267757067,21.53275464331515,1.1316001088589958,4.6193859002994
1540,2024-01-01 03:28:00,1.8198274411082007,93.95440734274098,5.778003104386727,38.02954503090653,28.710238751716656,5.8696881905483655
1035,2024-01-01 03:29:00,2.3837909744984316,80.98550093551808,-1.906881539218234,32.69253250003268,3.6167325900091436,7.017272710229336
1524,2024-01-01 03:30:00,0.10930989381556477,58.50846656862818,5.4568082117818015,29.851206814412187,26.426656686647195,6.915063771620711
1159,2024-01-01 03:31:00,-0.2669898286846788,74.40488226454693,-4.788813617185958,27.717518463940017,41.284051025031786,5.1468971450263155
1838,2024-01-01 03:32:00,-2.8150522878037787,91.78261377084175,-3.105419293390788,35.37075357110639,26.989431920495736,9.122349150026398
1698,2024-01-01 03:33:00,2.2752260255122962,30.893931388925697,1.3788837790427273,28.877578786424998,18.73532136209227,10.741487129034375
1242,2024-01-01 03:34:00,-2.9219387194447637,40.02984405655822,-4.818609577909878,23.209480538534713,44.14222656671211,11.23673505160413
1085,2024-01-01 03:35:00,2.6685004812612707,63.4160997805316,1.9294878317562887,11.410603612317416,46.38674488868935,12.701097224346716
1795,2024-01-01 03:36:00,-0.06470250787145604,83.92082970818869,2.841876235975059,-0.4575249563093262,17.439800021748212,5.058622287283958
1577,2024-01-01 03:37:00,-0.9483930385516404,22.90039163532219,4.324098963806231,15.746501372980468,24.997644120452133,11.475563382974338
1681,2024-01-01 03:38:00,2.54531060905596,98.72145201570885,-3.4941998450957543,36.61529062654153,49.147822574877864,8.502312396920896
1556,2024-01-01 03:39:00,-2.8536540413394196,56.39252823059177,-2.284821303091815,21.239511941881865,8.987232209796712,9.7791481406395
1573,2024-01-01 03:40:00,0.48854936921452286,48.73849124973784,4.1992505607579265,3.3026880952810114,14.977846476686672,10.787762346506682
1952,2024-01-01 03:41:00,0.29359514699602585,43.41795502718175,4.872815686939589,24.206048881637976,21.478280538159407,10.081345049184193
1645,2024-01-01 03:42:00,-1.6840775927317075,33.94853661206973,-4.611496576845856,15.945800533622702,5.13432604104844,9.519905023017587
1795,2024-01-01 03:43:00,-0.4266754118987368,83.32591271440222,3.1055104317255733,36.91210398623349,13.674924169359814,6.768290313531678
1027,2024-01-01 03:44:00,0.9135840356626215,96.43313317968773,6.774725979982488,2.2422959527901165,27.27996547404519,6.731536215927841
1619,2024-01-01 03:45:00,1.3627871812915648,53.09158038763186,-3.963486833219089,27.040528682804315,11.502053213483043,7.790485977817996
1555,2024-01-01 03:46:00,-2.9956988477605213,96.1936555802765,1.197592978697796,25.672110916306075,34.34562077165178,8.540770640989045
1339,2024-01-01 03:47:00,2.6211205805460915,85.90380923480274,-0.10233090454847193,39.25937103346771,17.44880695656993,5.571952206597819
1797,2024-01-01 03:48:00,-2.0128477656431256,58.48409019810546,8.70498438028025,20.42104569782974,4.580767321710872,7.586804366321019
1957,2024-01-01 03:49:00,-1.5985173946658449,73.92209433009062,-2.2129641019031703,34.2208316170138,38.25019794099292,11.944422948391294
1330,2024-01-01 03:50:00,-1.4191593258369106,54.798734333637036,-0.22459380283279806,-3.887872811085619,28.41407357843077,5.627068656230467
1639,2024-01-01 03:51:00,-2.7730791806877884,64.69787265700418,8.476671174869544,0.5301385700859678,41.26097720871579,10.718235737358716
1505,2024-01-01 03:52:00,-2.2616872584580507,24.643706961480305,-0.04020040910040823,10.567235778093874,18.071565694780038,11.06130269995153
1347,2024-01-01 03:53:00,2.918099537664972,75.70107802404266,2.9702116087839157,22.8697328720757,1.0670338250775386,9.499919712339867
1472,2024-01-01 03:54:00,-1.1086995757362836,24.225971558730937,-4.50446994153681,15.208570523533389,2.4297558472464513,10.107419892506257
1230,2024-01-01 03:55:00,-2.3081934579657037,85.36679575357196,9.773536542625543,4.121331130596499,39.792946111570345,10.368813498596792
1189,2024-01-01 03:56:00,-2.35805243295226,85.9957543568446,7.374200618067842,21.51416829511455,20.590996484428114,10.344287566658547
1224,2024-01-01 03:57:00,1.3167598060198316,38.96618300449717,4.516014171200144,20.501457670361326,48.821646690567746,12.651649867756369
1384,2024-01-01 03:58:00,2.127411984195845,45.89302248286402,-4.0886709036502955,18.60013653343819,41.53238773270719,8.114822725461316
1376,2024-01-01 03:59:00,-1.4582862029491808,58.50483028466346,-3.8769505794082897,-0.924974955018584,0.9044819439388213,6.025249985540711
1282,2024-01-01 04:00:00,-2.87454292598859,67.73303255459851,3.174604461860346,36.71614717403039,43.51201198494081,11.461720130275756
1957,2024-01-01 04:01:00,-1.6614598893278651,42.98829293935974,-0.7240334569484865,21.65148866656464,10.722022076372413,5.8866351395096395
1632,2024-01-01 04:02:00,-2.6609058552194558,67.398912370554,4.3418417125476,6.879628623939576,24.364619978508657,9.22304621072456
1627,2024-01-01 04:03:00,-2.379630380219751,43.822965858343906,3.972887227716587,25.93381856775343,25.35545526209372,8.888020381358713
1972,2024-01-01 04:04:00,-0.410951280914146,24.439257685684854,7.579770974189467,9.30585958909993,3.080087987552654,5.7142429226415326
1744,2024-01-01 04:05:00,-1.6204897748302045,20.202203986552718,-0.7793440893103645,17.763521204849162,6.370715756463431,7.16387035269474
1258,2024-01-01 04:06:00,0.09567527115254038,28.092084633474286,3.667952867364889,10.350929697654234,21.21006533112749,9.600153383268976
1358,2024-01-01 04:07:00,-1.4790374804568578,83.38005601312146,6.660449782581415,34.61773119419618,32.16678174011187,9.580912336452784
1709,2024-01-01 04:08:00,2.6432238066176854,96.91450499066697,2.361594794834893,39.72912630407186,13.294407169282985,3.4628069741214675
1455,2024-01-01 04:09:00,2.435663807557587,54.15729594249754,7.459654974084167,2.253192939755441,26.36740820034043,6.6230712786817145
1410,2024-01-01 04:10:00,0.40083663006279613,61.014716275995426,-3.0308569763934057,-3.938947224953141,19.01885539190825,7.101677753388138
1648,2024-01-01 04:11:00,-0.873456048075683,31.747853525874092,6.0084664772071505,4.869512814191911,31.55513893704809,11.785669830042231
1317,2024-01-01 04:12:00,-0.7131187077915868,64.08250821441257,9.144731372814677,21.547839239392605,21.279421334664068,5.128339089250297
1676,2024-01-01 04:13:00,-0.528886301133018,31.572392160558145,-0.021750185096508723,2.8278012809889876,42.5964916860917,9.913170106107144
1224,2024-01-01 04:14:00,1.3654759328096642,68.89714649590641,0.49504663617947386,31.516799107276903,49.188829020623295,9.128637468360749
1818,2024-01-01 04:15:00,-0.2901660268869728,94.66069340646831,-3.7467548421371792,13.390175955749907,45.661286442947116,7.7521528603860625
1233,2024-01-01 04:16:00,2.1403796790353846,35.65588314424317,4.622391693620676,22.47397333213583,8.513351347549106,9.161189647064997
1683,2024-01-01 04:17:00,2.6645687155821873,81.16509744456816,3.286760884523053,15.50280287302865,22.913166163325926,10.06530059347553
1663,2024-01-01 04:18:00,-0.9843230797263969,21.880193825465923,-4.394813619014483,35.649756472852914,22.99500426082848,7.547332487817549
1974,2024-01-01 04:19:00,0.36416688825408094,50.03977930572968,6.283180404569675,-3.4189098321974996,42.039272948206936,9.556897294159295
1826,2024-01-01 04:20:00,-2.4296607790046134,28.859880626440724,7.439267436175374,27.818585304546986,17.92374725859953,5.783286044211346
1373,2024-01-01 04:21:00,-1.797185713401846,48.19803532765596,8.606794062111312,24.347746000339,27.52513328216925,8.83865647482586
1671,2024-01-01 04:22:00,-0.5192053997390396,33.88295357111068,3.1860112925596322,24.228176394359195,30.503022261331658,10.111563793640967
1607,2024-01-01 04:23:00,-1.7627837045893269,49.86439920983099,1.7887005235263604,13.62952268671923,5.6648872013004965,4.387029740184
1471,2024-01-01 04:24:00,2.259362944732305,53.40182448860243,8.14205731798116,-4.2946147185846115,27.942260416655802,7.27787723087748
1232,2024-01-01 04:25:00,-2.0502824636454116,44.04728982247347,0.9804522860220857,26.015832488558104,12.417390268896144,6.639856424613486
1691,2024-01-01 04:26:00,-0.26603507068144827,72.52975595785033,4.831646878518425,32.326204576371396,10.41018232903898,11.287280263691056
1112,2024-01-01 04:27:00,0.6341954427592542,93.50816410071278,4.230433846013895,-1.1646360055693346,12.590747449598343,9.363864364636452
1829,2024-01-01 04:28:00,1.1511834489650665,52.047629928421784,0.582416497277678,14.872787690978587,5.057664733511285,4.998982323228927
1496,2024-01-01 04:29:00,-0.7015837816409594,35.387452518001716,-3.696650936509278,2.316768427617439,3.57953950603549,7.936711746095406
1441,2024-01-01 04:30:00,2.2145944123483714,41.65782065567867,-4.678766919939715,22.49220038933237,32.37863183308715,7.663061288866339
1563,2024-01-01 04:31:00,0.40991490646755313,88.32006587970952,1.4235661080308084,30.352219436156652,47.054845307985254,9.104448069706399
1267,2024-01-01 04:32:00,-0.36295331731468927,65.73117786161183,2.218023622350352,25.001795421733284,34.431181095088796,9.911696155031008
1509,2024-01-01 04:33:00,-2.5965561956877803,56.400882584556584,7.34017402284838,9.312703171864847,15.661594869775701,10.50296086605793
1806,2024-01-01 04:34:00,-0.21186318932900994,31.970937720714137,1.216174748672067,1.2879716274572717,16.818825088823083,11.725829269951562
1385,2024-01-01 04:35:00,1.9244150448943813,55.97818466590255,-0.7826018789979612,30.7420665722708,27.115321240884185,10.011340748317743
1386,2024-01-01 04:36:00,0.6872461093278925,42.279360268590935,1.9314470211272985,9.576258632171147,43.32846362795245,7.8548126347843485
1112,2024-01-01 04:37:00,1.9929747223747096,95.45305022826794,-1.4301427936396829,-4.003707571500824,10.202981062394253,8.147294676639062
1612,2024-01-01 04:38:00,-0.035929976404166286,90.7256087532585,-3.6295908332756524,20.713954645716285,23.478716953522095,5.178222264369331
1624,2024-01-01 04:39:00,-2.289229769433109,26.71220334625584,-3.3043544947083916,6.100478960502025,24.9974414498979,8.337556282829299
1951,2024-01-01 04:40:00,-2.9181609249847136,61.33227914089943,-0.21268310154608638,32.85426992611796,46.56805874823458,8.841427386500069
1080,2024-01-01 04:41:00,-1.1806827196884528,38.00466764117377,-4.80985373662264,1.4464841975850344,26.854028620072114,9.917158312103693
1698,2024-01-01 04:42:00,1.1879428289867544,52.86216716194325,-1.696950699781428,14.566038207666264,39.06484779607845,5.864353251287795
1112,2024-01-01 04:43:00,1.7415594236501626,90.14783986011652,6.812847113985308,6.390859162495531,4.481278876972605,5.670954862593594
1001,2024-01-01 04:44:00,-1.2254829922780235,62.20116159108358,-1.480742113545337,26.03207286494866,16.413488276691478,10.974713529706946
1641,2024-01-01 04:45:00,-0.026076474700517327,46.73722346966079,-3.3390573344072614,19.683890921083968,30.61003031857575,6.221998538582303
1219,2024-01-01 04:46:00,-0.4732865733955105,36.63106832839976,9.236208399918088,30.59444736618682,33.914132802808425,9.682596894270121
1565,2024-01-01 04:47:00,-0.5368632938914328,84.02598875251914,4.337051745274291,15.637565885064348,44.27208631953589,7.656481905594491
1854,2024-01-01 04:48:00,-1.611907720799097,69.96144122914777,-4.099610758465012,-4.783620580502198,29.56214486664672,5.9288887219318696
1996,2024-01-01 04:49:00,-2.18177336982325,57.445236834098495,-4.066340502576457,4.683841624277306,14.550002609845262,4.740995597404055
1735,2024-01-01 04:50:00,-1.8198686506127213,37.39874830903824,4.181831885487545,39.96206986874231,27.00085241096654,6.6569391747059665
1224,2024-01-01 04:51:00,-2.6680056770199236,46.739709932570506,3.101932030973675,13.240524518927963,35.60534746364633,11.255836130023662
1384,2024-01-01 04:52:00,-1.8112155490585378,96.78747413908148,-3.974378414105227,22.910579854880147,39.23882576531783,6.0725126475071285
1402,2024-01-01 04:53:00,-2.9447946142477233,61.607195008466746,-1.6352678753999692,35.72192236264407,47.234755107398115,12.436091758428567
1637,2024-01-01 04:54:00,0.7635504038158696,52.05594249946024,8.935643717283824,-4.07641180347102,9.618556868985678,8.16381703380562
1129,2024-01-01 04:55:00,-1.1017475556739027,61.71376338786591,3.580162157215259,24.68233283788279,33.08116352096373,8.990536588874667
1052,2024-01-01 04:56:00,2.838868268561452,82.31908047196869,1.6048809722174537,7.976963829029653,10.095406900796464,7.741615059998135
1683,2024-01-01 04:57:00,-1.8376976953422128,47.208714920229504,-1.2476688211945093,7.566171490859416,15.961829216524562,8.602217107564373
1729,2024-01-01 04:58:00,-0.9250285781424363,34.29648967460871,-2.9945293654719354,5.11831314617381,7.223948501669285,8.787384765336336
1671,2024-01-01 04:59:00,-0.852953048150801,66.79488946712382,1.0394752616602156,32.022814733102194,38.67238782090378,8.63751466930032
1709,2024-01-01 05:00:00,-2.9492910236252365,73.21632827848538,8.835498389969509,11.782647960092252,45.70857607184802,9.263305762954932
1415,2024-01-01 05:01:00,2.0352477182367537,77.01744023668397,-4.2693290648368745,-1.9797557782808415,1.5934472323305413,9.540969658520288
1246,2024-01-01 05:02:00,-2.8080332391340517,90.55900726129038,9.864682239142999,-0.6416978952576597,40.694050938078966,11.184092512634988
1835,2024-01-01 05:03:00,2.6410790083754483,49.69392965512904,-1.882809196969883,1.6876463209060928,12.163593617378506,9.370157920945427
1438,2024-01-01 05:04:00,2.3524461065617235,26.028391698311346,1.1315104059851393,35.45174142629163,24.399763550794987,8.158178508190995
1202,2024-01-01 05:05:00,0.21313149651578112,96.66788669047537,-4.324230377514237,14.234954192830411,37.436137066107285,10.184649324230165
1183,2024-01-01 05:06:00,0.2615734494677522,54.80095419499801,3.7717330466204704,36.22222028197844,25.392030669515588,8.283335808697265
1122,2024-01-01 05:07:00,0.9226675377369382,69.8606007738505,2.2533289810148736,31.786576274295598,11.63936995526927,5.82934324135266
1400,2024-01-01 05:08:00,-0.6776999283906782,73.30442585026339,5.000605521021699,32.70471795660316,45.317668475908846,7.939370112310896
1766,2024-01-01 05:09:00,0.8833337003871327,63.72109669609628,3.1401719093720892,7.90743150093247,29.71977388191897,8.66642466517712
1293,2024-01-01 05:10:00,-2.7313896678690788,36.420602378901606,0.9726667697060352,7.2091485719291075,46.56965360193615,8.888775770717722
1279,2024-01-01 05:11:00,-2.6757142359016406,80.41144400929132,6.066350467175061,20.20307709270226,42.34740276301764,8.542395729778693
1836,2024-01-01 05:12:00,-0.25661748228273407,84.30015794432653,-4.624683083195634,13.806623289547783,43.841723363474664,11.777175573786192
1883,2024-01-01 05:13:00,0.2977338066362094,64.23804688139518,3.115435313118928,17.9077309735156,18.14946547603293,6.504771204143846
1609,2024-01-01 05:14:00,2.326905842014914,59.08489284678733,-3.29185694256486,-2.6058109164035237,49.36702501543482,8.301149554949196
1197,2024-01-01 05:15:00,-2.3720361965526227,29.115054650238825,1.5401249962874992,38.72155860681376,42.63448373827481,8.365985222903614
1981,2024-01-01 05:16:00,1.9358875631633357,26.716132919982705,6.866879752870247,-2.3824036471944594,16.94658887680846,12.335348793170823
1906,2024-01-01 05:17:00,-1.7397159762475825,47.1651876450823,-2.863088806093997,3.047408394784929,44.83112633699206,10.670090764749663
1510,2024-01-01 05:18:00,-0.6354981089398088,44.86769244139146,9.03715523158728,25.519023617586612,37.78911223303245,9.351930199557824
1751,2024-01-01 05:19:00,-1.1003853910355226,96.29251607706169,8.327570385871068,1.9975698277862417,36.28433758511634,9.386856341791198
1143,2024-01-01 05:20:00,-0.5990683628076061,82.68981939547439,1.2235760630004773,-0.19085325314949397,0.4106689399483394,8.60569416259577
1608,2024-01-01 05:21:00,-2.097027011564487,72.7939436207248,-4.910377389110952,1.9129171616914968,1.2261390924077233,4.669938365141334
1200,2024-01-01 05:22:00,0.021420446421329675,61.41184712140841,6.84617240011729,-2.2135890552615907,34.77014744009722,9.830314516571086
1123,2024-01-01 05:23:00,1.809855538988204,33.38940245813211,8.213437051184243,6.309343311625495,14.006308890099762,10.953207935325365
1186,2024-01-01 05:24:00,-0.3507959377266183,98.27653377474272,-2.3789286146685114,7.200367195666656,3.020065523638668,6.009739385783417
1325,2024-01-01 05:25:00,-0.05631854461080543,50.0032558592168,8.742883132248355,17.437993939674477,14.368957932478393,6.8061281060005925
1463,2024-01-01 05:26:00,2.0926055116878857,28.554048195779586,8.711459159420441,14.742513274214879,41.911682774331,13.883965745185165
1348,2024-01-01 05:27:00,1.236348687828185,59.503911657259685,2.0693627655128566,16.31710368169803,23.583528678350685,7.738555256423661
1770,2024-01-01 05:28:00,-0.05727354888129188,89.91984092904666,6.970522161967628,22.721777689400618,30.81740500774708,6.107987564198341
1659,2024-01-01 05:29:00,-1.453826110864922,90.98328014218636,1.6742196740798256,5.393264406229472,40.045220172133035,7.134398841030913
1763,2024-01-01 05:30:00,2.3095604810698003,20.87727328451578,3.4606939887792674,1.0616858991352824,16.236386147034683,4.934346972485079
1954,2024-01-01 05:31:00,0.4621224101433503,90.90365958011198,-0.20241485285355054,34.54952253904946,0.6561808202186997,2.941566150635413
1931,2024-01-01 05:32:00,-1.6731143393358396,41.71873739998868,-2.607959820187633,23.527360280602807,16.233722181966677,10.92862862572381
1402,2024-01-01 05:33:00,-1.3852814841719379,23.117789117473848,6.198048757210477,-2.2701517729340166,47.83825165505286,8.575422963423893
1345,2024-01-01 05:34:00,1.8187985336174757,87.82322162902994,-4.979107332212965,38.24732424553691,24.166020787529778,9.074460367868838
1962,2024-01-01 05:35:00,-2.7351266274752675,89.10934047905667,3.6932903447317216,26.1880826020784,28.53339942851989,8.567400896164624
1510,2024-01-01 05:36:00,2.9525531221729207,67.698486387388,7.970290395676955,1.826708893915523,38.04542505407338,6.775898175638535
1146,2024-01-01 05:37:00,-2.217889921711249,65.95470058370867,-1.6808406983532418,38.61104942543803,5.835175591139743,9.1742661188221
1147,2024-01-01 05:38:00,1.7764111523816242,85.04962180971356,-0.006508148029964467,11.443330446233489,36.7234047448537,6.90290152842038
1863,2024-01-01 05:39:00,-0.6313480993699025,82.90476421682239,3.8122877929669414,39.30295359391466,14.957946877725542,6.962667603645116
1710,2024-01-01 05:40:00,-0.04670290027519908,91.20843787541632,-1.2969463020328984,-0.35259667730201816,19.46925863064599,6.028277265888428
1819,2024-01-01 05:41:00,2.2839034647874676,64.21979580773628,7.712302859961746,2.1986147665973075,13.547544220751938,5.458040257648326
1488,2024-01-01 05:42:00,-0.5225328624647205,97.41176741862469,0.4990475066883251,24.583879789367987,7.761922751729616,2.4793446150353504
1928,2024-01-01 05:43:00,0.22496252203940692,99.69174647466707,3.7242057972982927,-4.003544067526704,18.136922553092187,9.670171611525042
1935,2024-01-01 05:44:00,-2.7042020255449803,29.32356879989061,-1.6081827860118687,-4.158966145179394,4.8224835422254815,10.178105688679862
1639,2024-01-01 05:45:00,-2.985915156795281,87.96350076432977,-4.379204945135214,30.639227450120515,42.254425188858015,7.818502063426208
1550,2024-01-01 05:46:00,-1.5312007619896446,59.98578061988712,-2.3944960097950907,2.550114928291914,15.366722952404164,9.178173057798375
1337,2024-01-01 05:47:00,1.0834985575126037,51.00530706398657,-4.307015935867952,36.34554966644233,32.71550418450989,10.715636498791964
1871,2024-01-01 05:48:00,-2.2724106398451798,69.0457847906172,2.0290584941982885,14.165327297711727,14.905108223763937,9.343472546707401
1640,2024-01-01 05:49:00,-2.3174282471727032,24.477244580960562,3.7995608637707416,34.314355943467405,10.614131683510884,7.343886673951776
1778,2024-01-01 05:50:00,-0.5342363517845801,60.51688950136639,-4.329871884718209,13.79936128389378,35.71148921000193,8.85374627025306
1987,2024-01-01 05:51:00,0.8870222316493592,89.67124560213334,-3.642766676931007,18.860350223746302,31.23779064495249,7.102762424767702
1952,2024-01-01 05:52:00,1.2724319534875832,37.0769212911175,2.2828754021552635,9.243137275438574,10.983436067825577,9.447932891574913
1472,2024-01-01 05:53:00,-1.9292959554097513,54.11119158155401,6.987698983014642,24.613438799017082,30.643597804480475,10.343396399222659
1945,2024-01-01 05:54:00,-2.522471115767745,95.15847101719004,4.420137683735788,9.319052467437976,0.3495837192019917,4.333264726888353
1150,2024-01-01 05:55:00,2.6423822036732654,54.28510702445578,-3.4293466984419583,5.042654403252216,8.928038869350592,6.795549832141417
1414,2024-01-01 05:56:00,-1.4360017046273896,48.669410586591866,8.313134107622421,-1.3528709616784655,36.41492352205067,12.821880653551043
1989,2024-01-01 05:57:00,2.120078985652343,55.24293184987026,8.7617535218462,-2.4048793477468977,20.566518259656153,10.289359438878957
1297,2024-01-01 05:58:00,2.1809487027769094,61.55622132140451,-0.12564758225808692,8.768845894103002,10.261081458751478,10.778582403705718
1610,2024-01-01 05:59:00,1.6351355505752672,70.55930753051751,4.240266878220433,28.141300536216498,25.345227213310732,9.59077993323136
1262,2024-01-01 06:00:00,-1.9869983600845795,84.05542407333849,2.3849072527706774,4.2529029854627325,23.314328350904674,6.9019890072150805
1763,2024-01-01 06:01:00,1.9308087555252023,56.16817646114514,9.130356529447333,8.465235256277346,31.73342099584626,9.868496141582568
1143,2024-01-01 06:02:00,1.61550335544952,85.39847480721123,2.631227994231037,35.73271383349557,3.7196621650191153,7.8188692894471945
1345,2024-01-01 06:03:00,0.5803379406373024,62.69765290816645,9.399487205680964,23.76208731150943,40.985546563227196,7.576953645077632
1623,2024-01-01 06:04:00,-0.9767877889862833,47.078440829438215,-2.0098617420469083,36.387507523988944,3.0080112685644997,7.988497789929901
1571,2024-01-01 06:05:00,-1.4249483744007354,72.63606624955314,0.1830513654351993,36.00517153016354,22.747378199536374,9.402246282266221
1880,2024-01-01 06:06:00,-2.268664727517846,77.41778037947931,6.720178601442061,-2.146519288143953,35.55260388104993,7.497137852552828
1001,2024-01-01 06:07:00,0.05854240140522826,64.643918050359,6.754161033900518,37.97541962177642,17.30607062977888,9.24205559970966
1896,2024-01-01 06:08:00,0.5115652530590791,24.529197850777873,5.982749109350577,-2.696991842243495,45.51491464919857,11.509210157928173
1303,2024-01-01 06:09:00,-0.8439660569052769,33.590630012865994,7.894171969979562,36.65285129868191,37.78606963214786,11.656914162972177
1253,2024-01-01 06:10:00,-0.1478455939147887,42.82381767121826,5.538192594157183,19.603004649552215,21.359798436386228,6.15687057915913
1651,2024-01-01 06:11:00,-0.8189132557844001,42.610048476119445,4.541277167083507,18.993531229482617,9.27293704926546,6.213100859151326
1452,2024-01-01 06:12:00,0.8460363439242076,73.87366401974964,1.8838751961626814,27.096882817891853,2.2676015376637024,6.505595154949425
1036,2024-01-01 06:13:00,2.4075552467793795,21.467892933890607,2.006316149939903,34.56450718427785,40.103049938293296,9.001879800770228
1159,2024-01-01 06:14:00,-2.0164784277183307,80.45454216396159,1.0924223980636247,22.76520500475656,9.794284868225676,7.648579432149859
1008,2024-01-01 06:15:00,-0.7115471405812595,41.227397984554656,4.303176995557305,14.142993420159467,13.55674130150385,9.690803713406424
1232,2024-01-01 06:16:00,-2.154788376294832,44.80174769728819,1.0999589384949031,0.035020434314806614,0.6178803162239773,4.950810688018216
1098,2024-01-01 06:17:00,0.749662622446992,62.23278623551394,-2.7875852887010453,30.51441876526954,1.009521559880323,7.807972356512086
1658,2024-01-01 06:18:00,1.3732230569315744,37.2740480751166,-3.4020557568702987,0.7732071611862308,11.597879864983232,7.963404338613228
1815,2024-01-01 06:19:00,2.591476395584735,90.75770508604221,8.867084128656668,27.68646375396593,43.65613746495485,7.632608086694372
1207,2024-01-01 06:20:00,-1.3267684424342105,26.829502346125224,-4.628916386931754,18.75662256019117,39.06307011797981,13.00022586982518
1130,2024-01-01 06:21:00,2.7012672351925815,55.55058898408519,-3.417991072915213,12.362616614113083,38.51666843912089,11.340177131089094
1403,2024-01-01 06:22:00,-2.620423969075951,87.95378155639119,1.6795731196838002,22.584387381401545,41.369035239968504,9.873325537252576
1151,2024-01-01 06:23:00,0.6180831801875293,69.26751155369885,-1.0561059964343027,29.756023873354437,9.412017089506051,7.178150321196502
1053,2024-01-01 06:24:00,-2.65720368394002,43.38636126741068,1.0877335060321887,37.351282830277945,48.95535793823774,9.36644001082889
1119,2024-01-01 06:25:00,2.3626451265716693,53.660816622116855,-3.23828927609175,6.9113597277009955,11.686412354096433,9.562322004407099
1672,2024-01-01 06:26:00,0.17885434242032439,76.53555042740118,-3.03639594728939,37.62085720952642,7.581499561868205,7.059835781922864
1919,2024-01-01 06:27:00,1.0160901045767767,97.86085946911194,7.0098686308767295,38.242662069450645,14.802770215581043,8.20036424889079
1627,2024-01-01 06:28:00,1.9894435554627155,91.45109747035468,6.386631161504557,31.613373151585606,26.569621773624906,10.323968622798096
1586,2024-01-01 06:29:00,-2.0981362650961874,47.39462467059014,-3.436207014130785,34.66467287240571,6.309087958439957,5.422731523438482
1624,2024-01-01 06:30:00,-2.768450628371197,99.8558303430286,5.0168562234853,26.159238117272725,36.95718906687166,10.235317622478162
1967,2024-01-01 06:31:00,2.2732868754771127,20.28037308248466,4.13966985033225,-3.2406251030921895,18.639181783334347,6.492486406873034
1419,2024-01-01 06:32:00,-1.110400635246405,22.210380464673207,5.700440840203445,20.878534511742643,28.463985127296482,7.865354779045944
1421,2024-01-01 06:33:00,-2.2261265524370084,85.9072412136955,2.1167335684371116,28.62420533323474,36.738377580138994,8.125693158854215
1103,2024-01-01 06:34:00,-0.18923257747748057,35.957014946644165,-0.9501975869983879,37.37664106178508,45.10449800502134,14.54592006016179
1851,2024-01-01 06:35:00,0.5898364541761127,24.86154147169927,4.95518754034792,20.670333115849314,40.9854136394909,12.961201614678378
1253,2024-01-01 06:36:00,-2.8141763794649393,38.971845858920176,0.5703613978423299,30.73903052158225,26.91968685516662,9.461913716601789
1226,2024-01-01 06:37:00,-1.3506260504574736,54.08801231846881,-1.7157064848175931,26.72674228950223,49.559527484682356,13.334367952272098
1111,2024-01-01 06:38:00,-2.803200754338624,78.44530163467239,1.1294352057892478,7.636129984641183,26.53398548160988,8.780637467895286
1509,2024-01-01 06:39:00,-0.4779876648270065,69.94684212409643,6.4490475340143085,1.9627633818111354,26.8450106972141,11.696526258442663
1472,2024-01-01 06:40:00,2.370600174397466,39.00969740483363,2.1368979480430284,28.79073979050552,8.008560930576984,9.271084310143229
1098,2024-01-01 06:41:00,2.895914468961415,60.26163584804675,-0.5020360484986686,5.519576253077833,7.521154752128623,6.261032220342627
1152,2024-01-01 06:42:00,0.8222853210217651,94.0971284318855,7.478029222357424,6.011119958356341,8.51818620314313,5.1997881349927635
1860,2024-01-01 06:43:00,-2.030173837292449,85.20062215870061,8.22465632771402,23.97758074152914,29.631885911866913,9.710941880174449
1913,2024-01-01 06:44:00,2.4350963399958347,45.85518278654347,1.4987563565901212,30.50808088132878,20.81707848292271,10.082561065990356
1895,2024-01-01 06:45:00,0.09748693920036278,98.5811649084557,0.6203203109034199,21.20494417875563,19.355636633055003,7.239416281026846
1877,2024-01-01 06:46:00,-2.0775041273824915,76.68963203481047,4.190484205284475,34.82424192455821,6.465158797262276,4.6795453948687
1337,2024-01-01 06:47:00,2.5303600167099685,24.995948453342542,-4.130383309131305,4.514947116280352,19.116401567761063,10.907323225349451
1705,2024-01-01 06:48:00,1.544814304338618,22.812857063091094,5.369847408513957,6.35864932933328,18.961694635591936,5.715146202579298
1821,2024-01-01 06:49:00,1.3902316363389096,33.4726359208024,6.734314080658702,23.662997687085003,31.07863738684648,9.882345408468291
1162,2024-01-01 06:50:00,1.2550842227664276,78.22846944401175,0.9616289088575751,32.32156830782336,19.48164398832389,11.563172377326538
1719,2024-01-01 06:51:00,-1.797961073421346,34.699114067394234,-2.3807622498890533,19.27083107552051,20.996224506180198,8.033291910016738
1956,2024-01-01 06:52:00,-1.7339598497548436,60.91894153670668,-4.567724372887048,-4.532829201385422,13.699893666970587,5.814248481638321
1680,2024-01-01 06:53:00,1.1297579905635295,27.46080961446654,4.558683992306499,25.462440814312348,6.662045205348289,9.589392239482585
1995,2024-01-01 06:54:00,-1.6816634993376187,93.67089262641561,-0.9650989004763533,31.611209485807066,15.070543189165148,7.650559212564324
1160,2024-01-01 06:55:00,-0.3679698191817069,47.516849086685404,1.958343806819264,7.4444632553188335,2.233990482910506,5.737383244033473
1579,2024-01-01 06:56:00,1.6920109535636483,92.65056452485047,0.795332824862963,-2.5610797002979653,10.265127437378105,9.26718240889311
1800,2024-01-01 06:57:00,1.703715108587046,95.59005135284355,-2.3767280607880603,18.30783901483967,16.315127403761853,4.727140875873158
1397,2024-01-01 06:58:00,-0.28042936484484215,20.490291785094463,2.6255300269105604,-3.1030150842070956,7.367749967106545,8.140961461567247
1276,2024-01-01 06:59:00,1.7531396296514705,57.13081497589856,1.8939028411110694,13.720753476185994,33.281985802106895,9.647520071793435
1815,2024-01-01 07:00:00,2.031730777188341,21.97248445655143,4.362214343047484,-4.198196998836705,14.110174908628892,11.921179431821978
1915,2024-01-01 07:01:00,0.9286545077055615,92.69542130423247,-1.221725082053199,5.123502530857143,30.81482592917147,6.390983488500357
1503,2024-01-01 07:02:00,-1.629444886149479,61.47260357876607,-1.7804138021989129,12.497010334910946,32.22989205596418,11.182356009792493
1895,2024-01-01 07:03:00,-1.3559293176867149,25.995521015879746,7.2151758963470805,0.02676503853660339,22.419685093314687,9.528003599986041
1391,2024-01-01 07:04:00,-1.1109530675475878,28.82213826212535,5.5328836744606225,0.13701567949074622,22.51041152150605,6.945482493817655
1134,2024-01-01 07:05:00,-2.299175353596288,50.680721959419124,6.58309677537345,32.21777831465317,29.11501679853053,7.025895242903365
1194,2024-01-01 07:06:00,-1.3610422777803293,95.21873542983116,-3.150652823674579,-3.135925995917022,13.196571973374613,8.355282251901427
1400,2024-01-01 07:07:00,-1.7428846541248073,75.43273212544648,-1.6394053500947354,26.00348119031406,1.160123862867381,4.526134613722133
1639,2024-01-01 07:08:00,-0.2680275011483868,89.40950929513059,3.632972743054598,31.65169222072082,32.28672743696645,7.322079917742768
1032,2024-01-01 07:09:00,2.4506252872335894,49.31653170719837,7.85802020309362,0.8825059361037519,30.46541665238881,8.676069479209465
1687,2024-01-01 07:10:00,-2.3731180994762515,23.457095963999866,8.381719647527051,3.7916830531062686,23.87141511713634,10.517397562916832
1459,2024-01-01 07:11:00,1.3216075436843733,97.94541097635313,7.478649433823909,23.86719857177632,43.80070396437236,10.264168093070657
1954,2024-01-01 07:12:00,1.1236980264787668,21.373839252989562,-4.349030808733589,9.204097573444852,25.480379153689306,9.84987925569408
1882,2024-01-01 07:13:00,-2.425474808019854,95.81213224648712,7.313187769835894,16.43903820557051,15.244383718918336,5.783928336804299
1469,2024-01-01 07:14:00,2.5354344294348,49.494193907931574,8.486367662816225,32.62012187258794,35.70526944277617,10.286166487187616
1374,2024-01-01 07:15:00,0.41083321294091757,20.80723240175052,-4.148763647710219,1.209242712293043,48.12393566778289,11.629202115513152
1021,2024-01-01 07:16:00,-0.8176468731858946,75.13257853796065,1.2442134066548212,22.88436348571177,36.87025650210363,11.275045190344088
1749,2024-01-01 07:17:00,1.53923150097184,98.44322432250833,3.0491548494505256,37.407897502636004,45.45150941505186,11.804777911093685
1669,2024-01-01 07:18:00,-1.4558072495901957,97.2500578270074,-1.508744406747505,-2.414001664077326,5.724442486505066,3.004880987690718
1037,2024-01-01 07:19:00,1.1610590222779225,32.87496089619347,2.7502848405566587,-2.2996955756857456,6.13721797064675,8.798418080425787
1229,2024-01-01 07:20:00,-2.7617327545665167,34.4998244852924,8.289336819415968,19.96340676779367,7.814824743093056,4.695034735662672
1364,2024-01-01 07:21:00,2.036448225655632,65.24311316957281,8.004137595186467,38.20341082424481,35.17243639741571,10.73174585317546
1562,2024-01-01 07:22:00,-0.3109749178720893,70.98438611426596,9.097559218862214,4.921313906505496,19.546382441580924,7.017153592320482
1437,2024-01-01 07:23:00,0.8201574861476502,79.15343309326926,2.261646975918131,9.885638637229023,23.937785341221975,7.871978158306897
1775,2024-01-01 07:24:00,-1.672573081159898,34.4840288377718,1.1585041794088022,-0.5608411453456856,13.169813749357234,6.920200095367528
1282,2024-01-01 07:25:00,1.062442275950688,96.72056694115476,4.9868172854853015,11.30112536965824,36.83167975817234,9.766242370811721
1026,2024-01-01 07:26:00,1.6334416553596594,71.09914050313904,1.2514086640155124,-3.0050383990964025,42.282864330130295,8.989561446654658
1225,2024-01-01 07:27:00,-0.16072087869360763,87.76375350964439,-4.370831059987133,12.509229898513443,8.094685346256657,7.293144339362798
1276,2024-01-01 07:28:00,0.7063615443707656,63.20525722273374,5.798821782556825,19.996949872391394,9.717432910446401,5.877530433655979
1797,2024-01-01 07:29:00,-0.26204445706560886,53.14214780719061,-0.7852408807576436,38.87521720079176,17.03609824628742,5.121306880675112
1608,2024-01-01 07:30:00,2.3645482155470727,98.17463252759967,-4.263720315992143,31.827459083887746,14.080313085774089,8.777774723516034
1283,2024-01-01 07:31:00,-0.01278491691408501,66.56970966558688,-4.690683852096438,31.992943484890716,26.623675937508963,6.312167192633401
1878,2024-01-01 07:32:00,2.050852254172913,89.34988662393431,8.970419028659773,5.266494605748871,37.65370264750639,8.98436570320809
1959,2024-01-01 07:33:00,1.8081123496214913,96.26339170930319,-1.2188598703374662,-1.0744384024019702,39.6843573533431,9.639595730038108
1480,2024-01-01 07:34:00,-0.5369710719098606,74.02837016069273,1.7184878878459529,22.13836168469096,10.50163941868598,8.022960847305955
1452,2024-01-01 07:35:00,-1.6194930488551498,63.91509428149399,9.25864679348283,18.451218777509535,8.861534521686526,5.647256457027879
1828,2024-01-01 07:36:00,-0.563507204641374,20.28086807285205,2.0127546817108772,18.24267444599341,18.24834434495844,7.31375740839615
1815,2024-01-01 07:37:00,1.957304254651321,23.201571259120477,-3.82086014710533,-0.09464062096805748,7.471425743986541,10.823355586823233
1658,2024-01-01 07:38:00,-1.6342047850836459,36.068097284089305,3.2790407086998883,17.224820241849663,4.6806735785528994,9.095887382114638
1515,2024-01-01 07:39:00,0.14661807514649627,34.88067454847962,-3.6770201981890223,1.7660083269805762,12.204819598926674,8.531438784842342
1546,2024-01-01 07:40:00,1.8365804877644845,40.38070361598763,-3.5736818243969544,13.995156717032721,19.757794466975287,10.219680683401478
1191,2024-01-01 07:41:00,-0.879135149229727,44.394771015812864,7.772156107036896,-2.202681530983279,29.433299122530844,8.18055199594843
1048,2024-01-01 07:42:00,0.8532578220161842,48.80523948405826,-0.6586768495311581,33.560166973385606,36.19161209563984,8.488372279601508
1511,2024-01-01 07:43:00,-1.5262105557071128,53.643015205510125,5.180053001686545,-4.406896116233698,11.21829417045623,9.199295279960975
1016,2024-01-01 07:44:00,-2.3443233277910407,27.909307076481173,2.633865029929926,37.26954127503984,40.951323771403594,7.84330323676137
1171,2024-01-01 07:45:00,1.766305350557138,23.388954556222565,-1.6650996319337876,33.83013202280225,1.7801710016810037,5.5505775024205235
1219,2024-01-01 07:46:00,-2.406188259547759,73.91555592584187,2.7673044797981152,28.867363265618636,22.257895237188187,7.619775619836094
1157,2024-01-01 07:47:00,-1.3717116295224925,62.98678598744622,-3.9650969615037086,39.21477620285761,31.69051964122163,8.305823480664982
1476,2024-01-01 07:48:00,2.1306565319846404,55.53153617760957,0.20818524384564085,-2.5781001292587598,14.6340749771669,10.945053709896143
1045,2024-01-01 07:49:00,-0.9211842775279968,70.75519529346819,2.8425433753073746,23.8718697723556,34.216228152389974,4.765772740881766
1372,2024-01-01 07:50:00,2.8382720970849666,86.21435257628323,-1.5740849287152199,33.21859407122722,43.365968417703726,8.961717534743519
1517,2024-01-01 07:51:00,2.878406008643158,54.21543272929637,4.902821952720407,0.6977693438846213,4.559379392550644,5.91539833260538
1098,2024-01-01 07:52:00,-1.3903438772786598,71.28955720415834,-4.222821174555398,21.31487403999373,25.676765060897754,11.415791347529987
1891,2024-01-01 07:53:00,-2.7541306665006573,96.2857779068127,2.2721484680594033,12.726485891260232,1.0366481061672972,4.117753584696249
1744,2024-01-01 07:54:00,1.2303797052322745,87.16995966892486,5.72493671934075,14.6122201006192,14.050756881129232,6.271093473091939
1036,2024-01-01 07:55:00,-0.29408098410993766,54.080064840192755,1.4491908843515926,36.06358384233518,6.933319879003577,9.368170559911388
1279,2024-01-01 07:56:00,-2.3954829362425425,71.57734702517944,8.11879622978407,19.239315262362958,31.251322740882927,9.626762339903795
1348,2024-01-01 07:57:00,1.245136913868257,34.16567375327518,4.482891718609984,-0.8032079819154125,12.509314986483291,7.795997284115907
1496,2024-01-01 07:58:00,-2.812950545328473,64.8417747916072,9.377393740881066,37.1747278229993,14.191668670656917,7.422291561441926
1301,2024-01-01 07:59:00,2.221180142953453,98.50626329107543,-0.7381728083753192,3.334502675330297,10.360951571654304,5.783179673135806
1180,2024-01-01 08:00:00,-2.168084825320178,61.465209216201785,9.081839962821206,35.16865674124288,12.265744997183676,7.103002104597173
1606,2024-01-01 08:01:00,-2.2361287275196498,94.21106393521178,4.10233884828545,38.6914324488412,11.332999747494977,5.606996999484127
1098,2024-01-01 08:02:00,-1.9459662121884929,52.58679364026086,6.17768348820098,34.5026858422313,34.92377891350145,9.324592206421142
1699,2024-01-01 08:03:00,2.7615981509523992,99.9075861747705,8.532416755651704,25.47102000140142,47.79493895130959,7.110385940017107
1992,2024-01-01 08:04:00,1.159016161523076,66.33760281820463,3.2679578198773136,28.459831892039062,24.562548102850375,5.755048147698596
1115,2024-01-01 08:05:00,1.8082292127818205,23.381519538874763,7.93271187924498,26.494025969413983,30.059351006059124,10.836462052143652
1190,2024-01-01 08:06:00,-0.6141900856034819,66.94038373531104,3.1254540938208297,15.723597453477819,40.92349655505082,11.63669839441148
1252,2024-01-01 08:07:00,-0.9821236349702667,41.96581565436773,3.9879839142585656,7.34888734353342,23.857696777563362,9.145871663819603
1980,2024-01-01 08:08:00,-1.5930959593009804,22.598505762871575,1.676478593460783,7.825122847796337,15.171015949817887,6.939404579139354
1927,2024-01-01 08:09:00,-0.11611183012554616,85.66826437557307,-2.815421722398457,27.90255375787619,47.55364359249852,6.279955647612473
1982,2024-01-01 08:10:00,0.310972401205011,42.05837095846047,3.3025485002329997,23.17164017442476,45.31721196465232,13.496776754712883
1160,2024-01-01 08:11:00,0.7906490619165325,83.72388432371989,9.661723453992717,21.319781528611607,11.095952165086002,6.143070211057646
1255,2024-01-01 08:12:00,-1.457288976007833,43.05740663646936,6.807789935984264,24.36739770659789,35.18351471742044,7.4772920136632175
1322,2024-01-01 08:13:00,2.6919244854179443,35.54610830990194,6.212477271301546,29.865380594389997,32.392262872701096,10.620240486135378
1127,2024-01-01 08:14:00,-1.981449010757185,97.9148459283542,4.649632040944443,28.67534115904901,32.51667919760323,9.473429181867937
1017,2024-01-01 08:15:00,2.7939190485984735,48.93162622040157,0.21863010230866742,-0.25716173934191744,41.54709064527466,10.766514879382195
1792,2024-01-01 08:16:00,-2.910863264954977,68.11009691545283,-2.455772082824323,11.33657723680215,33.73787049640376,7.087248116738467
1734,2024-01-01 08:17:00,-0.11324584909892632,68.79851942515772,-1.6317259753596525,6.878521155283856,25.94839176704876,5.11216511638386
1565,2024-01-01 08:18:00,-0.9997929713006233,64.83787857388015,-4.905168656860248,19.220739800086534,42.318690042407994,11.524161060938003
1569,2024-01-01 08:19:00,-0.305259516418495,93.17565948169717,5.102206313475321,-2.2362762932789537,13.31556580189672,4.91429994484026
1322,2024-01-01 08:20:00,0.42398747388473446,73.95528570934948,7.178163378346506,29.310882137162814,33.99335354184952,8.963564155859594
1871,2024-01-01 08:21:00,-0.3864650519237456,52.29864032839441,-0.966329732029104,-0.20626998067742797,35.10586190670301,10.605787215774356
1685,2024-01-01 08:22:00,-0.5109188981904302,88.99043076194192,-3.6222440053359217,7.213091165977806,43.528978511112484,9.955221187652675
1791,2024-01-01 08:23:00,1.3963404924798395,34.485031929277156,0.035906017328767525,30.22336773494714,49.91555107962635,8.890679287229677
1625,2024-01-01 08:24:00,1.115257650518788,63.5389406088334,-0.619231558745331,-2.67980076865812,27.92180953053101,7.262812942824016
1287,2024-01-01 08:25:00,1.9996276922150873,96.0440297555005,1.7631454116659775,24.70904808501962,24.272255050587432,8.397129245578498
1942,2024-01-01 08:26:00,-1.5002461125630266,70.03181039043301,-1.0384691851848356,36.601522230747385,30.074093221021435,11.319191009308952
1853,2024-01-01 08:27:00,0.6571710585243817,85.3574760379901,0.09599058017543616,22.793701773450454,32.96801297072747,11.990562471311597
1662,2024-01-01 08:28:00,0.5111687123571231,72.28485804361543,8.61332169023864,27.06958693306349,35.67791281355251,6.809806980629067
1961,2024-01-01 08:29:00,-0.7815731347638675,87.14966908303123,0.022530293344092733,30.652009263514614,14.13290603244729,5.426686236653094
1638,2024-01-01 08:30:00,-0.08365474858391453,95.55903038761949,6.782770700948454,5.001084498376816,24.402916218296046,9.252716775868876
1154,2024-01-01 08:31:00,-1.1173071401656276,41.833738202618946,4.38750550336689,21.143376310565344,18.608936921605583,11.090019715065582
1489,2024-01-01 08:32:00,-2.148933614298089,33.57288650053751,0.06306918447060816,8.907552221358511,2.0347868096931325,10.41417625964358
1385,2024-01-01 08:33:00,-1.717192736023603,58.719260026603195,7.266824046705256,6.227292065138737,30.515219477915235,8.076016790523179
1985,2024-01-01 08:34:00,-2.3669181215927937,76.14899414593727,3.9261410439439732,3.6605386788499494,43.753244676391205,10.927198180407471
1784,2024-01-01 08:35:00,1.0984174511407447,38.17530025457729,-4.870719086016495,21.344377688621986,46.081487832244235,11.71295653056715
1103,2024-01-01 08:36:00,0.9643643586549091,20.328116034413366,-3.9690769764140033,30.75393669492123,25.919440275594525,9.529335735870042
1928,2024-01-01 08:37:00,2.703638229479237,47.434809266936426,6.289593391784782,34.41500788848005,38.31764038497395,8.62264233646951
1392,2024-01-01 08:38:00,1.378070481883448,97.50874683742308,1.6979168437779153,14.286367576383672,35.64939574656486,5.0916008941324025
1810,2024-01-01 08:39:00,-2.687724967463211,75.59739684846774,1.082616876153109,11.78045500890725,11.522009030993793,8.352403665452567
1245,2024-01-01 08:40:00,2.305471043573725,52.10603551529792,-2.8125922370628804,25.928810594526595,3.239236126162968,5.140998098949844
1175,2024-01-01 08:41:00,2.176050977674355,35.406087787747225,-2.6402210905809467,30.116165883355777,37.41803460663041,8.798103315979992
1038,2024-01-01 08:42:00,-0.34007807536380774,48.48717390037976,6.966286751438508,6.399370150257846,14.20645009287178,10.439926127866613
1476,2024-01-01 08:43:00,0.515178303167529,33.587154664099835,7.435257009421829,8.37808978949665,27.514184272669088,9.55346036045885
1681,2024-01-01 08:44:00,2.8564699948351127,28.50446570503611,3.4000381095809384,19.002699361792764,26.25081238032089,12.190453978447232
1758,2024-01-01 08:45:00,0.1938261830889978,92.5393898058043,-0.5730828529146885,14.997355952797466,40.91190788826013,7.426250401946502
1537,2024-01-01 08:46:00,2.4319309702565386,99.81202707003789,8.990512250017453,26.7604479876875,32.26781847829971,7.5719749993329355
1866,2024-01-01 08:47:00,-2.501767453138881,33.12915516766323,4.3594358649284,17.701824594448567,42.37265093523102,13.809138595641393
1817,2024-01-01 08:48:00,-1.853688787747903,24.361804710262376,6.949631791776824,0.021959757516221146,37.63657548072933,9.087653507061047
1920,2024-01-01 08:49:00,-0.35547033935209305,46.37848857169699,-4.950756195676769,2.467893765464705,49.99158280479339,6.985156933299303
1407,2024-01-01 08:50:00,0.5085408500238282,56.932734460913224,1.7547940131304074,35.58589797192878,43.207360945314804,8.198498440554554
1524,2024-01-01 08:51:00,1.8973671111768011,36.385699766068356,8.064236294799338,5.2329264173468015,10.632722370739218,5.767601705641429
1827,2024-01-01 08:52:00,2.9295726908591213,44.113992943884675,0.07349924849081901,-2.7461258861944904,48.0733070652514,12.719221075696382
1505,2024-01-01 08:53:00,-0.6668910211553012,36.06965885533262,5.898267653084215,27.915455122925138,17.07270200068238,10.338066108878259
1902,2024-01-01 08:54:00,-2.7155061831594907,81.9408454745961,4.865122376929683,25.780501473008837,30.431217180976628,7.75553405131876
1824,2024-01-01 08:55:00,1.8070290197719494,77.00623545978087,-2.7167245046855086,22.003420839466894,47.07340108867135,7.926704579376689
1035,2024-01-01 08:56:00,0.6262843144968486,70.79612126087854,6.623557408816076,17.601526950914227,10.78684770244451,7.021516367233075
1684,2024-01-01 08:57:00,-1.80874284679079,50.97742856633638,-3.312098145308017,38.63111593210688,42.87921820794903,11.09763883708544
1019,2024-01-01 08:58:00,-0.03102926027147923,92.72327530513888,5.918711448579112,0.3924533163304007,47.66231499493469,6.405884557168435
1320,2024-01-01 08:59:00,1.4538614732023465,97.5626033228016,9.864525051686416,17.957325216016752,42.70213237422465,12.00720973680275
1775,2024-01-01 09:00:00,1.6224707224118626,33.89114501003296,9.36972147717644,20.382022456151965,40.976649313727215,11.533230708266256
1511,2024-01-01 09:01:00,-0.00228952800742821,37.84101131295024,7.003626145855071,-3.98781867286223,13.304256876490513,9.629389450947963
1399,2024-01-01 09:02:00,-1.1687128192268452,62.050482240029574,3.0177613634455334,13.539659116195232,20.414273028939597,6.616256833514339
1653,2024-01-01 09:03:00,2.842455492230961,27.300045542579625,5.1223686373111,30.22609564248885,38.04066828293153,12.145276812148776
1971,2024-01-01 09:04:00,0.9801756657389573,54.91587190584902,5.921625855161391,16.19944398593196,5.996454456595776,5.686820557450604
1882,2024-01-01 09:05:00,-0.5505748839222075,66.54330118221681,-4.8739771358264194,34.38753024059126,44.429789312418734,7.967878027596495
1470,2024-01-01 09:06:00,-1.3172206547720855,61.76588569098665,-3.4645066857056532,24.015951935025665,10.591822662471982,9.707274744488265
1142,2024-01-01 09:07:00,1.386617898021373,46.47268664624208,3.9558869811829354,29.473841382244338,28.283853359631713,10.410339898607452
1091,2024-01-01 09:08:00,-1.5468993264373938,63.39566448617654,-4.901981897856364,31.201606083656195,5.342469362125704,5.0016154997547835
1353,2024-01-01 09:09:00,-1.969740066157871,96.70407634070783,8.633584761602458,26.027510774805997,9.340978337833048,5.897002875925343
1833,2024-01-01 09:10:00,0.17900333377242195,36.481392343310084,2.344940698376167,28.7221297011858,29.316453073620384,7.905019384354021
1799,2024-01-01 09:11:00,-1.2600756441351488,72.38650867152029,-1.1334938659231746,26.288974291956144,31.768643857866138,7.011141491977687
1726,2024-01-01 09:12:00,0.7734308695416905,23.471735532484146,0.9073175439639893,19.770868680413045,13.560600794651897,7.519517185895996
1958,2024-01-01 09:13:00,-2.292367950754599,25.313312358514793,7.761646159600042,20.493983451794485,6.042956015111411,4.445615240181084
1853,2024-01-01 09:14:00,0.9296466274039297,64.1462579378868,8.907893106461737,3.5448152186560584,27.522840840679354,8.422895337005594
1050,2024-01-01 09:15:00,-1.3002208320137867,28.395134426235956,-3.256475292840199,32.23476550205756,42.047828188969476,10.6996572657953
1664,2024-01-01 09:16:00,-2.9985423933929236,21.787743074148587,6.669409509333651,9.046179119735445,10.152135019187268,8.948158045104664
1697,2024-01-01 09:17:00,-2.2383836539549415,33.72103981184178,3.6734067732479545,19.1081597109399,34.609108951592525,10.394611627581854
1574,2024-01-01 09:18:00,2.6016922670105647,65.18793367996595,3.782541364967301,6.229550107413219,19.355465386351554,4.871102720019956
1189,2024-01-01 09:19:00,2.204127834692147,76.26727636151459,6.691781828437396,26.313924059780234,47.16009435515931,12.129380236918431
1124,2024-01-01 09:20:00,-1.598345807782579,36.1982851313104,-1.6573296982106376,38.8826028482771,4.22040010332622,10.945756194405455
1149,2024-01-01 09:21:00,1.670231427272947,73.46075497665396,2.9656745196243737,31.08731055913333,2.0944208839836342,8.316119616756831
1313,2024-01-01 09:22:00,0.6514295590438453,34.598106487938345,-0.20971076823786206,22.85929668494051,6.302982269373734,9.042602468209337
1569,2024-01-01 09:23:00,2.8254282686992163,69.07659413050057,-3.5823148253522774,20.537794018394543,39.14399752331776,11.314805469330134
1341,2024-01-01 09:24:00,-0.7583660427956453,52.956774391663906,-3.423808316650942,17.039706580881806,46.14620966808415,9.25847371054409
1304,2024-01-01 09:25:00,1.0887636751030279,72.30396074668934,-2.9529279406227387,4.22371442936201,41.14158459695209,6.9194337120308065
1691,2024-01-01 09:26:00,-2.6187856654564885,99.60422019833979,4.22349773357257,10.660452332991047,35.91981734550102,9.639051762322413
1681,2024-01-01 09:27:00,-0.6225159191015646,95.02535721860495,-3.41254702434035,13.287733337708527,2.9734744379076377,6.836261900383338
1837,2024-01-01 09:28:00,2.782905967129083,20.34254062688829,3.5515576388526036,37.50560836784547,10.769198369682881,9.588237662625263
1782,2024-01-01 09:29:00,0.2338852467007233,90.83510114898446,3.8244558696588964,14.151228431620556,46.77541522351095,8.584016821574659
1053,2024-01-01 09:30:00,-1.2727229799909325,25.31926361398132,8.558447651828367,21.37856596581667,31.177373712155255,8.546698257200214
1443,2024-01-01 09:31:00,-2.2783742212283586,96.24372689278759,4.395648944882714,36.509104327529144,23.469377952212557,6.237917747570681
1612,2024-01-01 09:32:00,1.2211700410891826,42.54605432797477,9.783817613222519,18.32918835151044,32.650374136561084,12.816443679280773
1992,2024-01-01 09:33:00,0.8691362605783608,50.562786432901675,-4.535111300887477,6.315240093881547,9.011828625753981,8.424412851272171
1263,2024-01-01 09:34:00,-0.7563677183773523,27.331056414058228,5.562192049676785,12.14527479691349,44.65416121155444,11.952964156710475
1052,2024-01-01 09:35:00,2.7056481111950053,28.981820666312768,-4.6027988292043505,11.899264020375231,32.84955104803094,7.646993211880978
1571,2024-01-01 09:36:00,-2.8667831220728983,78.13924521834556,5.940663668120553,27.162290411596956,23.61509928898423,6.846211713111762
1619,2024-01-01 09:37:00,-1.1776568902090452,95.54657885986333,0.7877531380605323,8.325432870701164,22.923041952566138,8.990542359952332
1004,2024-01-01 09:38:00,2.526416917797489,68.85987959634477,4.169616480888843,27.86298599921774,41.13663908319395,11.087852481594378
1102,2024-01-01 09:39:00,-1.0743873700833577,77.26800124214489,-0.35692891867493426,35.01592203490265,15.462640132915041,10.501831629597229
1195,2024-01-01 09:40:00,-1.4864829968689777,80.95757956777229,-2.613424412710264,10.123285527117034,6.942876881920686,7.463020493730563
1773,2024-01-01 09:41:00,0.20532245958748385,41.02514196423534,5.852687771339236,1.0903495110596078,9.36491026367196,9.7342538394348
1876,2024-01-01 09:42:00,1.9428104995232278,23.618370473617194,8.5693057040513,23.734945793588924,4.148686046738528,7.148268094653773
1991,2024-01-01 09:43:00,-2.3811194347298335,20.149819513533487,-2.2462633444994755,11.23845103857974,25.442360056924517,10.66764443106622
1883,2024-01-01 09:44:00,2.658124257874417,48.05194263632149,8.81054501805401,19.029377521506007,33.895183830481294,8.573929629896332
1349,2024-01-01 09:45:00,1.7704372870869847,39.31713825593729,-2.8972683619318436,23.53745343278248,46.70586154157696,9.31348371547585
1046,2024-01-01 09:46:00,-1.9124984666906883,24.985418003934853,6.034928238242969,13.348432482741018,37.565667203108674,11.53870819097744
1866,2024-01-01 09:47:00,1.272047767188976,34.362263399493344,9.39167737268509,36.61125033055336,29.1972246607312,13.194555117707866
1822,2024-01-01 09:48:00,-0.6902476641746569,29.959911861435824,-2.7894367736564347,12.982659437671245,43.21130137985491,7.985534102345353
1935,2024-01-01 09:49:00,-0.5862319315420876,93.19027044938963,1.5263507013303004,8.8318447258013,44.62143170403147,10.468352711442904
1819,2024-01-01 09:50:00,1.6997405546331983,31.221377076733514,0.061862235375992114,34.85538494944994,35.648043510805074,8.312417778372076
1655,2024-01-01 09:51:00,2.776708847884393,63.011877119014336,0.8271662527614723,1.1335775541614366,2.9086012515913895,6.5733848898633385
1268,2024-01-01 09:52:00,-2.2400647629168366,67.44847640897316,6.297096086976648,0.589401795351554,14.658939462353826,4.486334153631775
1369,2024-01-01 09:53:00,-0.4762185787270834,63.4791566166907,4.91783398833339,37.10641934225316,16.87567932259924,6.416388152260095
1635,2024-01-01 09:54:00,-0.1143503514941786,27.92451473727904,9.530304466942288,4.403578634925205,49.869332545170735,10.815014515482687
1105,2024-01-01 09:55:00,-0.7421290982700146,45.5038689400441,-2.217807449653666,1.679683163108824,23.26171255577728,3.835054362905595
1669,2024-01-01 09:56:00,-0.8208652577026498,24.10162659705226,3.1489130398882015,19.082573680879683,38.11807377431091,10.072219763612912
1658,2024-01-01 09:57:00,-2.6863879946304206,51.65359312770528,1.736892181285401,-2.8945190205366114,40.7084839688043,12.312794740738955
1656,2024-01-01 09:58:00,1.1132317233757396,35.08791450172736,8.782841633886244,22.900675032740203,32.697679936973685,7.87944020058193
1119,2024-01-01 09:59:00,-0.3827134972797275,64.93060266275037,-4.8407115128456,15.381885925257912,1.0119955606513806,6.977013524580545
1830,2024-01-01 10:00:00,-1.8312371841364394,75.42467150792804,9.837556011506413,23.818538398663005,1.065539245825923,5.9789924980353355
1786,2024-01-01 10:01:00,1.8962010138124104,62.569588816376516,2.196014715587932,7.777160658973772,40.95701803809493,11.999308884092628
1603,2024-01-01 10:02:00,1.8153644889097675,54.738935728911656,4.383094708503961,35.74624964570238,36.98807467422527,7.778167435746696
1057,2024-01-01 10:03:00,-0.08165023146663719,50.986673668535396,0.40078833708573214,7.176132072640556,26.852214780155098,6.220863499812662
1950,2024-01-01 10:04:00,-1.2092960331134368,87.3353414477603,7.787900045432483,23.690410849428726,12.51839925209522,4.602203167781804
1345,2024-01-01 10:05:00,0.8285563547787143,37.5494452052216,3.429819176775741,37.52913327824311,4.427013608054845,4.217923270091064
1740,2024-01-01 10:06:00,-1.2710871853355816,78.73746716230951,4.942164043746473,13.036417975357718,8.296991495739539,4.220078762919292
1473,2024-01-01 10:07:00,-1.5839524180577278,80.59858597920952,4.733570620910147,2.2641937731780244,29.058156342811266,9.680898737513735
1116,2024-01-01 10:08:00,1.3830879241579597,53.536000581658755,0.45973209846598806,-1.9227885839674803,27.336749131949293,10.245943216178803
1829,2024-01-01 10:09:00,-2.758048561674296,43.784047938051145,-3.8601350629007625,38.33580985634228,47.06921971359509,12.836834854315567
1790,2024-01-01 10:10:00,-2.4313891737924362,57.64331888367802,7.115593391410751,29.36656686972725,47.868108231959745,12.390889633835963
1126,2024-01-01 10:11:00,-2.9592709558584613,27.45711407141588,-0.6542612122352374,36.35284270318529,28.842741636554273,6.957649001199662
1392,2024-01-01 10:12:00,-2.0823408811474433,23.674402578327197,7.7339534271655666,26.447487392191515,42.087486750255756,9.368844236545666
1907,2024-01-01 10:13:00,-2.586059947737243,28.928255956151343,4.129645131862395,10.410182688521061,40.63125085394299,9.093480085742536
1640,2024-01-01 10:14:00,2.974814206679511,34.971602516978095,0.30555937146217005,0.5357463692521076,37.643590690033264,8.310608657304083
1057,2024-01-01 10:15:00,-1.2671401802754625,60.33414562704344,3.913707234604342,36.81880866737503,21.923166970084523,9.373850713795743
1633,2024-01-01 10:16:00,-2.104391923984516,87.93093089288976,4.682390385421563,17.03285698589235,19.531375034312028,8.964577469139279
1512,2024-01-01 10:17:00,-1.5540224520244923,38.851386559974955,5.600251116380084,12.842904832493026,13.280285300515827,7.788394981277598
1750,2024-01-01 10:18:00,2.6167534292408074,94.81296085974225,7.33507201760607,21.000642755760545,46.86104092784266,8.172516536569507
1801,2024-01-01 10:19:00,0.12096133814637433,96.39263271480027,-2.6036758667302298,-0.2048305356018929,41.73782496077372,10.148504102854496
1095,2024-01-01 10:20:00,-0.8110914221528587,96.71236838761642,9.16216577152925,8.914171871851778,8.93807719378943,7.852490954514688
1637,2024-01-01 10:21:00,2.2403487474553163,87.0050187741059,1.1626092164126627,23.704424819417515,12.697908238114591,6.334777841525726
1117,2024-01-01 10:22:00,-0.6300583767058052,49.10600326381765,7.906754475645659,-0.49446741392801385,29.108247293645714,10.284129538024134
1559,2024-01-01 10:23:00,-0.9899485802538255,25.814712880209846,-1.6928060694832228,1.0859241534197759,20.738628699865917,10.204726246670324
1600,2024-01-01 10:24:00,-1.7563048647015866,65.50549854131958,-4.564565416929279,17.9764538840975,10.77349252592084,5.640295160192951
1487,2024-01-01 10:25:00,-0.7332190565435308,64.69451551497869,3.600160654342762,23.0555706070491,39.57871193116962,9.568348775160224
1236,2024-01-01 10:26:00,-1.099893863898444,87.99806136876765,-0.13000581391341548,3.4150767607205825,0.17750112335077595,5.081348048855411
1884,2024-01-01 10:27:00,1.063823755788846,99.67928407568841,9.766930074219239,-3.5111914495028684,17.22949902021606,11.285983174822478
1896,2024-01-01 10:28:00,-1.2625037719756373,60.65258452481181,-3.4331981792692563,38.12651017450403,46.474560637044235,13.33291181048003
1271,2024-01-01 10:29:00,0.4631984785353689,47.61632248318274,-4.290457009947174,-3.7628303952849422,38.06232310751106,7.248351633536088
1188,2024-01-01 10:30:00,-2.604647009808164,34.87213692450136,-4.324732721703001,-4.907658131571146,20.124120403627533,8.699240903863162
1998,2024-01-01 10:31:00,-1.8522650598209138,20.383985985389657,-1.7468945716430824,9.550325597268987,46.443548087259295,10.516222624772473
1703,2024-01-01 10:32:00,-0.5555683703319074,60.729095399110335,3.6878667454800755,5.010392594900569,45.05007996601742,9.389623204939447
1446,2024-01-01 10:33:00,2.621695523452173,64.44149333620766,2.583450604670376,20.811386294419492,2.7239278232760973,5.20518223340796
1580,2024-01-01 10:34:00,-0.7364880857058278,85.99507838539179,0.2511370725034219,35.239399457848606,6.484260754633897,8.44945791386809
1789,2024-01-01 10:35:00,0.9844447271990049,60.36615743142405,-3.6681033887463608,16.649845259769158,19.422791865448094,10.167865264956161
1860,2024-01-01 10:36:00,-1.4694766654716112,93.31746789328452,-1.4939435780852177,29.798554396763677,46.47694281270196,12.101013652771575
1246,2024-01-01 10:37:00,-2.2377985441606096,70.24667812571484,-2.237794028229247,35.915216731552746,42.22583797134754,10.910399365569704
1962,2024-01-01 10:38:00,-2.6487803995196995,87.22689905768665,6.185002557340727,3.522984412279337,2.4833095386261137,8.193523582540303
1075,2024-01-01 10:39:00,-1.167519008743492,31.86413878461977,6.699195745019711,16.973989875490265,25.66531379343859,8.974646232646506
1153,2024-01-01 10:40:00,-2.054033839218552,88.42689042418517,6.655210195927296,23.893149981942827,36.04063944111626,10.61456884332634
1655,2024-01-01 10:41:00,-1.9559373119032548,74.01150835550787,9.53560816621223,9.934745706415505,13.868542038571979,6.764915852556029
1434,2024-01-01 10:42:00,1.5645558503217005,33.61864259506645,8.26356919501048,28.288844994479135,36.15397253942798,11.216315208787725
1996,2024-01-01 10:43:00,-2.9049715743307547,35.18108465168087,2.4670712076775727,26.739173884982122,18.54930187058899,7.132087928262887
1085,2024-01-01 10:44:00,0.34686075441260655,94.1200495235377,1.2240403136374773,13.94924278681388,13.775419383967721,8.288822539640512
1696,2024-01-01 10:45:00,-0.7232317164392112,22.577228836029832,8.736527765641927,-1.0420810958992357,19.688984868833934,7.592513110549625
1284,2024-01-01 10:46:00,0.03929999945128326,57.00279546365649,4.1683787807222,-4.479404743283918,47.544969914185096,7.702840643118092
1973,2024-01-01 10:47:00,0.3769814232876172,45.078023194728125,-0.5840199946160709,11.620730297238271,45.27418935901248,7.752011344868918
1219,2024-01-01 10:48:00,-1.1197938332563309,73.20619519987424,3.4669604157275096,-1.3069019697080781,45.70616919710517,6.475649930856739
1068,2024-01-01 10:49:00,-1.2293468388942883,87.17035100551936,9.882241340441894,30.173099944371742,45.87721751202735,10.426415057451614
1046,2024-01-01 10:50:00,1.4004110960094343,48.830249724525565,7.742050902285435,10.044660247104135,8.995877147248978,8.767580710366246
1093,2024-01-01 10:51:00,2.227661928726943,54.15216698582697,-0.7808042591068762,24.974422410626357,44.81346381287395,9.137615138794068
1749,2024-01-01 10:52:00,-1.8445102052488327,98.55342276011314,9.294316388758254,10.587054428520625,10.692594144606986,5.638710909584734
1957,2024-01-01 10:53:00,-2.414287436789106,82.71332077433622,9.721931672186738,30.817228757260814,41.922967324800325,5.9686999524147
1452,2024-01-01 10:54:00,2.3867748383521556,91.77633047454331,-1.5324956087687718,34.978562347890154,27.140754410727183,4.592150556149495
1203,2024-01-01 10:55:00,-0.9006272181156083,55.10097765213038,8.433881777520119,32.6881367168233,12.07411764959204,5.209581861246792
1911,2024-01-01 10:56:00,0.30790434397688493,38.72609631872922,8.24804076548248,16.801310379093398,19.986168608335273,11.658633112614572
1217,2024-01-01 10:57:00,-0.8427411328799792,52.94907723091613,-4.403696401489391,-1.2221775108580775,21.725571353440472,7.350262141762542
1473,2024-01-01 10:58:00,-2.245185981923692,77.28735342652108,5.0453378959253055,11.726999760704327,36.68524543911643,7.408693997592659
1431,2024-01-01 10:59:00,0.5359898696863681,28.754432386878346,-0.4207893045324598,14.10051976172872,30.34047143023498,7.20686853426054
1340,2024-01-01 11:00:00,0.15084511061777794,41.637528449320705,5.119189397378138,38.21143048855936,40.85742972490248,7.31347608040958
1550,2024-01-01 11:01:00,-1.7820386448528167,23.73087203692723,8.703380412853653,20.447378734319305,19.900568871132688,10.489499201280376
1611,2024-01-01 11:02:00,-0.28878573208633274,54.587819067050525,2.4816887198427766,23.838080480339872,37.20516773070879,9.723518245184328
1288,2024-01-01 11:03:00,1.7816850240938749,86.19565887836906,1.2161924618297917,30.190161145093327,39.660944592436906,6.592975275849419
1253,2024-01-01 11:04:00,0.5425566186473478,21.973095063840866,8.82296906781126,20.569111024465244,3.2508997382780658,5.982899686202853
1733,2024-01-01 11:05:00,-2.4184960375980307,74.02588214457327,9.61172376607799,21.931807413224288,18.844344487807238,8.478903809369397
1356,2024-01-01 11:06:00,0.2881289833748104,94.59966996109917,-4.0664550830929596,6.039750880057239,44.31087567581011,8.35035992416194
1022,2024-01-01 11:07:00,1.216429795737521,38.95422892089458,8.842721037223109,-2.351002659742598,35.27829832933029,8.77447868187516
1761,2024-01-01 11:08:00,1.7562204346845078,75.49078725821185,-3.758471997171667,27.462364559906604,20.98047273626689,11.04999703474567
1521,2024-01-01 11:09:00,0.7747054718056008,98.00815208801603,0.05929320075384492,33.19081138094917,9.230415200841248,7.234714096138617
1757,2024-01-01 11:10:00,-2.084051012755298,96.98224481219705,6.438611836454902,13.540008249629672,4.920880763242026,7.172769137192766
1836,2024-01-01 11:11:00,1.2610395995409638,38.79433544233146,6.65555472909543,19.70115039616944,11.544605368258628,7.476258965623983
1099,2024-01-01 11:12:00,1.0640510764890987,28.026484256965496,5.887328360187494,8.827835230106663,12.310152865249364,8.495703125131906
1801,2024-01-01 11:13:00,-2.8534387023562005,31.862603031673274,-4.413312679083974,15.259926705958062,18.59603109797632,9.605541825333102
1179,2024-01-01 11:14:00,-0.529513994458541,76.16285347857138,-3.0055092796386007,4.400037681990479,8.928389963908243,7.12533267911222
1222,2024-01-01 11:15:00,-1.0022985182257602,78.06071003626204,9.043247473296228,29.194906364723245,7.3877719491265905,8.211690773395855
1905,2024-01-01 11:16:00,1.01647238552186,73.93892493025592,-3.778079174061638,17.136030449879282,42.215937135749016,7.848787716444733
1761,2024-01-01 11:17:00,-1.7031851261344757,46.886271019379045,-3.8218112454032505,19.62204489449855,12.551958284241897,7.71285206854109
1658,2024-01-01 11:18:00,0.545231537845551,33.58215518064977,7.534689066368053,-3.331036478244957,28.12410792342081,8.819254077774568
1441,2024-01-01 11:19:00,2.479235770885034,66.46088735618025,4.618986298343293,23.007927653200632,10.045047446928558,11.264101853580371
1607,2024-01-01 11:20:00,1.7868142332516461,58.694435660629324,0.27484083767769363,4.119511540350526,24.63849995638936,8.68531909717213
1768,2024-01-01 11:21:00,2.528746417299182,78.30673176978428,-2.514342693925604,12.252758996419246,13.907929476179762,7.945623739750536
1324,2024-01-01 11:22:00,2.8710358015961397,55.30880629484972,8.262556298392223,13.572206504312895,4.4313039381661445,4.348593200966573
1515,2024-01-01 11:23:00,-2.935979237963023,47.09117557491747,9.828066364427682,15.19296688696408,49.11057389573894,11.245755080532842
1015,2024-01-01 11:24:00,0.7364476582648654,43.47828618872115,-4.2504240733575624,5.234637510164347,22.94452521514931,5.254507772888759
1791,2024-01-01 11:25:00,-0.5229636134465614,36.91762560397972,3.3117007313530262,33.254960112203825,19.7130651745926,7.642569966445254
1335,2024-01-01 11:26:00,2.1591269420107304,41.25971009493291,-1.080446226412774,14.253256781708014,10.036194308465861,6.190289776782769
1758,2024-01-01 11:27:00,-1.4891117879452098,27.58643510752811,7.485802503245562,22.546050605871756,24.818757431539208,10.007592805314939
1257,2024-01-01 11:28:00,2.8861769346904573,47.74856087431117,0.19109637662208545,22.627189556219786,31.797427374686553,7.395982994132206
1496,2024-01-01 11:29:00,0.6822478172624837,22.925584989036658,5.719439337795098,22.31431034896144,15.302038898125558,6.866419539235251
1987,2024-01-01 11:30:00,1.761224413372986,34.913107773306145,3.0928513228941554,20.16931040273187,24.07287818054176,11.057721683802342
1895,2024-01-01 11:31:00,-2.48640268306339,79.74163556955432,3.1228507239245538,32.01815867191549,11.930344146184298,5.270229114587738
1159,2024-01-01 11:32:00,-1.8992526914468097,46.03751909412981,7.869991467706322,31.567801618623513,26.43288277800612,8.706133738844878
1474,2024-01-01 11:33:00,1.5504220382052196,73.45896135818751,2.056066388868463,13.771505767218656,39.38200255966937,9.460347621060333
1851,2024-01-01 11:34:00,-2.8680808677640584,77.3507340477822,7.68399301216721,23.613072165877977,3.104650963912867,4.000874326743174
1663,2024-01-01 11:35:00,1.9012679153626966,66.49482741856909,0.4514024205636318,-0.3726839962990969,25.940164481505036,10.085508384412694
1907,2024-01-01 11:36:00,-2.916305887848531,96.69581930923188,-2.3782558630354247,-0.9152294779242451,20.0282178073553,5.1131829808988725
1689,2024-01-01 11:37:00,0.9427130343676398,21.71518932984906,1.8321606648492264,16.596238248456785,3.794662942262685,7.821914358403267
1674,2024-01-01 11:38:00,-0.8094364786091646,79.09221204705136,2.475336720655333,35.50918106227096,47.03140233902905,10.041011860858543
1379,2024-01-01 11:39:00,0.6689691163151945,96.70293151523265,2.175747964566872,24.2499866135663,13.066164923094654,8.042556871555064
1544,2024-01-01 11:40:00,1.1761884419346824,88.98173834823514,7.124956178189233,25.114739019141737,28.274115595742646,10.62298091549056
1928,2024-01-01 11:41:00,-0.9451486848821746,33.43141534440107,3.4701841219014575,2.0952990435775583,18.693750528826754,7.37384522608149
1956,2024-01-01 11:42:00,-2.352225311334987,46.14562450013857,8.326661076382043,15.39869999209775,13.629522080575782,5.188596864586135
1690,2024-01-01 11:43:00,-2.582124793510406,33.79614719011723,2.7127824237391316,13.035592524302213,26.406314466048716,10.424576372974977
1426,2024-01-01 11:44:00,0.5336161353752873,68.10466910517633,-1.629273756769936,30.23402560393869,34.48252696352726,7.831750987793984
1612,2024-01-01 11:45:00,0.12393212240466944,76.97503855835939,-3.0575623960587106,1.2020843547520617,39.29820652312264,10.999064786365233
1267,2024-01-01 11:46:00,1.4532060547267953,45.36590154904466,8.025442314169315,19.263595329886197,31.732831304701655,10.979422431322359
1834,2024-01-01 11:47:00,0.05841306002362279,63.16052591874364,-4.157408016466825,36.01081761469833,26.36216989244075,9.857781550807232
1576,2024-01-01 11:48:00,-0.4653252598147253,75.2736456056956,-3.235855821203566,35.16069503435791,38.885356310802266,9.28507333113306
1416,2024-01-01 11:49:00,-0.6114769305826151,53.70718532888387,-4.045122216235384,33.355169938647414,25.921049399343215,6.342596696990664
1167,2024-01-01 11:50:00,-2.841318584413995,88.32124243643675,1.3560129577273035,11.87433908213725,48.71391916122869,11.700859869640524
1841,2024-01-01 11:51:00,-0.9866567898200573,81.72399482302538,2.9892342459039014,37.3495310794776,26.384361142672248,7.845593974987806
1042,2024-01-01 11:52:00,2.856120945146966,25.17324350804565,-4.701879034660989,31.238522889671735,15.930632513438292,5.637774965393751
1555,2024-01-01 11:53:00,2.2413334573625328,69.69002392726632,2.7337925033740644,33.301359365840646,22.373463311011996,10.548256738720923
1284,2024-01-01 11:54:00,-1.023731597794694,38.826044076779965,0.9063920693593905,36.95592074462442,24.55050490662717,10.867846841413037
1396,2024-01-01 11:55:00,0.5267724303982328,64.60146117338202,6.604677736838472,37.16505695263364,14.245955776443342,8.318735585452309
1011,2024-01-01 11:56:00,2.083780473212964,96.5510754106373,7.449349326193348,5.802923346699588,8.021266980934433,3.868086664957967
1606,2024-01-01 11:57:00,-0.352353979499588,90.32496036418001,5.2745115457930805,0.7459470299725091,21.626032368359727,6.869990480448775
1301,2024-01-01 11:58:00,-2.8922528174990942,52.361312249210535,2.102433029749359,26.08937246070919,44.86193769992457,12.764404599062521
1897,2024-01-01 11:59:00,-2.5529372290881596,43.32110866754827,-1.757771074370178,20.344628048671407,12.851005505979916,10.93419105699441
1252,2024-01-01 12:00:00,0.0623563280922399,38.752459552660724,7.706723009538402,9.734192753436945,18.154751378873378,7.373429401215826
1498,2024-01-01 12:01:00,2.81663625405527,62.601189580521606,0.12503710066625295,25.800227804965704,37.91037845872541,6.390875229937654
1753,2024-01-01 12:02:00,1.159257253313207,29.139876260644506,0.34437830792423796,-2.2101405207835216,4.205437277810354,10.508092818674783
1034,2024-01-01 12:03:00,-2.5745028513685826,63.942000650259885,8.740173207805672,-2.8756257576852464,41.271020494807814,9.707272276536118
1726,2024-01-01 12:04:00,-1.8638347452488233,20.106691159263363,9.633958833968695,10.943976289079204,36.04191303896638,11.214724969791153
1848,2024-01-01 12:05:00,1.6279388593011,45.90797045966759,8.471964345767562,3.723098054447238,27.533230623740355,12.230623516765686
1089,2024-01-01 12:06:00,2.0486385597374683,37.5947451064465,9.973520853416217,27.335022283190987,10.552991836702574,5.220329127325744
1775,2024-01-01 12:07:00,0.7061675171315454,97.69750319686256,8.03363265852216,37.66098270586864,4.724660202223256,8.617015788655769
1604,2024-01-01 12:08:00,0.8665390177788996,78.17938556559832,5.565362764301227,24.77323361580815,11.662783522328825,4.244887493780801
1921,2024-01-01 12:09:00,-2.829975297699692,47.97227043697902,-0.5927090064279072,24.465296520740374,38.09861244147955,8.920221513173562
1969,2024-01-01 12:10:00,1.971181557489051,27.42760692244964,9.294355733498143,-4.703199196118757,46.681381489596085,13.728496446818166
1601,2024-01-01 12:11:00,1.729651249024978,61.34404757524992,8.149402474206305,18.05246372760836,36.92062077289669,9.008097640209899
1417,2024-01-01 12:12:00,-1.445789135379917,37.075830506083385,-1.3887981137652017,31.769559407882177,26.428089384219952,11.604620860395716
1114,2024-01-01 12:13:00,1.252060319793042,62.91436367186862,2.3374370986274045,24.435416440210794,47.539068593132725,9.067472039535296
1616,2024-01-01 12:14:00,-1.7108723614500114,86.8289883343114,-3.949165090616748,5.2502073091975525,41.44551023470547,7.989669186826725
1902,2024-01-01 12:15:00,-2.758019033690922,69.26340416811084,9.299632949008256,33.181386179224035,32.82628231168554,7.452511336792408
1195,2024-01-01 12:16:00,-1.7931807444577363,70.70307356360019,3.5915249158218394,38.3969525896832,1.991444391096011,5.576667347042577
1825,2024-01-01 12:17:00,-1.928226739474203,63.28242312502492,-1.3219918110775186,7.55467813751217,14.457902055280167,7.483254784327444
1500,2024-01-01 12:18:00,-0.9735120195909168,94.18125061051273,-0.6140102956418643,4.319245397461302,15.479683559113948,4.123557669057855
1625,2024-01-01 12:19:00,-0.4893030169472512,94.55221475364826,9.709845589447895,10.233710709370415,17.427538613506535,6.530040427329046
1492,2024-01-01 12:20:00,0.05123334898624776,61.017856085884176,4.234214377062965,-2.157877225504801,19.530344289400794,7.822527370275558
1074,2024-01-01 12:21:00,-0.13947674695003087,44.46075897148035,1.310246861596056,34.3044702889094,46.97452667851967,11.88038771691623
1412,2024-01-01 12:22:00,-1.3759523642082638,56.766960470355514,2.4976819267830717,36.81847662396165,37.1194331641581,10.872205779142677
1375,2024-01-01 12:23:00,-2.824975988555553,34.92463297564925,-3.5217489143398497,23.498636783490863,34.627555854152476,9.308185142896868
1419,2024-01-01 12:24:00,0.6306097334229044,70.90754522544714,-3.87465859890686,29.39506657840507,21.383096444705576,3.7799156775737064
1728,2024-01-01 12:25:00,-0.625531020915874,60.007386862578656,3.8906161495057727,25.089280484582023,16.943725454242216,5.80114939133997
1276,2024-01-01 12:26:00,-1.2079670556747018,28.264038225062393,2.6800605466047465,11.980940318044109,6.066951719686986,9.291479460840335
1760,2024-01-01 12:27:00,2.201646256983074,35.811822489569224,0.3872978695516167,23.44190629244196,22.7294241324362,7.908519447826243
1675,2024-01-01 12:28:00,1.4804598467889587,58.37055649596215,3.491709287670467,32.63440768938008,10.346584536236033,5.252244383925397
1393,2024-01-01 12:29:00,2.1465932902346534,91.00711925750866,-3.909860758442416,31.44583346060952,19.61141914677617,8.996503262021825
1868,2024-01-01 12:30:00,-0.030103231725234103,65.31125765048779,9.159867571473194,-1.3524113112496465,7.903923900334901,8.78385592249395
1456,2024-01-01 12:31:00,-2.2144124872393354,74.52280001667766,-0.594324683236672,15.817043224440269,17.265395919654313,8.239863470016783
1919,2024-01-01 12:32:00,1.1773286167276344,47.12228397951278,-3.923318139920017,12.87946587807625,2.244670559205089,4.891074797060413
1191,2024-01-01 12:33:00,-1.7635573203769486,65.71291144353874,-2.457435911388439,28.840393560093908,0.4005577276790576,7.553082396024983
1738,2024-01-01 12:34:00,-0.35262198544969925,55.7903858110454,-3.5678912827622473,17.561917279560248,43.508470221781664,10.12544429528988
1688,2024-01-01 12:35:00,-2.609995266306669,72.73039300985286,-2.3209324346047815,10.736549885623882,32.099078933898696,10.056631132084602
1098,2024-01-01 12:36:00,1.951850414537894,24.04604528632083,1.2513108223991782,26.78573922669407,29.42456604123079,9.954443723431789
1547,2024-01-01 12:37:00,-2.2443561537149965,59.46401729911673,6.070763409032812,16.311033415115443,25.73832141476559,10.711580547171849
1977,2024-01-01 12:38:00,2.4185850422958577,43.679410011517355,-0.9147747881744035,6.548081248883875,36.36378594708868,8.795124581237243
1998,2024-01-01 12:39:00,2.1853836135693427,46.09480490223274,1.538899329124658,35.06876151746015,36.834663690913125,7.0914687665397445
1095,2024-01-01 12:40:00,-0.21250341336452383,96.87339452464491,8.931359318323544,0.087153166887326,46.76904326036186,10.388698321445432
1663,2024-01-01 12:41:00,1.4662092258239436,34.61558501691062,-0.5626739101103686,-4.186053190153105,12.29608395004254,8.79065560808105
1662,2024-01-01 12:42:00,0.7166704429089199,44.89962020628775,6.920796298970647,1.4759964691617729,39.28142061242982,12.09081053935304
1189,2024-01-01 12:43:00,1.818453854026469,60.79140605846974,-2.6327469127645036,2.3639464073804897,49.55877123726761,8.087173659085803
1735,2024-01-01 12:44:00,-0.40916939528452767,89.0421558519699,-2.3251738061412857,19.211899002140456,1.548190790548885,3.8432093256003483
1036,2024-01-01 12:45:00,1.7148509054661005,53.33360665650964,1.8422931021439846,23.118947528666688,18.7618727439761,10.518888172811657
1779,2024-01-01 12:46:00,-0.22525909760911222,79.50922247105368,-1.488466243004205,15.187501032645962,21.858189793735956,10.043145079883514
1368,2024-01-01 12:47:00,2.6457947270567628,88.5099278571842,8.545421106913903,4.187706037553911,41.109433350243584,11.387070354083868
1694,2024-01-01 12:48:00,-0.08176739504911446,44.801308465747915,-4.238715633147833,0.9485904457266345,0.7857964267062819,8.172759224466532
1524,2024-01-01 12:49:00,-0.22428436839762256,51.420014683096795,3.959088492157594,17.14683861056769,29.97111465353994,9.613807705509668
1278,2024-01-01 12:50:00,1.710431169381076,48.5244978950685,4.0634409422427975,20.446738942891542,44.639682619763086,11.10650816691481
1216,2024-01-01 12:51:00,1.9294661505650277,86.62846468943368,-4.009611087208285,8.678261726656332,7.466590216780836,7.069032002426072
1866,2024-01-01 12:52:00,0.32693468592702457,23.547748956288093,5.98846322306337,4.919797630343837,5.867123481462688,7.580920057344561
1872,2024-01-01 12:53:00,-1.9212131190295476,44.6736871062944,2.0334631676829398,-1.373327291865774,49.98934329146281,11.313473346330495
1797,2024-01-01 12:54:00,-0.19345061425452315,74.35268460761039,5.846100602422128,-3.818998085349529,41.31535084147958,8.396323043652119
1272,2024-01-01 12:55:00,2.80843501745807,65.23547996522741,7.403874789026048,-0.24186061237190515,34.901183919163785,9.008604878938197
1880,2024-01-01 12:56:00,1.517917158235111,54.90314874349554,-0.1565097201395922,28.393573552777326,20.00916350651307,9.935773808710259
1061,2024-01-01 12:57:00,1.8669756232747936,63.19585817771075,2.267288244032315,10.480839256925025,42.7127524110273,9.621223086982733
1595,2024-01-01 12:58:00,-2.803047007084559,35.80676686626546,-1.0885883034798294,-3.7661488069144,46.14637297649644,9.90982367406844
1879,2024-01-01 12:59:00,-0.19284322419504063,54.45732972864083,-1.9772980471649748,17.867437233445507,36.64718654846341,8.258772996558324
1728,2024-01-01 13:00:00,0.8797268019453321,60.13623873410793,-4.991078629360139,19.12302700998814,19.96492950934994,6.601836193587243
1341,2024-01-01 13:01:00,1.9801961017684482,92.09512975636814,9.45447268119756,14.290995082557707,29.21850168097716,7.038232964709882
1396,2024-01-01 13:02:00,-2.704358078503371,40.866813024318105,1.6139270399447234,-0.019273458403134214,5.016011422357182,7.787981595652883
1698,2024-01-01 13:03:00,2.1146333138512388,89.42628017319461,-4.803953404116889,28.97353289226836,7.985221707870463,9.738629310210216
1018,2024-01-01 13:04:00,0.29040562045147045,71.53931206607855,-4.8659213364792775,26.00867147064786,39.173563410317826,8.001340862942149
1176,2024-01-01 13:05:00,-1.8161161765436404,21.62726648540808,-0.6747114717320741,12.762811222221469,1.5628420604402904,6.575161046973448
1611,2024-01-01 13:06:00,-1.0964687013018,77.97050695195149,-4.790934819348224,12.13669105366306,2.5548802653889946,5.150160235172385
1395,2024-01-01 13:07:00,-1.3084226894906354,22.844150203924407,0.6177192648782253,2.017080172567441,25.450372230139042,10.08733055681765
1444,2024-01-01 13:08:00,0.18515420573085484,99.79049014510505,-4.055922478415782,28.909720618948725,8.609410885309504,5.727970683891281
1232,2024-01-01 13:09:00,-2.689885920533209,89.81093501529583,-4.4112261327453535,21.98082569528948,14.755833474774768,9.067706118035831
1914,2024-01-01 13:10:00,-2.048783049000459,43.78749980320365,5.04072091111825,-1.1392949519174458,20.001688096873394,10.752037552419495
1075,2024-01-01 13:11:00,1.8761582602546945,40.592898415736435,8.60261934164327,12.012855629661107,26.16054449254663,12.005553003011283
1264,2024-01-01 13:12:00,-2.2043760555191336,50.515286568448715,1.1407987495341896,35.660242415582616,14.248382591737167,6.6776272855752685
1454,2024-01-01 13:13:00,-1.5996223832512382,48.49335722515544,7.551556454138989,15.35685707453018,24.228968807715223,10.713263721683703
1795,2024-01-01 13:14:00,-0.2797763663750561,49.787025470830486,-4.561018082963793,9.621737468525973,18.59716049984107,7.475764637835136
1717,2024-01-01 13:15:00,0.10272532867998274,45.46212368955843,6.665350839552737,23.97028339518677,4.143452367943035,10.10880273919945
1734,2024-01-01 13:16:00,1.581662877684952,69.69067254786651,-4.058000115156636,4.133756995782623,43.36965641345929,11.265408724691408
1383,2024-01-01 13:17:00,-0.31600544000287334,33.141093097649915,7.5765913479602744,18.571152919323076,14.140158569942026,6.651543770892704
1563,2024-01-01 13:18:00,1.739187726213233,87.67850339568105,8.23549517308096,25.12852391036405,30.50772598075068,6.371535689722761
1850,2024-01-01 13:19:00,0.710077842272745,84.99219872250522,6.789607635734715,33.4695287188785,28.533030742067048,6.869365183721849
1505,2024-01-01 13:20:00,-2.3214015634570653,58.11865662842163,7.311235366169337,26.16269362500415,10.038422439248206,8.073726446286408
1366,2024-01-01 13:21:00,-2.0620113696429687,88.21839722228381,3.4222684949847846,12.298440872585399,1.594912704476996,3.891899742350695
1143,2024-01-01 13:22:00,-0.37779764730137533,39.77160560242346,-1.0267258612602208,29.551007800673993,42.860877599118,11.114788285284444
1884,2024-01-01 13:23:00,-0.6186636414657625,21.405236456317354,4.6484650399145,35.42799676318788,24.934723788315623,6.978967059826215
1068,2024-01-01 13:24:00,1.4612656178237673,69.53663400238584,1.5931247361454206,16.49936310969728,20.78192898616044,8.968977452427541
1098,2024-01-01 13:25:00,0.48442283878411097,56.63275255717723,-4.91995158621431,-4.797464653252294,38.16923470006432,10.019198748001394
1395,2024-01-01 13:26:00,-0.671201513986504,65.37316370366966,2.1523855965225254,34.64131116783298,1.7546301936924753,9.32879380579207
1024,2024-01-01 13:27:00,-1.9754382992976862,91.94715272147224,4.767818868258184,2.4448896223937924,38.28424265754694,10.146308681855164
1947,2024-01-01 13:28:00,-1.6389773860470291,97.59404588527548,-4.791745104630189,0.6846477241167994,20.504831722348797,6.750644724129668
1890,2024-01-01 13:29:00,0.45300611081435394,70.75625118044825,4.320405041622365,8.845535458301418,27.626022895484617,6.730151496499021
1468,2024-01-01 13:30:00,-0.45936717060124543,81.12444718819506,4.787978593252845,12.099268542584252,37.64671810327243,10.592664057872637
1483,2024-01-01 13:31:00,0.08956505316403263,26.70467467897314,-2.628386326416549,30.971951418399343,27.385848541965366,9.252755314349562
1564,2024-01-01 13:32:00,-1.975935388186598,32.85724679132045,1.466112777347643,12.51325233009079,3.1824339507293993,6.9399177736107625
1150,2024-01-01 13:33:00,0.977437514067395,78.65638439623812,9.464989013336988,-2.803047514061751,36.45718447236296,6.5052785252233445
1143,2024-01-01 13:34:00,2.1152324451358027,54.50923651104016,8.262838416996738,23.618275599577533,39.338447536439595,8.712412431002022
1568,2024-01-01 13:35:00,-1.4523629592785965,55.677221632352456,1.162321342873791,25.204946054350376,23.14846858612479,7.389774691523477
1038,2024-01-01 13:36:00,-0.05091464500904053,44.688614530834926,0.24769402036233323,31.639941437444662,22.009064375226025,10.494816138149329
1108,2024-01-01 13:37:00,2.853163974125411,68.5885106782195,-3.1387897853471602,12.948973629750927,12.671085425813338,6.737948486129378
1692,2024-01-01 13:38:00,-1.0005495566956342,34.81320363329621,-4.472163731897603,-1.126801570654532,32.24372159581368,10.437937008303013
1041,2024-01-01 13:39:00,0.5702780695425673,70.15330234511165,-0.5380583383688196,19.887802496254867,44.11122684805756,6.607990116306335
1185,2024-01-01 13:40:00,-2.458825798798534,33.903908570819176,9.104250206233576,0.4448822159877963,32.83284016916271,10.819818016332551
1934,2024-01-01 13:41:00,0.6360900148766593,25.106082776777086,9.37920177000501,-4.231610463906054,38.58911196157263,10.087209483771685
1397,2024-01-01 13:42:00,-2.4622093601722925,46.42861509592488,7.187790108644144,30.036256233310553,41.88903666909933,12.474375207616426
1222,2024-01-01 13:43:00,2.7554126119429325,38.49122736078782,0.2623722027978923,13.153477015227281,11.384595243872893,10.693653919682099
1633,2024-01-01 13:44:00,1.2939759124338686,91.11933108450658,-2.8456035067683323,18.625232742809622,20.165006272442763,5.945959295144894
1132,2024-01-01 13:45:00,1.7289587288142387,24.396276309490126,3.9330021340851893,24.82821412458403,21.854384798165025,12.427554423159263
1162,2024-01-01 13:46:00,1.2246261646298215,34.12909540592983,4.697575108092721,13.046245002005726,27.989128207565862,12.38081208411216
1214,2024-01-01 13:47:00,0.5383742164587946,63.89756844664396,1.3686035386840611,-2.6990783385171917,2.5541878546629526,7.632793734962934
1732,2024-01-01 13:48:00,-0.30052331348696804,58.48537526779789,5.374701933379605,6.373464596858227,29.46151783403037,10.172873484488289
1234,2024-01-01 13:49:00,2.1502402785663746,23.668161469976123,6.2002282847760295,3.7453536102075464,4.517222020833302,6.2357753077434435
1842,2024-01-01 13:50:00,2.7410140052583785,20.580194241211558,6.745924953621699,38.98273093709195,40.347837574901526,10.857708408769748
1657,2024-01-01 13:51:00,-0.0057829625755121405,99.04543535689199,2.534471670362609,28.277745431145696,48.15479718763244,6.485317434659862
1750,2024-01-01 13:52:00,2.589210294931572,72.70677602870705,6.874611663396001,15.319749921843663,14.558974394200135,4.562704215102031
1587,2024-01-01 13:53:00,0.4999974599311052,49.232490472124546,-4.617853605958148,-2.1484671594118554,25.380094728065988,11.564052327062676
1008,2024-01-01 13:54:00,0.23030512137859915,57.634579813059304,5.206065501083044,0.21327351152217489,41.17705849583774,7.085410249448179
1073,2024-01-01 13:55:00,-0.2731036022678599,41.32400963634296,-1.4654906442428022,31.58048061721366,15.801234901760413,9.252250166820236
1953,2024-01-01 13:56:00,-1.7442734308192809,47.58990269545678,-0.9421956246852012,37.54520922266503,7.9731068981058,8.884168905134443
1491,2024-01-01 13:57:00,-2.977682035091645,71.92355738145712,-3.6304744008990153,-3.58924169861022,36.979219932723524,11.446236722087228
1912,2024-01-01 13:58:00,-1.5509626388636324,90.62494390938966,-2.1141160461023105,35.96787052097241,34.94824489567381,11.565150525397476
1252,2024-01-01 13:59:00,0.058339029621390814,34.730401846494786,9.880123495030043,12.125367102369637,28.54027848754134,6.122438466652064
1229,2024-01-01 14:00:00,-0.7202402864414847,87.2289204308255,1.2308519584521296,4.613469729415327,47.22739609215133,6.180511638256826
1518,2024-01-01 14:01:00,-0.30908863198419745,29.724530361461525,8.916480980330283,-0.39954391640643383,47.760602942968454,10.129822780463376
1173,2024-01-01 14:02:00,2.8838893173842974,37.19937788707129,-2.556507077108029,29.72870238789377,43.091316576013774,7.332155891338558
1652,2024-01-01 14:03:00,-0.8983657759840344,22.974023043971677,-1.939117368522207,16.100971833181614,14.721702262387813,4.760364960871626
1167,2024-01-01 14:04:00,-0.28690236383935286,31.264948967439956,3.367200307226069,32.45907018708655,11.34575994454105,8.252603118604416
1169,2024-01-01 14:05:00,-2.1989066918830824,93.38425163712404,0.2429881131862368,5.177071904123295,41.80346064526178,11.419946708723705
1392,2024-01-01 14:06:00,-2.7122536053780744,56.75509972947029,4.6587281286219415,25.53556165745911,32.60290847829743,9.435927779561252
1945,2024-01-01 14:07:00,1.6524570875549678,26.213268942268286,1.3306986358064554,0.3154767189757628,19.86668891634571,6.4746887439926
1794,2024-01-01 14:08:00,0.424099050431872,96.7781470431169,7.17395856198193,-0.9612192139353626,20.546848180705883,9.690099905804246
1633,2024-01-01 14:09:00,1.5642288362633696,90.319384620692,1.4733860675662562,1.0029932662788177,42.681275926136834,7.716721190443317
1193,2024-01-01 14:10:00,-2.1008232066806904,80.3746016694513,3.5852377365739585,31.400558525213825,8.246038434874583,3.9439709968840275
1516,2024-01-01 14:11:00,0.43097262709614537,94.67782335580463,-0.1839019996440685,24.502888094468798,47.204273148832606,10.074241991814832
1028,2024-01-01 14:12:00,-1.4781451539517467,37.61035366686113,5.560614811579811,2.468375137014621,31.69744314623067,9.975993226234849
1164,2024-01-01 14:13:00,-1.6316290985998805,86.90954344080691,4.821013134485712,12.314749480833342,39.588750895383775,11.568288304184541
1421,2024-01-01 14:14:00,-2.9308439156820887,75.1992957083445,0.9550154916108662,29.365870439040556,18.606241065625884,4.861342312501147
1338,2024-01-01 14:15:00,-2.2179556585855686,89.58073996541506,-0.8595184581410518,7.855347523624925,29.386128376910314,9.938737235180914
1647,2024-01-01 14:16:00,-1.1443913310018279,83.75292525941038,4.2115656223044855,36.45686705408931,37.52452564867319,11.16500053759529
1495,2024-01-01 14:17:00,-2.2987274364543655,47.719605054146,9.147274738165116,36.15712561076157,21.812985613171243,8.337239419516436
1364,2024-01-01 14:18:00,2.9151506424656253,81.95188296138045,-3.0103546396009766,19.88053715626256,24.448023446151428,9.016073119421518
1832,2024-01-01 14:19:00,-1.148204108856296,40.996504238791225,6.986749275183406,23.43884211184517,29.145783460320114,11.214074502290611
1341,2024-01-01 14:20:00,-2.2180563197860312,46.28737304224438,3.14487659212136,24.394825902452343,3.2640088474820512,7.992252840861934
1499,2024-01-01 14:21:00,-1.8055061230322536,28.632457377838094,2.883395427607887,6.631080598978404,43.17300741576344,11.034260753898621
1656,2024-01-01 14:22:00,0.5262193700488589,94.8061292784375,9.425262213639687,11.439462492579416,43.34722899405171,12.222204880052596
1510,2024-01-01 14:23:00,-2.615738856811269,43.28026907202252,4.088121963528351,1.11734997204481,14.142741873068514,10.470678533516063
1326,2024-01-01 14:24:00,2.1746047808469413,61.64979721371615,7.457767416227771,36.61921037442411,44.003144584932784,8.273151767012036
1216,2024-01-01 14:25:00,2.768998075422884,51.30662691729541,2.7171587331354488,27.573224741299846,37.285220902171666,11.467104643594716
1300,2024-01-01 14:26:00,-1.5195154759957148,96.79424964668013,-1.25219949117366,-2.91396801503086,24.211251251901412,7.630081913116035
1131,2024-01-01 14:27:00,-0.2994283884548441,46.803933675078596,5.417354071871644,19.72243525440625,17.453424833931575,6.403794013342369
1803,2024-01-01 14:28:00,-2.867193293823018,82.28366571381513,8.847653566660059,10.43831806320817,20.029008120645887,8.115016299209028
1069,2024-01-01 14:29:00,0.8442613483633288,88.4332923704944,7.618451434151133,31.68795446776341,26.76750388002032,11.357840089693333
1251,2024-01-01 14:30:00,-0.516443651684467,54.84851979847727,-2.02454590639873,10.471003952508076,20.684783024390406,10.829123948091592
1414,2024-01-01 14:31:00,-1.3796492033906658,50.2537451562345,-0.2466632140677465,23.986755607040273,21.069892373046695,7.935322496839981
1786,2024-01-01 14:32:00,-1.7589773363003491,79.81966567461023,2.753210109605165,2.4583150055457654,10.23585634381498,7.2046644994276825
1444,2024-01-01 14:33:00,0.9241384659525629,93.03167842449872,3.574049428540979,20.143997034207644,35.41981905729392,7.826598632354764
1875,2024-01-01 14:34:00,-0.5026978138061136,80.39453864577906,-2.092788283122076,8.224857964909715,30.51861949023348,12.69946077488306
1181,2024-01-01 14:35:00,-1.922044265820528,38.170109247349245,-1.5498148997725316,2.419979006313075,49.595884202378976,12.588154285372259
1166,2024-01-01 14:36:00,1.134654488920944,91.06461979501643,6.382466035531547,22.866661612140522,7.148085789703262,7.781163488306704
1090,2024-01-01 14:37:00,0.39043369822016194,51.00653339494664,5.954761250724136,23.73885400069191,5.775543601877541,9.494122606332418
1713,2024-01-01 14:38:00,2.1520323295769774,66.09835294223474,7.588132219433366,39.250920151020395,25.845021726876443,9.55357709487507
1857,2024-01-01 14:39:00,-2.295144606741043,86.51484954341689,8.993947109203466,25.109772684750205,7.684339099152698,8.04512101597084
1530,2024-01-01 14:40:00,1.713999611666737,35.07158139203938,-0.37608321645962484,18.20694723372077,30.569995438227426,6.849893996581513
1038,2024-01-01 14:41:00,1.0411007209035539,82.76081085420425,7.893924348558691,36.067937938813735,9.886143922583502,7.3249753371123205
1125,2024-01-01 14:42:00,-2.309934379031413,67.69302383285421,4.990176869142795,32.27263684098051,24.201625043764842,11.266688193735714
1450,2024-01-01 14:43:00,1.168924379230324,91.46733134620865,9.366556358376991,19.69358252980804,30.60444134713678,7.606620937484541
1172,2024-01-01 14:44:00,-0.3507162667210175,33.757632147483434,-0.9188876596487621,18.010708498336328,22.956235372842684,8.423782758011871
1652,2024-01-01 14:45:00,2.669908713335058,53.654578963274275,-0.954927475407116,37.38861335721446,16.067266699399532,11.474357076407472
1753,2024-01-01 14:46:00,-2.150331896292604,86.627447429347,5.5644017303909,22.770716978151885,39.13757252237839,7.335828523187163
1219,2024-01-01 14:47:00,0.8570003448944279,21.538536276540814,8.926161610574145,27.120062612627812,42.74743541385947,10.245314588341499
1637,2024-01-01 14:48:00,-0.7081197272223241,28.97610934125143,7.368337371796519,-1.0994431033758594,13.974686728903988,10.888592475963032
1057,2024-01-01 14:49:00,2.740888023545267,99.24521702053877,5.905593366900343,27.323752956216666,40.688347360056824,8.96069919333294
1659,2024-01-01 14:50:00,-1.0201506282583412,42.43153428722805,0.8096379708608241,6.910682899300745,19.642537589931965,10.564721262669584
1475,2024-01-01 14:51:00,2.7731154569508014,98.04345549791627,5.7665100205296085,0.199206544283129,24.43241956077698,7.236524544230874
1455,2024-01-01 14:52:00,2.4089151066044945,34.60252408069391,7.016433646462216,33.23497489623894,11.664309422933172,5.480595628702006
1828,2024-01-01 14:53:00,-1.377700588136062,48.88755544058685,6.299285196859065,26.10359889937357,31.323616410504982,8.918560240359325
1894,2024-01-01 14:54:00,1.8212506609585661,80.22955556028565,5.152161974291845,13.340394050715869,5.136243167169997,6.01873099467247
1360,2024-01-01 14:55:00,2.9736252108210355,72.62227257905428,-4.2930312246394555,14.413752679362993,29.622712545939905,6.258476112713472
1934,2024-01-01 14:56:00,-1.484021986972306,66.48979199432445,4.895723996722129,3.8702974994417367,49.48693228350433,12.009032638531151
1000,2024-01-01 14:57:00,-0.37933698406008176,62.3919340644006,2.1744198322436556,-4.570205204017614,37.697968730408846,9.572582240241799
1386,2024-01-01 14:58:00,0.12108441940055803,87.47523549317921,9.423539073245284,10.721161280621951,44.76246150085781,11.224684805121585
1972,2024-01-01 14:59:00,-1.230413185176814,38.795885026671414,4.107848250656065,1.6786461857163495,23.263357455710484,11.721492211475196
1347,2024-01-01 15:00:00,-2.9084109621238214,55.397674159481475,4.123408843529489,13.97770580592919,7.191056481086334,5.24808613572267
1189,2024-01-01 15:01:00,-1.67922453481484,32.43618337251658,9.910827810546248,32.52212895684813,14.494248501852097,5.35801468531877
1504,2024-01-01 15:02:00,-1.3083786939494493,67.67532765845635,-3.5961831532864186,0.16394635312238748,2.546580743484686,8.319952932382257
1190,2024-01-01 15:03:00,-0.33840179209087706,40.04355394170561,-0.8552557234947065,-0.8710879038734092,25.140367524104736,9.080385681810801
1507,2024-01-01 15:04:00,-1.9733851295195888,46.70736514747087,4.841191584535384,35.59459989845029,32.518376907478356,11.453855314094028
1368,2024-01-01 15:05:00,2.2395261401500353,57.70005732988225,-0.27145615948438007,28.531280309724544,21.28171696834672,10.215299168894019
1408,2024-01-01 15:06:00,1.2294667963880164,22.141646856250226,0.19225221893682853,-2.6118560472084464,28.203924459281566,10.384882134070367
1823,2024-01-01 15:07:00,-2.488797134642028,27.355034873667012,8.389674096956629,-1.4193281634087285,16.10304219127482,11.951474509058826
1928,2024-01-01 15:08:00,0.9005547068395883,74.87433765665756,3.690308575596948,25.821590266701737,4.384318888879144,7.163283735812917
1933,2024-01-01 15:09:00,0.9219388584337223,54.31759845740058,-3.4570162579376813,11.665489096645878,21.656749722865204,8.026194528258088
1116,2024-01-01 15:10:00,2.737327041861766,89.18321775999163,-0.33706121401067257,27.5877982994999,27.435109988516047,7.327450848413183
1133,2024-01-01 15:11:00,-2.9818747718630325,75.57376029153596,-3.8591243525087293,13.200433118521495,49.133476175122276,7.580529231884631
1057,2024-01-01 15:12:00,-1.5124053011651568,20.648075331785797,3.341949001707178,38.55040092945254,17.42894288916057,9.148186502419115
1555,2024-01-01 15:13:00,2.566748876251893,69.33698646137078,-2.4009770543601547,26.2487475517293,33.92070590810214,7.9167921758851465
1684,2024-01-01 15:14:00,2.5928034923896988,27.49798928477731,7.8567272503765935,-2.902290581944631,41.14895961399612,12.635858466576169
1671,2024-01-01 15:15:00,1.3235185162238245,82.47465438323954,3.6597103968474975,9.872579869481479,16.835997312681588,7.473466498977178
1172,2024-01-01 15:16:00,1.59457992628524,99.32061506228015,-4.109365371033579,20.362278376121317,46.50356883294416,9.123248809194417
1828,2024-01-01 15:17:00,-2.4511022524221175,62.49590353932092,-0.4868650456352155,1.384313719016081,17.00768122978049,7.229867598561066
1814,2024-01-01 15:18:00,0.0832550086694015,74.62236001553043,4.245065008541902,-4.886586496611694,48.493235056416204,7.0791426022474235
1148,2024-01-01 15:19:00,-1.6105020522660036,38.98513287158012,0.032474772907423954,-1.4311340455227666,0.20763020184511533,3.863364073856618
1079,2024-01-01 15:20:00,-1.9126917383182964,55.00781950030348,2.6976500289093357,18.59185649632756,31.74524883709507,10.474609834532382
1885,2024-01-01 15:21:00,1.8618197947399953,88.48762657891069,8.640434420241036,23.451479089850693,39.51731976273262,7.1451475176528145
1212,2024-01-01 15:22:00,-2.1897711799167157,33.3938358197001,0.2505395575941751,-0.8193480937604383,14.075014906019785,8.259100850237402
1202,2024-01-01 15:23:00,-0.18809017802168881,41.24284844910097,0.038092937046819486,24.932043575752594,5.940808657809395,10.373907715685334
1763,2024-01-01 15:24:00,2.6314694375161984,55.634694022882414,7.296352619690481,22.770587076460412,1.3159852001227537,8.654577923878483
1228,2024-01-01 15:25:00,-1.8850076666079447,76.97991134752112,-0.21865215624845113,37.29536419050682,3.8129061244858002,6.912740203047712
1675,2024-01-01 15:26:00,2.867960542429408,50.0707163836539,-3.830624837894116,32.83039712030215,27.19739873387542,7.888708254873322
1226,2024-01-01 15:27:00,2.9657279145663544,94.2185823826403,-2.2858256864375766,37.44588386825343,41.97445343692619,12.342805595372301
1658,2024-01-01 15:28:00,0.3337029280944175,27.556564101497536,9.232003761944515,38.474843042054474,3.250230176747882,9.362212608927202
1531,2024-01-01 15:29:00,-1.9791435589370525,49.664335803587804,8.999391888665821,14.83638411908299,5.747700858795258,6.592314804239546
1440,2024-01-01 15:30:00,-1.1033706723546262,76.71632987427375,-1.627818638327783,16.955980657510484,0.35463980549324525,7.902886847811433
1401,2024-01-01 15:31:00,-0.4530430039407891,38.07894125291939,3.3025280964802874,7.672988573009546,14.185642198302554,6.379493814446182
1046,2024-01-01 15:32:00,-1.1440546538506624,72.51305073837383,-2.939478493654957,17.879458116767662,46.07019466694146,13.041778400980334
1232,2024-01-01 15:33:00,-1.3161865207409054,33.13735665818768,5.120164427673037,1.7821614189645354,13.886771093378595,11.202062532845785
1304,2024-01-01 15:34:00,2.833378255298145,24.47842278893491,-2.2204130598528398,25.21439323411891,22.096640905806726,6.800640165678466
1525,2024-01-01 15:35:00,-2.079811035505526,29.681257339891907,-4.253143656175941,-3.878035940073671,9.02997404800742,9.506591440043696
1142,2024-01-01 15:36:00,1.3999674523011736,94.39878265073078,7.373452108131989,5.603249032849739,5.902598367695765,7.433350547422174
1414,2024-01-01 15:37:00,-2.9975382633649508,64.14007063516411,-0.11899425914561412,4.36322641860918,9.201482885738628,10.471946860235775
1512,2024-01-01 15:38:00,0.5770960164142611,83.70766203837192,-3.372163946598545,37.20500821399243,10.600598420645666,6.063431018972121
1372,2024-01-01 15:39:00,2.495658023724314,46.6123600724041,7.508559262933378,1.5205788268532112,6.601412406435262,10.621088242479747
1565,2024-01-01 15:40:00,-1.272395435440686,67.41269183083574,6.435962163192226,35.084895285239234,39.59849527401331,6.223027064459996
1885,2024-01-01 15:41:00,-1.8868441484536849,59.59617069639933,5.256376756479522,0.5961199615673696,23.914557355680763,6.250148721212929
1258,2024-01-01 15:42:00,0.9100787692705619,95.65903675218352,8.668730647667939,24.281409382620808,27.034494435318315,5.7645489671039165
1655,2024-01-01 15:43:00,1.2756084437903592,79.80597088432883,2.3383913030595274,9.394868567800216,18.795063707098617,9.94966793625353
1470,2024-01-01 15:44:00,1.1281831137118878,78.44341051972633,-3.079152536198034,9.220106584614621,10.616067758567175,7.580455793603624
1952,2024-01-01 15:45:00,-1.0840987198717558,23.708261554742364,-4.079803851573207,39.92219950546593,4.785693060661733,9.569041426011632
1970,2024-01-01 15:46:00,-1.4867855870440148,63.97357352029529,-0.22338473060512065,5.171928600681584,3.888692582922975,10.554435591626437
1011,2024-01-01 15:47:00,2.7355127997722652,57.35931631214519,-3.6975375479387567,4.115203057049916,9.338587084709971,4.204434068407387
1329,2024-01-01 15:48:00,2.539797049619577,94.22738132849557,3.0326416052062797,21.52006370940836,42.52379204559993,7.828101049945969
1735,2024-01-01 15:49:00,-0.2561003406430782,40.58735905516258,-4.782514732652632,28.333857866285783,10.905604959963027,6.011429823095719
1783,2024-01-01 15:50:00,2.0771631969262403,41.58667626328754,1.6564495226406386,39.21270355855514,17.805497625881994,7.179754878859118
1967,2024-01-01 15:51:00,-0.2860591341942236,52.90769991052003,-2.3230956521962187,26.563619840685735,28.68030702313319,6.5222219763104325
1357,2024-01-01 15:52:00,-0.4536658915649374,39.469577072510084,0.5240206580073723,20.284197981268427,25.619513939934734,9.995656588974004
1971,2024-01-01 15:53:00,-2.059422314404232,30.33471342469996,5.125511121560336,13.410927299113943,33.32444942360275,8.198797850571708
1407,2024-01-01 15:54:00,-0.44156366104816325,88.59318773206407,0.2644565657605229,21.780076403769986,9.796309994597625,4.5621203425142705
1667,2024-01-01 15:55:00,0.22450163159884173,64.66212195231327,0.12009830800322874,22.037574853871128,26.250041542422178,5.334225860513216
1372,2024-01-01 15:56:00,-2.864974035427881,88.90901751652534,9.86126099259253,4.797017223894569,38.41068305607018,7.27978143213682
1007,2024-01-01 15:57:00,-0.3353219689475617,86.49078123229567,5.7822208408942934,25.204385269021152,19.436597042242756,11.336737776633543
1121,2024-01-01 15:58:00,1.6881373103712018,42.56338838317369,2.7079256777507705,4.1990705798981836,48.597530479564284,11.91613300210442
1347,2024-01-01 15:59:00,1.0802763382456195,63.81899554594192,3.6906347649636917,17.04796705279116,28.93967670134745,10.123246229274107
1675,2024-01-01 16:00:00,0.8109419331836101,26.657416219205636,4.302739472782164,6.694128068346053,33.77384523515059,9.805625996453491
1089,2024-01-01 16:01:00,2.4573325706232154,93.22015072246067,-4.631369015887371,9.076046067838798,23.008478208782222,5.7654258682311745
1647,2024-01-01 16:02:00,-2.89180794104862,52.341017205212246,-3.796031142121286,22.62446589982134,42.90675711324146,11.651927390406225
1697,2024-01-01 16:03:00,0.34228551715340494,51.49409471112171,4.737840270349777,-2.098169836798988,22.62919750743472,6.840128403448995
1315,2024-01-01 16:04:00,1.7240930904582425,44.220429649436255,0.46703288272470544,-4.458433310409765,47.11978764787255,9.461888521257125
1177,2024-01-01 16:05:00,0.24801229620760346,56.85309957685631,-4.168339396521124,0.8779004296439634,15.44377809512761,4.131867881325392
1539,2024-01-01 16:06:00,-1.056626684517725,40.14075092363584,-0.537301309225608,2.591814013352389,43.30438834702922,8.116726922277657
1731,2024-01-01 16:07:00,-2.182496609448133,49.98818182374436,-3.045748693679147,3.904283562053527,32.003723366451254,7.403067454003164
1868,2024-01-01 16:08:00,2.325378430897148,83.99576388679054,8.74470763339482,29.82689815965159,39.972828003341995,8.437874440901627
1040,2024-01-01 16:09:00,-0.17542564567438212,86.74044028681375,-1.9561191117032743,15.108608516704539,1.9812941011867853,6.538133865954877
1739,2024-01-01 16:10:00,2.2686911819142086,44.33459821028129,-2.8446320390892135,16.147126022992246,13.936254622487295,5.270374068136208
1703,2024-01-01 16:11:00,0.5151127345990099,57.52115444422303,4.392532256329249,23.995037328499457,42.36923480503232,8.063301683429033
1922,2024-01-01 16:12:00,1.0451526996900045,89.90558210240418,2.8286789541524904,27.809894578578145,15.984851301780187,9.082261047098955
1501,2024-01-01 16:13:00,1.8255669262707004,24.21386654637577,3.6389868105368794,-4.842124270095378,35.66150213267759,7.872516779021155
1958,2024-01-01 16:14:00,0.954933267600806,91.13159695966283,1.5392222206047288,33.55264011123263,49.61022184761301,9.613677562561627
1144,2024-01-01 16:15:00,-0.6116709559263738,37.53474765218654,2.0075396639819427,39.47956812733488,8.940720608468274,10.307256935720357
1200,2024-01-01 16:16:00,0.08180030357190571,74.28313953715006,6.681963337706943,0.4813344507289772,20.935542431136703,6.387443802819173
1928,2024-01-01 16:17:00,1.8182731480552796,66.60413571076802,-1.701167227614989,24.29862626456066,8.339822867230797,5.104938108210168
1723,2024-01-01 16:18:00,-0.7580982217620948,64.23525985514017,0.9479395424685118,-4.891381051956059,7.7988940800944055,8.22970204461042
1460,2024-01-01 16:19:00,-0.6712712593890178,88.74881798022571,9.367380773919239,-2.793673122143794,31.68883704252922,9.08785037251283
1731,2024-01-01 16:20:00,-2.4258593036519933,28.125771491572902,-2.1502144822093223,7.825045903872489,9.649664234697193,7.498406221591853
1751,2024-01-01 16:21:00,2.4875066113304865,47.762242026050885,-0.5933960743719942,33.088183798883534,24.184432051963977,10.247258158780957
1924,2024-01-01 16:22:00,-2.4537821103273494,63.06021970758125,-2.126496135710142,24.362540564698183,48.89927953373626,7.351484975989672
1908,2024-01-01 16:23:00,0.8892550646913353,84.90310831568318,-4.692567554627965,15.06194193875471,16.723161153734065,7.189879535206823
1557,2024-01-01 16:24:00,-0.5208331271832138,37.31544667293372,-0.9525511243749447,14.736931312107675,43.69412934960459,9.846287602591493
1546,2024-01-01 16:25:00,-0.5662836584673459,84.2343873099421,-4.302988310566413,15.9724108458907,19.878616564763004,5.110691123165179
1252,2024-01-01 16:26:00,1.0773110194361033,51.97107859951486,-2.6797231039005,8.99648985104517,13.216959039560845,6.744592922489324
1389,2024-01-01 16:27:00,-2.597437604220728,35.11310851469563,0.4402310510142202,34.497153293148145,16.87895998547557,6.644081051287306
1593,2024-01-01 16:28:00,0.5622346977086075,80.71891523547862,-4.6891817439656265,20.55411090399088,6.471555219455171,7.260333612135779
1882,2024-01-01 16:29:00,1.6321907158341284,27.271912117963826,6.294348488960749,16.777748358663377,33.981359282092775,7.29488184245582
1255,2024-01-01 16:30:00,1.9692765473195655,61.181389926035436,6.933835206543202,15.928447142069675,25.500095239842054,8.688909004108897
1708,2024-01-01 16:31:00,-1.9768176636373482,25.110062708951073,1.1712070362754439,37.112191010407415,30.73014011092934,7.527262567185678
1814,2024-01-01 16:32:00,2.384514300469042,48.51342841262301,9.76998969061404,27.56478676988568,15.22432960873307,10.449680524003679
1920,2024-01-01 16:33:00,0.9368765510846533,68.0861439205114,5.1849087221154875,1.5166549622463545,32.707901773944144,6.793488994045128
1449,2024-01-01 16:34:00,2.2911288049240968,64.48924331897705,6.155826219711235,14.663657647446929,8.313484525753209,7.802935991793693
1009,2024-01-01 16:35:00,-0.0883156973388104,52.37243343237332,-2.115493645007999,7.97674946865355,32.65838852845981,8.31915443056317
1823,2024-01-01 16:36:00,0.25220007058321237,54.32383951776926,7.561564342325701,39.40908959785732,4.14879409339527,7.873900648135658
1797,2024-01-01 16:37:00,2.514229662172027,38.14156426806132,9.175695970322591,13.692806784093136,20.073630462095224,9.72077266939362
1241,2024-01-01 16:38:00,2.399457260128031,56.470607073928235,-1.4553475013931232,-1.945845363659794,30.526677130486657,8.910509592125676
1250,2024-01-01 16:39:00,-0.31103475978598816,96.26038845766674,5.296964415795703,13.504540065826195,42.780345475999596,10.949236322854352
1876,2024-01-01 16:40:00,-1.3535242101859095,88.03623342270323,6.2041157299499705,9.460762627267089,40.639509802132444,10.798344360835078
1004,2024-01-01 16:41:00,-0.6409773926144151,31.618629526107505,-0.42246242285676416,21.981219118521153,26.394808843177636,6.9743589455494215
1118,2024-01-01 16:42:00,-0.6734140288215018,22.382462985673676,2.125135038584446,5.173517885306342,44.18019779867034,11.200849778884182
1800,2024-01-01 16:43:00,-1.2787987501032363,94.68194501733045,-3.5369135962891383,-3.3811857635278253,25.344557966096776,10.239168913831678
1373,2024-01-01 16:44:00,-1.3885223740022006,62.13997999045981,-2.4035779406073807,-0.6853831178498888,25.90661910951593,11.548532395974421
1064,2024-01-01 16:45:00,2.1663776188783164,63.027025851944614,-4.076442145292079,7.741641529046442,36.05562696919963,11.439400680362446
1145,2024-01-01 16:46:00,-2.58082847589203,82.45743965652179,3.4024823581794053,10.674518418989843,43.9013379062798,8.48240947492136
1223,2024-01-01 16:47:00,1.0656670925975646,45.175117909706124,4.378943459159041,32.55027430201298,30.175553164975064,6.453783221470131
1238,2024-01-01 16:48:00,-1.9630796912612862,58.55260550688017,8.741793751505995,7.153135780647316,47.21516862039072,9.571384544015766
1176,2024-01-01 16:49:00,-0.9329646396356206,97.493033051739,3.1327721593540225,-3.582812593577924,11.706044696025428,9.762267560114001
1778,2024-01-01 16:50:00,-2.630741795190979,73.77189495459257,-1.0908294378785008,30.133006744128437,46.223040508716515,9.623802357533958
1852,2024-01-01 16:51:00,-1.3801581788672277,32.29960255966287,-4.107896801133218,34.10129065400332,11.160482466536838,6.403114397281132
1281,2024-01-01 16:52:00,1.6105264267034531,30.658139838748262,8.274295791262553,17.15378068302375,26.368133307534816,12.449516773618623
1062,2024-01-01 16:53:00,2.310091947283552,36.34118066664043,2.182871177920801,7.821725384041184,39.821986631575925,10.045505503191224
1216,2024-01-01 16:54:00,-1.6708370885857977,81.3369339536574,6.0598298416348175,29.746294605328714,40.09904994811072,10.519770108472315
1853,2024-01-01 16:55:00,-0.21871296444646893,43.630160307249284,-4.780259771066166,-4.599571699310428,13.980147182256273,7.937003105674133
1826,2024-01-01 16:56:00,-0.17805571237676165,21.711107734006383,2.3220838399662638,36.581270309855256,49.29617149280241,9.940913488721389
1794,2024-01-01 16:57:00,2.241451834558405,95.53394908045294,-0.11416065250252139,33.94892401947901,4.122110763762291,6.657162667110268
1688,2024-01-01 16:58:00,1.5767943172548327,33.577073311592855,-4.5450309107925975,19.517494447967607,1.8356590785721727,9.573421885342517
1460,2024-01-01 16:59:00,0.07846331020829922,20.76465489184549,6.635092106086875,7.491153455940486,42.092320006282314,8.402350564937484
1928,2024-01-01 17:00:00,1.0244832028306403,38.97052819066584,2.6935247934041984,-3.521980276295105,40.969043637711465,7.916980700388937
1609,2024-01-01 17:01:00,2.0841303234562005,38.80230296945069,-0.0022963551330361653,39.9920687588588,35.66959057602633,12.029239740010738
1104,2024-01-01 17:02:00,-2.94276627584673,53.76042006765785,7.08697725861099,29.29331753674078,42.553623803334865,8.37887736445089
1098,2024-01-01 17:03:00,-0.5826598136997081,93.63118652000294,1.7038517777524973,10.241944411367127,6.964206885744952,6.323262618201135
1510,2024-01-01 17:04:00,2.443459003662472,90.33479342232783,-4.9475306544754805,-4.132761276254694,4.874808491994988,7.615689469615722
1384,2024-01-01 17:05:00,1.4418781850637084,56.55156439859424,9.166714480574882,23.768127780734698,48.473191392235385,10.12049046391452
1404,2024-01-01 17:06:00,0.2570482460044481,52.87199239934452,-1.1647588930642176,39.4106802588263,31.24947584034802,10.541210239756575
1822,2024-01-01 17:07:00,0.17786716221080034,64.4007269179881,7.458632830950121,26.818271888470026,46.000352684937305,7.4645630868883694
1517,2024-01-01 17:08:00,-0.9133794143733733,39.47632095774126,7.2462307612190955,-1.2328516143587627,45.33151688819034,10.18122627449792
1475,2024-01-01 17:09:00,0.12312320184908732,24.174799357309027,-2.5643910295890304,13.102526747810028,32.69167798453805,7.452219932089333
1976,2024-01-01 17:10:00,0.9322991967807193,95.13793089369653,2.1100402182216493,-0.08674417725988626,31.460878195189878,9.615598148806539
1708,2024-01-01 17:11:00,-0.48982176942724154,34.935918790173815,-4.397015322522606,36.04722473204264,18.061295618276596,6.505652703504914
1862,2024-01-01 17:12:00,1.2849188783530439,35.872058339657315,0.31827509332693005,9.868651192866137,7.540591792004417,7.345849466619746
1644,2024-01-01 17:13:00,2.167393363562315,57.79682630831581,5.964682650544301,28.001943820330197,34.36158713852619,6.567669233004388
1869,2024-01-01 17:14:00,-2.0718909108908328,59.329067587226454,-1.4439579483446359,-1.188933889590202,40.91124244032518,9.611958934117133
1770,2024-01-01 17:15:00,-0.29071786309545367,21.474736776059355,-3.24308103886535,0.778661310794778,27.276725126871433,7.653764034824118
1436,2024-01-01 17:16:00,-0.5518794522895134,31.836379101917657,2.6068532640251343,25.57694479228081,2.638370091755812,5.93262191145447
1022,2024-01-01 17:17:00,1.1247888242983688,50.25238548485934,3.0547957656044815,32.95659767629761,7.331393514119086,9.641962813480292
1996,2024-01-01 17:18:00,-1.5007952084524239,74.69845548084312,5.137433969817371,4.065248034907553,5.187820886918913,6.912902296377189
1564,2024-01-01 17:19:00,0.8415054897136578,38.27347654655487,6.387066202038861,13.825176069867855,32.92579926658727,12.700075012222534
1676,2024-01-01 17:20:00,2.2649354503889283,53.841155699341016,5.437142968969827,22.8737665616407,28.28297544812971,10.109433647475607
1713,2024-01-01 17:21:00,-0.49121040123826365,64.58760517731734,7.681183124422759,30.832435266712267,23.378364667789665,8.413131443123069
1457,2024-01-01 17:22:00,2.46609419987532,91.08739956986336,-1.6564030357694022,23.268847467067648,27.21608693945814,6.082815763738258
1082,2024-01-01 17:23:00,2.9589824336008705,46.08564018616987,3.546501193247442,-0.7058335710840478,13.87014663347747,7.301998071907544
1144,2024-01-01 17:24:00,-2.3634477003122876,30.68466126907868,0.4014303613198775,19.42686977503378,40.255885858930846,11.434264388360788
1084,2024-01-01 17:25:00,-1.6016808720908482,59.14177807180866,9.431685355024634,34.807300666445656,16.494408043488033,7.336277951912305
1077,2024-01-01 17:26:00,2.702278508892559,79.73772813472496,1.6041928512223569,34.061067446079285,32.25062957492275,6.26220221676201
1456,2024-01-01 17:27:00,2.74996611888832,28.788780564218676,9.39570899700335,21.325702348793257,19.604624906935676,8.719914364951919
1877,2024-01-01 17:28:00,-2.413756347679449,53.97467933575683,6.535984810886589,39.80632930468775,3.701109596152485,9.020156923949394
1000,2024-01-01 17:29:00,-2.91000899773718,21.422811300998674,5.776957931030486,-0.2694324927040066,12.921876078617675,9.332904116112653
1050,2024-01-01 17:30:00,-2.0333998604614667,22.68473453178009,2.373455678827404,16.536791082624376,48.25840653703387,10.268077964917685
1684,2024-01-01 17:31:00,2.97607670029349,58.63626905733325,1.6506720138340318,29.880563770873316,9.60780231003037,9.21079539506617
1716,2024-01-01 17:32:00,-1.9200023003358788,43.85578385207435,2.898222812776104,1.346715315137165,5.335941808699256,6.70295286640877
1771,2024-01-01 17:33:00,0.015285640332138861,87.60858392043298,-0.5955040560957015,38.773739266728455,14.628494392126477,5.238302501506416
1445,2024-01-01 17:34:00,2.0905063585830668,68.17234449011634,8.567649097577,10.932094533264024,43.90850280743634,11.503872109560406
1448,2024-01-01 17:35:00,-2.877590335870762,56.314636939439225,6.914959828980496,10.75628892903659,15.370718573885311,8.553069168154456
1880,2024-01-01 17:36:00,0.6269338935507571,52.63482968434371,7.0209378148756585,4.593743551354278,20.927268967497742,7.854756036120948
1487,2024-01-01 17:37:00,-1.337847306782254,59.77963841516506,1.4973039317415413,7.9607858829967455,15.572838372988144,6.7445448818188805
1799,2024-01-01 17:38:00,2.174009498638389,23.235106497012907,-3.9336657763367437,20.99150050328938,49.449780778963536,13.937638641184352
1033,2024-01-01 17:39:00,-1.299233104415525,91.4234685136528,5.246159768894179,14.320943007292954,49.993767447150546,12.101966088777303
1347,2024-01-01 17:40:00,1.1205343216914532,99.86425245871666,0.6162037595711762,3.702018024702859,24.19036038719088,8.832165449198662
1094,2024-01-01 17:41:00,1.0453177946843812,34.51896998869589,8.05645468676238,31.411297314241118,39.262802907469144,10.989699596814964
1071,2024-01-01 17:42:00,-1.67103870684216,29.63063718196958,6.7050765767479525,-2.199231179417315,11.080985894563034,5.641036487538147
1550,2024-01-01 17:43:00,-2.7912048007898993,31.486197075887617,-2.820077870153659,32.55937350251223,18.77732782003879,8.62703000112457
1153,2024-01-01 17:44:00,-0.5445025572876165,72.88216465874937,4.025735958077714,7.372242609156061,33.99904960429404,7.911862622780235
1249,2024-01-01 17:45:00,-1.2648410882047818,72.91526707606198,5.383208888907765,17.31564998931873,14.387787188202976,4.442632633642358
1673,2024-01-01 17:46:00,1.8538664976822519,87.83393298227287,3.5220636973654216,12.147904236477633,11.312467268373572,8.365995331891147
1437,2024-01-01 17:47:00,1.802185130732072,80.14611107410026,2.7106326423289193,20.677095102537134,46.11967031157646,12.738584292099091
1117,2024-01-01 17:48:00,-0.25785628684424733,55.97517386954718,-1.5820538749108808,30.81954978130789,12.290473987492394,2.7441316105305686
1770,2024-01-01 17:49:00,0.6390733519393135,69.02842892522551,-1.4613973336822346,39.51939070636128,3.057963165149603,5.380009590808208
1890,2024-01-01 17:50:00,0.6255570959215513,75.06277362944063,6.520122079638318,8.772661554425571,37.57929189734338,7.131768212350985
1305,2024-01-01 17:51:00,1.9629488905657402,61.018917622818016,-4.719653216546643,19.921198556359016,12.23908756764719,5.7520549728553725
1267,2024-01-01 17:52:00,-0.4499855152608152,58.05207875613093,6.683650940583645,15.970339694874884,22.564188954197338,10.360451319706653
1960,2024-01-01 17:53:00,-1.3473199212569456,71.60779565141226,2.9019810480870865,39.95176716909043,5.666695994899307,6.337731756605752
1053,2024-01-01 17:54:00,-1.4097904911567152,64.5979639180523,9.04333978577254,31.4011133724752,3.5189273624941846,7.229223749832208
1235,2024-01-01 17:55:00,0.21715367569322463,71.51538442687283,9.959823215843846,12.868773636108674,23.07623901955171,10.643253455269617
1388,2024-01-01 17:56:00,-0.3051107836067244,69.02838191706911,4.952268476634421,16.45955750234409,16.920708275967538,5.4012651875192
1989,2024-01-01 17:57:00,-0.3592753740903829,77.53572484109237,1.1838579163020544,6.0680467491967,25.34566882390695,7.883794446838067
1733,2024-01-01 17:58:00,-2.4531759654617566,71.42428070263009,2.1262886284104168,28.986129388697194,48.292584437484074,8.238434973896563
1762,2024-01-01 17:59:00,1.3116224441411735,61.57939891498138,-1.9367685852273846,33.034530387029896,20.428675483772402,7.777673780421091
1824,2024-01-01 18:00:00,-1.7175798721085358,74.54374490275092,-3.5114851401277845,38.42440706303142,30.172589476768785,12.038774884009875
1400,2024-01-01 18:01:00,-1.8182782187476718,55.958557214834244,3.6814508995320274,20.462300356800867,4.9700095768564445,9.257886983662083
1623,2024-01-01 18:02:00,-0.5234500783356393,39.33369807780808,7.08242646949901,25.180735100684778,44.307288489242666,9.37454981228255
1766,2024-01-01 18:03:00,-1.6333299502931915,20.113457610713237,-1.0735022340618015,15.072647425125673,40.312469061875355,11.797773542196342
1302,2024-01-01 18:04:00,0.503149603848092,64.79713177166745,1.2947921536802474,22.410782965193967,26.168109579112578,7.038698415921271
1918,2024-01-01 18:05:00,-0.7712199639931709,67.25241812869129,3.321604926654711,10.693706360805887,9.250506026403873,5.04826924046334
1206,2024-01-01 18:06:00,-0.30652966444325935,97.76391718205714,8.61846729955086,28.196010243428766,21.354900977446015,6.071759138844673
1228,2024-01-01 18:07:00,0.22301592962417338,48.91826672754205,-2.9205315850691593,-3.9784835410530173,14.939461395841537,7.299706795189996
1852,2024-01-01 18:08:00,-1.778786865109171,51.53065942626494,-1.4467524690550606,-3.7194417638607384,49.726386094119796,9.513081097674485
1909,2024-01-01 18:09:00,-2.0654902628068212,36.14396650737522,8.777956776786771,27.225440058396913,24.592830597817745,9.811845362214802
1577,2024-01-01 18:10:00,2.2825314172416284,25.642743618985754,-4.406966102679623,36.880726140632476,21.169431938751618,10.125062571299672
1074,2024-01-01 18:11:00,-0.39765778301147403,81.82435942893925,4.841734510897879,23.451202049640088,8.536009973887321,6.6084506926847695
1434,2024-01-01 18:12:00,-0.527438342204765,39.974485147146,4.592888248269274,27.693773455166358,12.031536573539334,6.6640037074914265
1102,2024-01-01 18:13:00,-2.786327098362951,68.71238888240303,0.7488165044884596,32.07704310481754,35.60822693797135,6.744703774969057
1421,2024-01-01 18:14:00,-0.01214218447564086,75.02184284363852,2.022470185106772,11.275341900861076,26.79197569547871,6.318067014745004
1703,2024-01-01 18:15:00,0.3250183296660003,57.69893498333182,7.82376927220842,-0.134885409826623,17.965762503964747,8.900721428290126
1763,2024-01-01 18:16:00,0.3530452257279988,90.10816904217533,-2.5252690497983132,36.989152926254334,14.920982925285221,6.842093801770185
1737,2024-01-01 18:17:00,1.242187015937306,55.503587278378305,-1.5264878258160937,37.23567542510981,10.116938287557694,10.321292197167258
1805,2024-01-01 18:18:00,-1.9351089900539293,42.79268984334121,2.6852561715983567,14.882825000743555,1.7915048535324483,4.288672969493141
1305,2024-01-01 18:19:00,-1.486661194616287,91.68124183692979,1.1461813450004517,4.77263456475762,48.859783433508504,4.208775889022274
1097,2024-01-01 18:20:00,1.864382791382476,88.92514273999652,3.6155874631777536,35.15594722464951,37.68020651044043,9.052604738478204
1849,2024-01-01 18:21:00,2.683023701060364,33.12319576611304,8.812587791406937,26.879201368836394,46.40075367418852,9.138357855722367
1797,2024-01-01 18:22:00,-2.184403515796076,22.076881468313676,8.75653026606755,-4.629724225386719,20.686288233074993,6.154317841947824
1334,2024-01-01 18:23:00,-0.014102672968690833,27.198844507969653,-1.5497249042751235,-0.15261343434128793,43.48219924072852,11.819785772614205
1858,2024-01-01 18:24:00,-1.714942483562479,42.923791884305366,-0.46783080726739357,39.243983924728504,12.886871103299711,5.9161981937906525
1434,2024-01-01 18:25:00,-2.6395609898701053,97.78078413933686,-2.5689697805445517,-3.2842319536334896,25.540757213987035,9.474549406699598
1446,2024-01-01 18:26:00,-1.0469799712431875,64.681292252866,8.916855571958896,7.7149754663629935,10.203724048717367,6.569593463120208
1993,2024-01-01 18:27:00,-2.1378742488947236,49.8609385623415,0.967961952972928,19.682335511776138,38.53982455025679,7.789142621591751
1307,2024-01-01 18:28:00,1.2595984406054779,91.09728756901971,1.7455771732551577,3.2960027292495493,24.930340145959523,7.316349662570011
1248,2024-01-01 18:29:00,0.20235248202866662,56.25090651827997,7.039611711661895,5.442433886333154,26.860019625899614,10.648730919509758
1165,2024-01-01 18:30:00,-2.1369931740581345,45.21909027208169,2.694602092154379,10.883536895290097,42.98678602220793,8.485056151679624
1480,2024-01-01 18:31:00,-2.944550469566914,95.2975622996526,-3.2036677666773183,7.129942074532911,36.98694913157782,10.793116115064636
1983,2024-01-01 18:32:00,1.8489422941452762,87.96141329541425,1.5677306416404493,31.151030256400325,48.31667124095936,6.462725307747268
1334,2024-01-01 18:33:00,-1.9428335630145148,87.49347003355527,4.4578606491794766,17.512351302667216,20.32626635921395,8.402295310665172
1541,2024-01-01 18:34:00,0.6372998533245959,60.98277944401705,5.788136316355546,7.537906640992469,23.12659065131235,5.820101826459235
1758,2024-01-01 18:35:00,-0.9784685215395266,83.1550719052364,4.680277791743409,9.089321507261428,30.80540041941315,9.60136677896123
1105,2024-01-01 18:36:00,0.5129156298902133,34.34826874116415,-3.212289211514551,-3.206076818538588,22.720291329559892,8.521166574133657
1562,2024-01-01 18:37:00,-1.1060782381060559,65.85783660449948,-0.4348321225727254,-2.777356571860598,21.03880744544787,10.295601726128082
1080,2024-01-01 18:38:00,-2.4783626358464748,98.70767382780366,6.00346967444823,27.305840486149783,17.094529922304538,5.791830811585998
1132,2024-01-01 18:39:00,-1.6622999486534784,43.27667444143693,8.20285291504112,0.08098766820013203,41.61102254442192,7.105530468729163
1796,2024-01-01 18:40:00,-1.8716486011255464,83.54818633981401,-4.292203774066104,16.410854860680182,26.721119245770673,5.071893286736021
1899,2024-01-01 18:41:00,-0.43188388536213695,59.23827257664538,-4.366563378950342,32.90645392851086,30.409416145960616,10.41413122011062
1137,2024-01-01 18:42:00,0.9497027005569443,23.184454657766985,4.651067940085936,11.580407757724053,10.28336914248551,7.808207530895087
1183,2024-01-01 18:43:00,-1.4171635503218547,81.04155182525339,3.2206923124492146,10.558850215481769,12.663646372516444,8.392009747973068
1400,2024-01-01 18:44:00,-2.9275803881962923,33.48553155136902,-2.66991424223429,34.28717241041373,17.055681100197948,7.301242040850838
1329,2024-01-01 18:45:00,0.11362418558854159,70.51788537062001,3.224373725454406,33.918267849235264,23.32191191777741,7.536274641975561
1784,2024-01-01 18:46:00,0.6345569361538326,26.85313552375783,9.617310152512763,34.60615606571277,2.291972450187368,5.430475648536505
1507,2024-01-01 18:47:00,2.777222964010858,95.74939179967718,4.463503305949374,20.73612820592915,44.43072894321065,13.02508435847219
1851,2024-01-01 18:48:00,0.5368248185594808,43.33791097442887,1.7371173407457787,37.85369231079672,45.19524149720645,12.140400801097647
1983,2024-01-01 18:49:00,-0.17296464373114873,38.11717533419159,7.412987319093631,31.853377651781976,33.11782801061205,12.803759628647619
1068,2024-01-01 18:50:00,0.44040975538622273,30.330912325306745,-1.8076627152177265,13.703549212856593,15.871036424380495,6.27494965851933
1545,2024-01-01 18:51:00,2.567403779172162,95.68017546712382,1.2148964624036989,23.329981387301725,19.32738340264677,8.862769694120686
1773,2024-01-01 18:52:00,1.9702688736098777,76.95229939530441,2.916518377162711,0.4805087241239363,36.729144843667186,8.2175495312385
1052,2024-01-01 18:53:00,-1.062127599817152,79.3328710974471,2.568098380761332,19.809948367788316,14.385921173465643,6.086459567922476
1449,2024-01-01 18:54:00,-1.5764738180571765,59.95236491041957,8.814587038167286,6.84170875994209,30.485009328390458,11.254611415920907
1204,2024-01-01 18:55:00,-1.4241983258035582,57.978222821638674,-0.6099783912998626,7.759625193011599,45.32292679918228,11.918862590466217
1125,2024-01-01 18:56:00,0.02652623829127787,28.80169943931813,-4.152444189055705,0.6573204817566172,20.58134681968336,9.877190267568109
1746,2024-01-01 18:57:00,1.4642967073714672,64.78728764671934,8.74565806770613,11.118965060826692,29.393733321746375,9.923031200641674
1042,2024-01-01 18:58:00,0.019315243097772772,39.75331960870324,-1.7439851429248603,16.662564863462094,46.43663037473301,10.292877466765457
1751,2024-01-01 18:59:00,-2.5932216250313243,98.17162662403247,0.6854196096506113,22.015949853408838,17.09502013885754,5.088994665600117
1970,2024-01-01 19:00:00,1.3414842026398857,83.72647520121178,2.9633743677711575,8.719120132118931,38.006023301101216,11.218735242497877
1882,2024-01-01 19:01:00,1.8358207720257234,53.03936481543101,9.638207058223202,30.651170543954116,37.78058060920161,8.111938776173048
1110,2024-01-01 19:02:00,-1.2630128092816821,32.10730069532264,3.0290266244289707,18.44319827216731,46.431910170889296,12.470717104282505
1760,2024-01-01 19:03:00,0.9847544357001023,82.82653529110272,1.7161495982271857,23.71234490300788,42.943607027239125,10.429544193267123
1662,2024-01-01 19:04:00,-0.44044859367364,29.76430136650528,3.7545771927646996,7.5164624040339785,37.46652636089288,10.524584660133442
1182,2024-01-01 19:05:00,2.3347161343646565,35.14670027976564,9.562122398757067,31.636114555551913,31.86211986240249,14.580215622987744
1847,2024-01-01 19:06:00,2.071353348964439,36.92164141953819,7.269168981346606,23.092350275467176,12.13529572080807,7.1864535651185335
1094,2024-01-01 19:07:00,0.1525919898578536,64.55125106184755,-2.4654779553211688,33.805693725212066,33.565368766131165,7.686088582224841
1970,2024-01-01 19:08:00,1.1490332748815666,82.9645323192293,7.048900223563136,2.1978210522232517,13.894528960976578,5.031768186557736
1373,2024-01-01 19:09:00,2.300098206132624,45.145190297975375,7.616485897058327,12.129847011894938,22.056978307273845,7.54313896349799
1911,2024-01-01 19:10:00,-0.025697939530346936,26.77358514202315,5.360411559376995,0.08572828257668519,35.51396197803528,7.744062114947168
1519,2024-01-01 19:11:00,-1.1204955570670683,57.16307708195353,4.8585018875089645,4.698728990697662,33.7772229580821,8.184852990438884
1899,2024-01-01 19:12:00,1.521996827457487,79.84881929279484,1.6131550127170637,12.75463770181915,20.119834735036335,9.424710103649051
1359,2024-01-01 19:13:00,-1.6796024712918494,37.73310744699106,4.625430806791806,35.25618584467184,9.215516730205222,10.268154934963288
1899,2024-01-01 19:14:00,-0.6688131119637477,37.593963843149936,6.063624582283866,20.066830108235678,24.25870845894674,6.787438480334524
1695,2024-01-01 19:15:00,2.1943634226407625,95.77816218773687,-3.1576962788855143,9.86702488214162,13.571648731565483,5.295165309926307
1280,2024-01-01 19:16:00,1.3465340416158904,96.33229816953423,-1.140050597248465,28.610462329581658,12.846180486797317,9.444046880208205
1194,2024-01-01 19:17:00,-0.5771339685150045,99.23725856492611,-2.0887718155055897,-4.114278221256434,16.406999913783583,4.727675737150955
1863,2024-01-01 19:18:00,-1.7115329855498556,84.61276812598241,7.618177553590215,11.654149505920056,35.34126414843268,5.454001509394867
1194,2024-01-01 19:19:00,-0.8641896550065811,35.054733533435645,5.200038872976515,22.03742634670203,24.914563015195245,7.491355861927769
1666,2024-01-01 19:20:00,-1.295375104635402,36.95852166394091,1.7616780936276486,21.245678673799095,18.721231743524754,8.60925025808758
1092,2024-01-01 19:21:00,-1.9434642723368765,47.21801932179136,7.390836257327022,22.34010470991224,45.0396812283393,8.166815847448245
1671,2024-01-01 19:22:00,1.4599974813939403,45.45060250667927,5.75172009988766,4.517534416650971,35.368355647491484,12.879057077219567
1945,2024-01-01 19:23:00,-1.487580678898971,96.52221992624072,8.703896223179452,10.168561884706545,24.783176083830696,7.711354565086017
1060,2024-01-01 19:24:00,-0.2749951789934171,83.1259186305355,-3.8478950585312637,36.9204453451582,21.122289305177663,8.576619120493547
1633,2024-01-01 19:25:00,-0.6848433189833454,77.92070337292431,2.6373607231185288,38.82889890790138,40.96295187776021,8.76871579712569
1050,2024-01-01 19:26:00,2.892464271813785,34.87705792465054,5.601218553643827,9.041725809935263,8.728932246980758,8.883324927027175
1402,2024-01-01 19:27:00,-0.6534465351106769,92.76204474898637,-1.8876021979273139,24.002666653393945,33.241280879313955,9.956587916141643
1788,2024-01-01 19:28:00,-2.5201051032194712,86.2296303604939,-0.09310652042953915,5.858355061160763,1.148663415013658,7.653605241390658
1004,2024-01-01 19:29:00,-2.461045484567496,33.0913473062339,1.2846437697973991,11.58379001381715,0.44733958184827893,8.972010672259191
1465,2024-01-01 19:30:00,0.5445223281183891,89.6936265568778,6.914884274058837,30.65506135671837,46.59600628859125,10.517466417935479
1603,2024-01-01 19:31:00,0.5961813104295937,41.7798029096377,2.403643015857927,17.553042850288705,25.74803005423445,10.699825097933505
1681,2024-01-01 19:32:00,-0.4874460571040702,26.469579666568485,2.3930504927168395,33.23154819286929,15.824359535625257,9.248847022027046
1828,2024-01-01 19:33:00,-0.4089378461278219,72.5457845211368,1.46331427828218,23.29331105465756,39.7553405948218,10.859613507884147
1533,2024-01-01 19:34:00,-2.6764045029547727,72.30437275074645,-1.5711636605552695,23.301453331576685,49.24291749819154,8.40968278965849
1404,2024-01-01 19:35:00,0.09927906233557326,27.594560765249447,8.84607303419147,-3.4753987333478706,1.8172481918347545,5.380791555134791
1837,2024-01-01 19:36:00,0.028436852282109903,45.50814471492659,-0.23298319014986824,28.73516616588593,1.994238642901788,5.20462488362014
1512,2024-01-01 19:37:00,-2.102704088658333,99.42515698044309,3.511984911548508,39.00399375777237,42.75362441295016,8.586412041582026
1644,2024-01-01 19:38:00,-2.3769636833344343,74.27413336069895,-2.7683039671654024,16.286285211402312,27.880068508249092,8.913360287715093
1232,2024-01-01 19:39:00,-2.2585650564030573,78.40601332826634,1.5136508814857077,2.1361006731627477,44.148812912929884,9.359490272851081
1523,2024-01-01 19:40:00,-2.3938305210524486,37.03338284834445,8.557052742538266,38.96399521212427,34.76268954099273,12.275365088598278
1345,2024-01-01 19:41:00,0.6582491732205589,26.302565680313144,9.931978577658882,8.055664366803985,23.582224012371082,12.709240771713313
1045,2024-01-01 19:42:00,-1.8211040855824883,42.152135179275014,0.42627785100200644,13.413908008172669,8.151161648275883,10.334788220011367
1545,2024-01-01 19:43:00,-1.4914190868752193,39.91187081545536,-2.6901418052849673,-1.518511365431075,19.554071233897336,7.6783004589824015
1944,2024-01-01 19:44:00,-1.9585671350913616,38.76352805984425,-0.2832270990440735,-0.012341043841164634,39.37854011867924,10.024060533803485
1077,2024-01-01 19:45:00,2.7470118266910184,35.420345750963165,-0.09137347419470832,4.745455175173285,11.772485725846602,5.194811009033859
1729,2024-01-01 19:46:00,2.1277047789110126,65.98045525243235,4.667631914234764,19.680972929059045,35.64708805014722,8.474218004455619
1812,2024-01-01 19:47:00,-1.6170309758908747,46.24827806734574,2.442350867418404,20.100514083898364,12.442494498420736,6.270948979324667
1922,2024-01-01 19:48:00,-1.034602236467244,85.62760120380244,6.526895923984457,22.280972027929685,23.230365470335435,6.400194351206557
1072,2024-01-01 19:49:00,-1.740642946170017,34.71579342779072,5.519549267462217,21.271763065341833,4.363057015114028,7.683796044342803
1793,2024-01-01 19:50:00,-0.04874424323505755,57.17016566948356,-1.2303691411213058,17.28566423875365,22.80442309102097,9.880613505357063
1248,2024-01-01 19:51:00,-2.8823368051544787,21.0926269140864,6.763835348286671,31.094439457094907,30.673856961021198,7.052898434108688
1046,2024-01-01 19:52:00,1.0282080533807747,58.534585796415364,7.711928003722239,37.02548638182426,28.20957027634881,11.106266290814743
1120,2024-01-01 19:53:00,0.13894889890584983,24.467057670117953,3.9758528463100262,7.13925999756532,20.38267906837574,9.435834122554901
1213,2024-01-01 19:54:00,2.3918335698066198,98.21788094981149,8.915015638728642,0.8587157037895707,18.547794259291067,5.904087430451772
1238,2024-01-01 19:55:00,-2.0136438940295154,83.24737029203303,6.744221841018254,14.12892822576811,13.842397998046424,7.645476048279455
1055,2024-01-01 19:56:00,1.8246554763667895,59.20891813091643,3.930938603097985,-3.8109931207710828,38.37849287879962,8.05729453395257
1349,2024-01-01 19:57:00,1.7517660868002949,26.926988654348023,8.592489959699952,34.74934931702544,39.1536410748431,11.202877388303396
1106,2024-01-01 19:58:00,-2.2369128646986782,67.39563526323315,4.005377203608084,5.786781711084586,24.20307474169559,7.05694678612681
1830,2024-01-01 19:59:00,-0.6086446551352345,80.70110005615021,2.8178669100601024,19.718348338673273,19.189832068237003,6.591185629588439
1047,2024-01-01 20:00:00,-1.9790841531328986,35.257380240379625,0.34387510616654104,0.17927454534140708,31.907406317905156,7.014448274730731
1572,2024-01-01 20:01:00,-1.4716769972547066,65.45666726299928,8.24294995891668,19.89658026594779,27.930842872549054,8.765663098031315
1336,2024-01-01 20:02:00,-1.4205229510167339,85.13687187062943,-3.159092436907676,-3.245294619416102,33.39604777384198,8.611700436422705
1025,2024-01-01 20:03:00,0.33741836415463666,81.4598222117053,2.1025407132618454,29.596301301507637,15.370175057312577,6.228332863881574
1803,2024-01-01 20:04:00,-0.531534409437207,84.23936142937224,3.0611999781253267,37.993965818976164,39.43864300842609,10.022572899767209
1256,2024-01-01 20:05:00,2.686396824037832,90.34587398957758,3.3212366015466532,8.813922922461794,15.905466261519296,8.292146383352701
1007,2024-01-01 20:06:00,-2.241779148317969,95.01456817275762,4.778347457278647,6.619657470443167,20.994291266545545,9.70222351102169
1624,2024-01-01 20:07:00,2.8421528091011927,52.441692416282876,2.5869343638072344,15.15977372140781,6.707894137432813,10.372817545961041
1866,2024-01-01 20:08:00,-1.6161681587144163,65.50152820183018,-1.147727785401094,22.898814711266912,42.78292918241666,10.041818168827458
1252,2024-01-01 20:09:00,1.6372436182911185,83.25276208364886,7.8541659420924965,3.5033107896313602,32.24925994391223,10.453826517346732
1691,2024-01-01 20:10:00,-0.9661804429630716,75.77118511566266,4.862879917532924,31.14885987682949,11.840824233641625,10.027147698947632
1718,2024-01-01 20:11:00,-2.141511627496117,99.6416182611503,7.872817205654593,3.9340666007684852,42.60073088473534,9.989508373991297
1302,2024-01-01 20:12:00,2.1473351114774397,21.09421208837153,-0.8593476352943492,-4.75366010073314,35.269171098302394,9.41256593080135
1638,2024-01-01 20:13:00,-1.1468346045812208,48.41065722526325,4.555853423542326,18.591276261350853,22.164794749562244,5.361249136445792
1055,2024-01-01 20:14:00,0.9531324253610531,42.4822341016162,5.7126061761459255,0.18173700246603008,49.49315728143022,12.653437662353959
1725,2024-01-01 20:15:00,0.3986621105197594,40.98526801324277,0.7510774055175764,26.420742642417885,16.92676652804566,9.693771332809295
1525,2024-01-01 20:16:00,-0.1694621436547541,37.802382599910864,7.183661773103518,2.5361498140827337,5.06752338015368,6.380680982471641
1473,2024-01-01 20:17:00,-0.02508316410876521,76.72990726521832,-4.962368377365549,31.782117798401593,36.69960651427487,8.954668932969986
1027,2024-01-01 20:18:00,1.3934274845537251,26.780757862025748,3.9237962532133235,16.16656597941991,37.87674708488328,10.032117778329113
1982,2024-01-01 20:19:00,-2.473362515259357,79.32870671546706,4.203527055281956,20.482505707749812,3.0423587911737924,4.599776488968724
1077,2024-01-01 20:20:00,1.0090839717474314,75.47406736130188,3.007646395579531,3.3963324386220286,40.98901418799399,13.107109191138544
1215,2024-01-01 20:21:00,2.374872608391472,40.06433060007171,4.4507273037917425,1.6009634888708293,38.819481542287306,7.492292684630011
1385,2024-01-01 20:22:00,-2.653270817880815,40.2267026532129,-2.491597144650947,23.40816099340954,46.48685895409668,8.685222823844319
1364,2024-01-01 20:23:00,-2.1560799645979998,70.30884682756017,5.271722227035637,6.495727690375833,6.015601215389131,8.094745968657513
1665,2024-01-01 20:24:00,1.2997916202121882,80.97368843869423,0.036834442549978696,12.3666505742991,30.080396958216944,9.959544729867275
1525,2024-01-01 20:25:00,-0.3763101105322946,90.11884904698924,1.7808061386387672,16.575211927164368,11.04918482700612,4.232588772733192
1698,2024-01-01 20:26:00,-0.5787082751178696,88.17116510835805,-0.003359540055970278,5.333512251142286,20.032153457246572,8.68274987827605
1311,2024-01-01 20:27:00,-2.178200192734585,97.19063953310825,2.1090430524922805,30.794071475186662,13.328032372211322,7.189541363072015
1882,2024-01-01 20:28:00,0.04062024430672828,66.51079162692089,4.3235383976762165,37.27409840090075,22.51995533000206,4.649586286922574
1006,2024-01-01 20:29:00,-2.2407281328217366,92.69244490722878,7.575152063433265,14.435192292710248,5.732528788205115,5.491309718451603
1002,2024-01-01 20:30:00,-0.14027726213675784,84.68106186083287,2.251525864603315,36.28967730199437,15.245423842178461,6.922491710710851
1622,2024-01-01 20:31:00,1.5816917937699397,91.57340994512109,-0.15164258594595115,34.72072678040613,3.6388445611251603,5.749253316154814
1918,2024-01-01 20:32:00,-1.450413852677019,20.93012810282933,2.319128183880765,2.4721252924056607,24.64241620375295,11.485497248538772
1749,2024-01-01 20:33:00,-0.11528299092163596,97.27223934926488,5.332054961057732,2.8021875620310945,14.904492161443653,8.27549031120594
1362,2024-01-01 20:34:00,2.9520958163810143,57.882413027718265,0.20051075088693437,16.483227766167264,29.55639673555663,12.268679999879152
1750,2024-01-01 20:35:00,1.1199025401242233,83.85463916598744,1.2142311208510925,18.663573065437912,22.876664452866397,6.5992516748154895
1507,2024-01-01 20:36:00,2.0481406278311916,30.17632954702247,3.442597255131046,10.350837654357619,12.268269169427223,11.53534734119827
1273,2024-01-01 20:37:00,-0.5109143606367255,51.67528766511793,-0.5898610425897495,9.081444092737774,5.236716907936931,7.690802956579649
1505,2024-01-01 20:38:00,1.6071655387551314,41.71685304167927,-1.8637301068333736,14.411528041069552,37.69050275151116,8.423733323974009
1805,2024-01-01 20:39:00,-2.756944962352069,43.33270164007496,-2.8941157420510706,26.07156766296404,31.693314448880116,5.858209036179274
1738,2024-01-01 20:40:00,-2.2625329047465303,29.860449596070538,0.2891497468911144,-1.2022865144653516,1.7432068163460526,3.909517138328173
1882,2024-01-01 20:41:00,-1.7815764424796272,84.46110660344056,-4.274856403429144,26.976190158055317,49.46934144253366,10.06896989792545
1014,2024-01-01 20:42:00,-0.5882884523086824,20.73938516648625,3.7522379006425233,36.68081177344607,32.16026470242126,9.797445313707989
1191,2024-01-01 20:43:00,2.0744692699545793,45.0004365588162,-2.3613595100371327,29.35780189784633,10.438321258149504,5.695526763934025
1984,2024-01-01 20:44:00,-0.9224036952724171,33.9528434573132,0.6609218849506417,3.625458535577158,42.040793966391384,10.100377885398455
1630,2024-01-01 20:45:00,0.9277271610927773,67.12311524866723,-0.9616577690244119,-1.0633465050286124,44.11682601815164,7.030465687659985
1484,2024-01-01 20:46:00,1.2558857688209004,40.340192209163504,4.455849495126241,17.067118404529253,28.726901299887015,11.391992464911594
1027,2024-01-01 20:47:00,0.5170941245300487,40.71987636224797,7.755184922002995,38.03827401305442,44.29005267402208,8.706208420218035
1713,2024-01-01 20:48:00,-0.8565481909791828,59.067051519625494,4.499515644825175,31.857667932496938,1.5556709948216325,8.593772709941987
1038,2024-01-01 20:49:00,0.46232005028126544,72.21512314727406,3.137573930100908,20.32301375558468,47.263818887251944,11.657536099245636
1952,2024-01-01 20:50:00,-0.9464064432615227,29.70437636521309,5.036256089830632,1.434164053791676,2.954460342938083,7.381424349959702
1272,2024-01-01 20:51:00,-2.4967575686879275,34.040916197239696,-4.550140433597003,27.1226551950218,32.15526419162585,8.501456540050832
1230,2024-01-01 20:52:00,2.9568238691160866,39.77397956756141,-3.1573300855682036,31.58492073734041,17.360142383296022,7.614108672803323
1085,2024-01-01 20:53:00,-2.236905278204935,97.89985712943684,-3.5760914604343363,37.07811113916294,2.061686337163648,7.809906302325479
1473,2024-01-01 20:54:00,-2.565909696983656,51.772199995433624,-3.5270425137682397,22.545230537196186,46.471486516065475,8.248060732928426
1125,2024-01-01 20:55:00,2.2711844952429354,67.91920725048212,-1.09274427205178,18.150961659043382,6.854347196844831,4.332929602453768
1811,2024-01-01 20:56:00,-1.1889920346426293,39.32342501727823,2.980783905748078,22.863191960545567,42.70183495245655,7.64599200700095
1536,2024-01-01 20:57:00,0.9017818444410457,59.23676201259903,-3.2797763201487933,37.446362709634506,16.58421594989688,7.940829094417979
1144,2024-01-01 20:58:00,-1.025965622026603,25.929533950876646,9.02674361784084,23.265718877797788,37.0840837365891,8.800157389751497
1524,2024-01-01 20:59:00,-0.6512743752331733,22.779371673786155,7.813852039816231,6.591633222716842,12.785617411426113,10.207295852248379
1211,2024-01-01 21:00:00,-1.427322167899221,57.49868214571681,9.57466530749473,23.62681335740558,29.21335349261005,7.967218565706869
1024,2024-01-01 21:01:00,-0.9417359652419388,51.892743001472965,-4.362499323672641,34.588505776069965,39.997734976532456,9.212683205631624
1579,2024-01-01 21:02:00,-0.5357975964807413,30.950425575346216,7.7710367063397445,20.51509128682076,28.352373533473582,11.086361517379604
1393,2024-01-01 21:03:00,1.3224964145540579,75.0081143136587,7.056011131622341,17.621447260436835,15.39697292578397,10.217808859912623
1066,2024-01-01 21:04:00,0.06921716540875078,99.43227927194116,8.531587969036906,28.001616227613162,11.748443122170519,4.882329393113864
1232,2024-01-01 21:05:00,2.661391302941862,51.651745695737,2.9191625148971303,24.74449128151655,8.822799279409557,6.741795694442473
1108,2024-01-01 21:06:00,-2.748717636967347,69.96469087339156,6.818336061635101,-2.449058047083999,41.95674484995802,9.620654959701938
1145,2024-01-01 21:07:00,0.018409935792169208,97.03807538915885,-4.230696809860214,27.639001340384382,30.58603699420189,8.58419061401526
1110,2024-01-01 21:08:00,0.505348732990309,86.52279779575002,-3.8618331577401674,13.339724353873805,25.483028445396823,4.852630956548675
1227,2024-01-01 21:09:00,2.5211819164456433,57.08417786421486,-3.2220163857561763,37.34042260138317,12.554076123053925,10.058781705921453
1110,2024-01-01 21:10:00,-2.7050488582714345,78.99915875679355,8.72183294947312,38.68613447883436,21.744287102179477,10.131508693831151
1469,2024-01-01 21:11:00,0.44099750961129613,30.250803220041924,-4.0824597591732665,15.193246815604759,31.041134136897345,10.1206944874029
1033,2024-01-01 21:12:00,2.1217795711677425,60.968308437103936,-3.4977570995133362,38.59576809960652,3.68689451025114,2.526825235975099
1622,2024-01-01 21:13:00,-1.5484336312845806,42.324822174394924,8.956156039442906,8.986923173019832,18.099675335339164,9.845862928453426
1775,2024-01-01 21:14:00,2.2577540911436245,32.89309503169289,-3.3891112725158274,25.718998965339,12.051232222215965,7.9820101122774885
1935,2024-01-01 21:15:00,-2.885739544354249,54.102472500362786,8.046344480880608,-1.6225380000762062,32.36109382248266,7.375122486658474
1368,2024-01-01 21:16:00,1.3947277748023783,30.481164354689156,6.839061820934296,1.5245206831951243,30.35282349730347,9.779356635787643
1747,2024-01-01 21:17:00,2.5986793270119186,75.91880865395885,-4.395770172017686,33.903665607001834,15.040833182794028,10.730587081265496
1594,2024-01-01 21:18:00,0.9431859698403731,56.49920352426684,-4.67228904665555,35.22028176836336,2.1773730331325702,6.839713967561854
1553,2024-01-01 21:19:00,-0.36582453611731225,62.49157060517311,3.015825752703897,18.96750363863851,9.22235626525844,8.626723025567717
1424,2024-01-01 21:20:00,-2.730713901163692,31.71007509345256,9.957631056501508,10.289804212611187,8.08709757218599,6.885967873508491
1612,2024-01-01 21:21:00,2.520682879935773,31.18173288747956,8.182452401484797,15.296076929377772,28.462877314622613,9.170625673232092
1517,2024-01-01 21:22:00,-0.1782226638505513,66.67323482080992,-0.349618499430731,34.13310201150952,8.547643672083058,4.4793679023467226
1691,2024-01-01 21:23:00,-2.826019533984312,98.80077982635571,0.7946385117310513,4.494704017941306,24.16848427821762,8.611302966436101
1281,2024-01-01 21:24:00,1.1389264279725717,27.70004665901805,0.8185899435715163,8.269160408571837,30.764988982426765,13.63625591503621
1319,2024-01-01 21:25:00,-0.10897647854245118,42.8585142852625,6.012682238575222,30.34493204137455,43.9903225916857,9.587891737820366
1737,2024-01-01 21:26:00,-2.2539280953455356,89.556729323031,0.11699128993575236,37.08712506623871,12.326875392372166,5.204671799906089
1442,2024-01-01 21:27:00,-1.7143691441384425,25.781760980418955,-2.783044079371089,-0.8182696993023066,9.377055518838233,6.363059879960337
1951,2024-01-01 21:28:00,-2.6130559172649224,90.0708577093561,6.206611128753256,31.16975356085331,8.745366273339704,6.676354489783342
1314,2024-01-01 21:29:00,0.4457612382514413,61.9428786699801,1.8702342736765694,24.028073811932096,18.085422544652907,6.4979942700761715
1876,2024-01-01 21:30:00,0.7321768755120557,52.66134191411407,-3.8483191447029954,5.3847195008822,32.494142843995185,10.421541820203242
1965,2024-01-01 21:31:00,0.03445379013266603,44.77444514811647,6.850784027380911,29.01177384991456,33.62593479391458,10.833820997368056
1740,2024-01-01 21:32:00,1.9026127980156895,43.76937265022735,3.7796689592534385,27.756222924969755,10.626998842765548,8.95754951257288
1376,2024-01-01 21:33:00,2.1660529278480816,44.4642065959583,2.3405398790317644,1.3913415197235137,6.648549247855816,7.38823097297058
1288,2024-01-01 21:34:00,0.6937463800987596,90.78424647681567,5.100147507209197,17.60129758351249,22.489028893055632,5.580554801360057
1436,2024-01-01 21:35:00,-2.923461121755417,77.90361841398284,2.580515242305494,29.123098728279963,7.145444969618994,5.4298058782016625
1661,2024-01-01 21:36:00,1.1713779344864141,73.57784062649205,4.726302219827488,3.619485706351563,40.664745172992106,8.28559084475082
1276,2024-01-01 21:37:00,-0.4920046984778903,83.89993191616006,8.012328180479823,15.824471007602657,4.285684229514011,6.5541230676438555
1709,2024-01-01 21:38:00,0.39334489935832195,40.5691730403316,4.20271552166688,0.4333506112890131,37.629456776770006,10.600891602053268
1581,2024-01-01 21:39:00,0.8944836121133064,69.44342496654045,4.894007467814124,8.807571581840213,2.228130984338087,7.504562835322577
1502,2024-01-01 21:40:00,-0.8985803140375395,56.80529911663608,4.207841041310122,4.807520540569039,40.36850738815023,8.53358408164392
1623,2024-01-01 21:41:00,2.5025910310307653,82.59533081601546,2.9676966644994494,17.728200702618516,31.394868611932665,8.463739514398117
1515,2024-01-01 21:42:00,-2.1961507995013125,44.74048883786284,-2.4204138353679268,1.35469006693386,16.18641798232848,6.8447430533670355
1349,2024-01-01 21:43:00,1.0290708436862248,71.45428934959166,0.03516465338298147,12.24178399266308,20.335372888754243,5.927445488899379
1842,2024-01-01 21:44:00,-2.9738425202605177,90.57699294538507,5.3966345103718325,7.382330724354674,33.713500303809866,11.250422679923624
1445,2024-01-01 21:45:00,2.5479066324310846,52.172038095594296,1.3821416005266576,28.572201139313954,9.362844385665557,5.149361393383246
1829,2024-01-01 21:46:00,-2.3249752005714512,25.329766989396916,1.0919351786653486,26.48513979109047,44.527001387562905,10.37739285758672
1349,2024-01-01 21:47:00,-2.4306946191145524,61.28406578734342,6.38903926195837,-0.7281261650469757,24.196067996175543,5.283750486071134
1606,2024-01-01 21:48:00,-1.0019542016865346,47.67779902456208,-4.916467090645082,37.906774954506325,38.030960770293824,11.771230619865003
1663,2024-01-01 21:49:00,-0.7586022837655166,73.778030443774,5.184917203680078,28.510731313603998,25.38413168614434,9.234927052917008
1822,2024-01-01 21:50:00,-1.7141995660627283,96.08263397988848,2.33839765735023,22.718141308649578,22.668733500401906,6.567095118986305
1136,2024-01-01 21:51:00,0.5107299655627484,58.84866543974776,0.6514387186952817,16.496567265310812,23.53381656164461,8.880072403053504
1758,2024-01-01 21:52:00,-0.3425154117482183,57.29521841244271,0.10804917360384447,3.006508934444753,18.219923067594863,9.079900974599623
1898,2024-01-01 21:53:00,-2.7949464657534753,72.36678401531682,-2.406867570272457,38.29071896440572,36.66443436396091,11.736571812779244
1242,2024-01-01 21:54:00,-1.0820876264681962,28.279800287485415,0.013781241229046337,-4.646373048391632,42.323006942704126,8.798434393337583
1542,2024-01-01 21:55:00,1.862597481439023,40.28049511400117,0.8712770816555926,26.16165104034449,42.73439354888198,12.585735324658234
1039,2024-01-01 21:56:00,1.1382092091712117,93.51834604003189,1.5617337913725233,17.834994604223432,6.145171125310449,9.367671768693318
1228,2024-01-01 21:57:00,1.3492251214792823,73.5954090691013,5.084509580162914,35.61618505110583,38.09225847699637,12.911471349282055
1547,2024-01-01 21:58:00,1.188701544501141,21.0755235186733,1.8035652913450742,12.131377570964919,10.077735523293358,9.173920160163343
1919,2024-01-01 21:59:00,-1.1341618717018003,36.37003780472159,6.944264563350259,18.338998853557786,0.7076994167261783,7.785086099036407
1222,2024-01-01 22:00:00,-2.4020164675393447,74.62698128231193,4.596069960675617,28.405272636102374,13.845405860434408,7.013305080671224
1005,2024-01-01 22:01:00,-1.365196895801424,81.15193620500594,-2.1560438075886603,-2.8595055504864964,14.714143051774697,9.01366089656103
1321,2024-01-01 22:02:00,1.9907118011109555,87.18876581392335,-0.8424024084422985,-2.5486141538740306,40.50847379876306,8.559551635852062
1467,2024-01-01 22:03:00,2.8828247866984267,43.37414427056359,-3.811262203379218,4.525273697706794,37.14557613061421,11.632526137089496
1731,2024-01-01 22:04:00,-0.036917911550632176,94.48228770220501,9.185826323849833,1.589106258815292,4.325760057377882,5.420902532552614
1074,2024-01-01 22:05:00,-2.9417978704617465,64.2357514862314,8.298257218439,-4.710043924974821,16.365469258607202,9.572869275248596
1003,2024-01-01 22:06:00,-2.159731127194626,75.72312179103143,-3.728056618235943,23.03454199477948,12.639862349340257,8.53599251912588
1846,2024-01-01 22:07:00,-1.0675165481024054,67.73910902239264,3.6111402377119006,30.817208535520336,29.81321387052307,6.273477739348631
1645,2024-01-01 22:08:00,0.47151209155769847,29.819204373969637,9.406027282912278,38.0701739351016,27.121447465244692,11.695655055471272
1117,2024-01-01 22:09:00,-2.549438125168116,97.04917275079039,6.207141849192336,14.840514295236321,33.97774899830264,8.515942676632742
1880,2024-01-01 22:10:00,2.66014379225929,29.830046391532214,2.37718290956009,7.587429620870575,45.545418616051016,13.039116735739512
1605,2024-01-01 22:11:00,-0.8094979602935957,40.39055651289469,-1.3834551664004775,33.87561019503239,21.11157052344653,7.517972112910098
1503,2024-01-01 22:12:00,2.4755053075489384,85.09023041783841,-0.8144438737805659,32.99780257777265,32.830608143883914,8.016181467775185
1997,2024-01-01 22:13:00,1.6831308165421301,69.48775692008812,6.043569320070411,23.11794449201665,45.92578933777613,11.555399196789892
1946,2024-01-01 22:14:00,1.5326236350934863,87.05193323010856,6.708629098657701,7.291706738887058,27.129861163084584,5.782662992913217
1573,2024-01-01 22:15:00,0.6403174786933921,61.25889506992359,2.9303998652714887,35.88329177076705,15.483220904507256,8.194923207874483
1440,2024-01-01 22:16:00,0.7607029023110679,50.15945882933079,-3.185769477249428,3.0280601511300578,20.20471770500693,6.689587119118848
1193,2024-01-01 22:17:00,0.8280194112974888,93.74763996382279,9.008025604398918,-3.0359073360341475,37.755221467230406,10.23390876504127
1846,2024-01-01 22:18:00,0.7723283221534927,22.900185401183588,7.671441018501023,30.847822812731394,36.028556789489464,8.23799237104801
1714,2024-01-01 22:19:00,0.32236938839016727,88.49041762824368,-2.8919183145886573,20.364657719550635,37.44592854415891,9.22993185568775
1391,2024-01-01 22:20:00,2.9184841108973334,38.46542281502253,-4.149086245567217,6.091051770333632,37.19051482483939,8.032435595928831
1025,2024-01-01 22:21:00,1.3937434045541766,87.89890622031743,3.038015241246004,25.19030480440957,46.03089904462908,7.842392865143523
1434,2024-01-01 22:22:00,1.6616783303551266,31.13572907335085,-0.7378607340571106,29.502243571574432,38.223856777389805,9.87319415887762
1172,2024-01-01 22:23:00,2.2347768905020455,66.41751709524324,-0.7512543587814804,33.00456781040321,42.78631059754047,6.441106064368968
1299,2024-01-01 22:24:00,-1.706161423644905,91.04863352091776,-3.691676108743824,7.695670718588403,28.728211365739554,11.384709920257885
1644,2024-01-01 22:25:00,-2.4971750454296355,57.88317175191124,9.300787529070812,-3.8485646936622775,32.244152198414625,12.691106502306411
1325,2024-01-01 22:26:00,-0.10263338040840786,79.72533390427144,7.452496894897669,17.951746901208374,48.38920175356072,9.048057647698311
1409,2024-01-01 22:27:00,0.08448417371563899,84.37372942844468,-3.2924811218612478,33.5235369158677,43.52801371163926,9.657024428902236
1117,2024-01-01 22:28:00,1.9750906796995062,78.91953669734234,8.148981514762454,4.351960176787218,38.8902760077677,8.916299385363248
1835,2024-01-01 22:29:00,-0.33729852430598584,94.02637894996786,5.244340839447055,13.95064629033423,34.30718065298495,8.593923942246501
1786,2024-01-01 22:30:00,0.4251181532658763,55.74673844159429,-0.11838302257087019,6.538933078819992,17.990060065030068,10.342567488926948
1723,2024-01-01 22:31:00,0.16242563108075014,33.85003513321246,8.068758316226976,-4.398680685924064,27.451465631397614,12.799489047183839
1224,2024-01-01 22:32:00,-2.7707832974556537,23.824885096198383,3.9703328167293748,35.43358433995061,2.850896604799528,7.872945650507853
1531,2024-01-01 22:33:00,0.6912893795814838,39.716789571000405,7.730047665015791,1.0773952019046202,20.866720805248804,9.517215335443534
1112,2024-01-01 22:34:00,1.9682597146455132,31.45580031041937,2.039018867308786,29.504520208907806,5.683631244975548,6.546111829462769
1139,2024-01-01 22:35:00,-2.054996711545177,64.63589931475843,2.5097656024274126,10.597145430624725,36.45911284198589,12.285939421319577
1558,2024-01-01 22:36:00,0.5659904035595744,34.795626976938564,-0.6348495588356586,7.495685900799934,44.62665009228234,5.896497685388721
1000,2024-01-01 22:37:00,0.5616632666784862,23.114696583149694,0.8153903791706236,37.346299892741584,8.78674148489148,8.451078910150326
1089,2024-01-01 22:38:00,-2.014890215661848,22.879186309493427,3.5162810369233206,24.57397690332891,12.359600851612365,9.814306194993526
1653,2024-01-01 22:39:00,-2.2592185576155837,86.52555986918892,9.20588835562926,25.91151978646641,42.863349033410074,11.252502561718618
1319,2024-01-01 22:40:00,2.8803116578589085,67.31599451544199,4.001766399522021,29.184381330423008,29.33302555239011,6.954031370847879
1549,2024-01-01 22:41:00,-0.6376849820817747,48.646824151470256,-2.7893271232940964,10.342000121019888,29.456613252974943,9.844394305634067
1804,2024-01-01 22:42:00,-1.6354696276588243,91.53824341921975,-4.895057217852699,20.36490163130979,28.187530595828253,6.051384017179975
1893,2024-01-01 22:43:00,-1.9720527332737503,25.615728912617087,7.764817832630198,7.160050482109854,10.991211960188553,8.05855226216716
1138,2024-01-01 22:44:00,1.0056102814994103,98.42576581822607,0.46488135049229573,32.55436819645911,12.240820458500812,5.402127586361734
1510,2024-01-01 22:45:00,0.6566717839636729,69.30334322035688,-0.27551090540250645,21.9688320684397,47.487191462390555,8.922506596975975
1867,2024-01-01 22:46:00,0.8613127379245049,34.67714031750788,7.010966844135728,5.953307171850293,36.201160590129426,10.967879329560464
1844,2024-01-01 22:47:00,-2.4719638349312865,74.32552791815749,9.180464486347532,35.48912828448002,4.612680904561212,6.482872604044193
1258,2024-01-01 22:48:00,2.3612075009906217,81.070500782685,6.220676325279346,21.13780002177333,11.224619755764751,4.008318920733973
1672,2024-01-01 22:49:00,-0.6644016191457105,54.34742266966196,-2.3922903063285155,17.27637264658359,31.39306450692574,6.073409592440918
1901,2024-01-01 22:50:00,-1.1197835614178524,88.9306084996438,0.8706744038656336,-3.4480586105614783,14.24492280750508,6.2909948388335115
1689,2024-01-01 22:51:00,-0.22583131651356503,32.058592583717626,6.3909782865211096,35.94109023222756,12.661509434729982,10.378646366287482
1009,2024-01-01 22:52:00,-0.6596036055142305,42.307006686208666,8.6038872200586,37.852326221412014,10.197164850856685,11.263044916599744
1260,2024-01-01 22:53:00,2.181462018834875,27.47938892671918,9.979000959244903,20.316938252701174,9.367770490478913,5.637620358439522
1918,2024-01-01 22:54:00,2.5755658511873527,36.87022724858817,2.6734136070727867,14.913100912655082,30.705196030334847,9.120354378308317
1649,2024-01-01 22:55:00,-1.1792807013023627,39.0983049528916,7.3378722751292464,11.180427970211063,45.30185631169719,6.781040062067481
1171,2024-01-01 22:56:00,2.1836148447597292,93.41065527373681,-4.300525358339239,7.062159214121605,18.120479612881,4.948053515604246
1897,2024-01-01 22:57:00,1.6891387771984032,26.248775100092494,-0.7126287536754807,20.85382020118928,6.163279208670973,9.229066247215787
1012,2024-01-01 22:58:00,2.584846034068571,54.193209615016755,0.5727010502123395,0.7642773856554417,6.3025372000029,10.07472370454241
1167,2024-01-01 22:59:00,-1.525498126884673,62.591894978153036,9.632857679228412,36.36281237103131,46.6911162744424,8.99881197547201
1641,2024-01-01 23:00:00,0.46175490072587433,91.89544430417287,-4.949095276777092,2.9181432126019367,26.48390035808166,6.257863432820594
1595,2024-01-01 23:01:00,-1.3527324915573322,99.81569749289707,-0.3796889335611038,28.54809680545828,23.36764698281991,6.261772806888838
1320,2024-01-01 23:02:00,1.9445669429062455,80.27104919358686,8.956183894193558,8.809949756589317,44.54798807311034,12.876260548484655
1318,2024-01-01 23:03:00,-2.9680548565736142,97.66327924552236,-0.39982647433983143,5.1731984955405235,25.40493557369793,11.706389209790846
1612,2024-01-01 23:04:00,0.38891497731837665,82.96809060286989,-1.6239985127813474,20.104113070965088,24.081884753145463,6.381310863173364
1328,2024-01-01 23:05:00,-0.9647794123684923,97.05621127771333,5.951327671539753,29.430624152177728,46.33996142675817,8.495651922954885
1784,2024-01-01 23:06:00,-1.0638977575330786,76.58165807555642,6.180083394997981,27.70315010231416,23.77551023540282,9.445823378915138
1776,2024-01-01 23:07:00,0.8694379431895021,26.381074036085685,2.0826682397126275,5.519035790374337,19.608957681122778,10.852291070853392
1970,2024-01-01 23:08:00,2.108906695883963,52.15361495941412,9.20376204798135,9.872605762132043,29.12494038513802,7.382374115984413
1910,2024-01-01 23:09:00,0.6551723483599572,71.72778270419764,-1.959393806872372,34.09744823501693,48.86385342353711,8.049353564127875
1919,2024-01-01 23:10:00,2.1190378718803347,48.05748075634008,8.701237509693962,27.545968503238363,48.19506922575714,7.822995144791869
1549,2024-01-01 23:11:00,-1.4124173287138202,41.87071344910229,6.332621147879436,27.071225740865295,38.80251006070298,9.982413419504658
1418,2024-01-01 23:12:00,0.11701112858988694,66.19194137064727,0.5231251128107113,7.100728434935094,25.014114878442815,8.096755282441288
1605,2024-01-01 23:13:00,-0.2967807655975436,94.6801501361948,7.1036292958506095,30.6401938453496,44.084939247651185,6.449309670909445
1094,2024-01-01 23:14:00,-2.9301306029814227,22.798549881292285,-3.0019673537936917,11.1288007944597,21.02721062112032,9.162857852617453
1816,2024-01-01 23:15:00,0.34087285884444096,81.53849628331501,-3.0352626021015903,13.062573407168944,32.043137932542514,5.485474156955648
1580,2024-01-01 23:16:00,0.9691459448770496,77.81818224357016,8.94905804871109,7.940249005032673,9.053399497425028,8.79628823669384
1317,2024-01-01 23:17:00,0.5514864265144204,97.11627403106297,-3.5782923823188244,0.4625611167658876,33.098253573419015,6.00830536509647
1955,2024-01-01 23:18:00,1.4176793927005287,94.45689778660349,-4.93880589725893,13.917710334810916,13.877685209814697,3.7777753858632392
1235,2024-01-01 23:19:00,0.4280371707184627,80.97860496353543,0.8354573737735302,-4.2377224134934135,38.61047378457925,9.775726086206154
1945,2024-01-01 23:20:00,-2.5994984708954583,61.632701174607895,-3.4422353835180837,15.515960774226688,20.76060404956395,6.773985066818514
1333,2024-01-01 23:21:00,-2.301326855491731,36.34140425868159,7.945547398663765,27.62528971464188,19.9806482488787,13.538768603557807
1884,2024-01-01 23:22:00,0.5788474652637143,63.61885746604595,8.840402701643994,38.23352647440138,37.3542246076343,9.476273956925553
1375,2024-01-01 23:23:00,-1.350124848158159,81.22815951357231,2.236395465346191,-1.4624084945284963,21.323400094577014,6.123391418664511
1458,2024-01-01 23:24:00,-2.5221292257914047,91.65353701103145,1.382072995150554,7.658081687897278,35.729665726757396,10.823718388379156
1136,2024-01-01 23:25:00,-0.4223835393087194,83.17696073684392,3.0855891541613794,17.23589732252651,42.76777147127445,9.05945368421318
1929,2024-01-01 23:26:00,0.32593558850193194,35.62135481528432,-1.6070806273252067,2.6674576915862342,6.930243870488757,10.677417830435257
1587,2024-01-01 23:27:00,-1.0275240699023607,67.97490513824475,-0.5305120786949598,0.25728349343371004,24.003247500266802,6.813620658905813
1994,2024-01-01 23:28:00,1.322602213354668,46.57387676250856,-3.4853424427399284,15.354314745274774,47.25108533887077,10.495781035533845
1546,2024-01-01 23:29:00,0.8626236486074679,20.736453391251437,1.6967513666704503,21.132873800149305,40.62785442666596,7.900837527857701
1512,2024-01-01 23:30:00,-1.0030898334499683,36.01767486309328,4.1753743380048896,31.9093476945863,48.683252072816394,10.249832383095992
1295,2024-01-01 23:31:00,1.5292351734513634,29.057651994675943,8.95335601587403,39.901153980738044,43.02939199192856,12.386071678667948
1319,2024-01-01 23:32:00,0.8921702551982129,87.41752988315748,6.086097559401374,29.84218509942331,15.579968914162249,9.236255850923255
1917,2024-01-01 23:33:00,0.8246722723074127,40.68050017182496,5.8459560032978,4.9603203384844115,9.039715241920597,7.600612956744321
1571,2024-01-01 23:34:00,0.32056620472240827,42.77583751100444,-0.3800155685884672,28.65901309425614,10.606036041798935,5.632970208949721
1831,2024-01-01 23:35:00,-2.9316619914686832,96.79492574391074,8.324399462650668,19.171913094358704,10.922947642315464,8.116844107660462
1348,2024-01-01 23:36:00,1.1790431008613345,50.32693784390817,9.204335450199965,15.28643090665475,3.879246103238869,10.682264777877123
1839,2024-01-01 23:37:00,-0.7437492533450611,20.766851211551565,8.983944048130557,37.10778222582714,45.349075139540744,9.538578527395602
1778,2024-01-01 23:38:00,2.6556582609519337,42.707691867690926,-4.417954602134224,26.594166411384766,25.17717460547918,9.333932596205218
1872,2024-01-01 23:39:00,1.9079086264632323,29.543966448144996,4.065259544560323,25.676188309478107,5.153432768385056,5.80049383078331
1228,2024-01-01 23:40:00,0.5261668171878733,28.224684938868315,4.648376585879426,-4.470981587257991,38.155816179488944,11.769429363616698
1269,2024-01-01 23:41:00,-1.4869081090843834,26.19898321085996,-0.5740225967524468,33.92821711209024,16.34947253185587,6.076724142342902
1827,2024-01-01 23:42:00,-1.7776956403340005,67.46075761403019,9.886182747368947,30.698521483464,3.6447716404827273,4.847252151983041
1797,2024-01-01 23:43:00,-0.9576909739347053,35.147817890388694,-0.6321881177216166,8.452384506869915,9.568852226986138,10.000233203482997
1290,2024-01-01 23:44:00,-0.14059233851988884,48.89942352328084,-1.7508251272841635,8.145103562797392,32.911736275658505,6.765279936927127
1724,2024-01-01 23:45:00,-1.2236069397663174,88.96141729040134,2.262184756647877,-2.593469297664498,39.720914150327275,9.76289050721167
1164,2024-01-01 23:46:00,0.0895769723548967,53.94705118370205,-0.1527893034448482,-2.711460932209528,12.758467856260948,7.460559879499004
1004,2024-01-01 23:47:00,-2.0077774469208842,93.25530800413101,8.860441898049164,25.08675310577566,28.895207714167555,7.465558346920492
1850,2024-01-01 23:48:00,2.866276876953,59.8350442716485,1.6011509697215915,3.3806925808500736,0.1435406348482572,5.538807662575739
1378,2024-01-01 23:49:00,-2.352452670210037,51.90692918718046,1.1522433200887514,36.559653242734775,13.99153478328398,8.705704278379802
1077,2024-01-01 23:50:00,2.591664837926232,80.03111416725613,4.387931951627502,32.90819926112286,9.163527709892273,5.4026131645833635
1409,2024-01-01 23:51:00,2.481468068416169,25.85400790144017,-3.7832799312331495,10.699832201448269,3.919656610003807,7.876014695908968
1573,2024-01-01 23:52:00,0.15216289091698787,27.158270638593393,6.350994202247827,12.103084831559595,24.246375390678125,9.890302149756533
1131,2024-01-01 23:53:00,1.3494616310165064,72.15789711383685,6.525982327073072,9.727445238465128,31.5876741901269,8.535126554389851
1600,2024-01-01 23:54:00,-0.3837102121644733,58.95525705913986,2.1103875209150154,-0.8422289063708313,2.4141800474720063,4.102039911276535
1748,2024-01-01 23:55:00,0.7802074652546294,83.23322002553681,9.335469115006424,-3.585642905740192,6.980769841848983,5.31437942796019
1041,2024-01-01 23:56:00,-0.9565443754732881,93.30166698748252,3.690086661936217,15.345992125295378,46.621329820195626,7.94892969931353
1088,2024-01-01 23:57:00,-1.193045881287328,51.0693502137238,5.428546813674862,37.436805152117245,11.233330874088493,7.116286606046203
1401,2024-01-01 23:58:00,0.469378717017082,67.71280212677169,8.865174332546518,36.27621943686108,38.02338855304498,9.581053978560274
1295,2024-01-01 23:59:00,-0.011221954896117659,60.05573022362479,4.995180151371885,31.4427433504614,37.411976250123,9.793445027116432
1839,2024-01-02 00:00:00,0.4772182148998865,98.52885245139463,1.4773901158832068,23.28677173493521,16.146966868569706,4.298639407244246
1294,2024-01-02 00:01:00,-1.280036512277862,86.48675258852761,-4.628432365502775,33.5300083011152,10.28543327240667,4.535055318281266
1615,2024-01-02 00:02:00,-0.7982530090980284,92.93901666218828,5.924489734477142,18.178083297920388,12.27313262542475,6.771823774138135
1525,2024-01-02 00:03:00,-2.496612236226544,40.347207006208336,9.472990174015678,3.1072059859284273,28.338358452480122,10.352003354505262
1799,2024-01-02 00:04:00,-2.6863417663667657,81.80211385300754,2.053526853039908,25.787665650515432,19.11983511895548,6.572931646010537
1690,2024-01-02 00:05:00,-1.4792572219619025,41.237857999811915,0.0965295668239623,36.42907158303229,24.828711375944994,10.391653783065173
1636,2024-01-02 00:06:00,-2.5545188440167257,36.69940267427119,2.788891396206676,-4.117770616741395,40.59946290986819,7.681732223868522
1421,2024-01-02 00:07:00,-2.377351748191556,95.54129277244407,5.926558085269887,6.3149823493568835,25.164589601337198,9.11001746502371
1864,2024-01-02 00:08:00,1.8775704323636226,21.54435333742933,-4.98964288276926,6.944718607207214,49.76192339434993,13.736452367949468
1022,2024-01-02 00:09:00,-2.7667578178998644,97.23109629307437,8.308175840977803,-0.543220762268259,33.32510681049371,7.315194655911002
1574,2024-01-02 00:10:00,0.9536567636084565,31.940951759104497,8.295442895174828,5.147239962934721,10.44165814044781,6.310759618643786
1142,2024-01-02 00:11:00,-1.364653507107597,85.55504654346146,3.1194690041306323,12.279193506013847,25.025987227951067,6.965540635744452
1992,2024-01-02 00:12:00,2.2292740842487584,42.073804245448244,-3.1643185073658806,37.292594118174584,40.68954432598686,7.378520874670091
1664,2024-01-02 00:13:00,-0.09004629253500251,48.05618619445819,5.0770869192043175,33.71195961070584,10.993246590986193,9.447554024479683
1144,2024-01-02 00:14:00,-1.1665412440330456,37.34061690575879,-2.9323150555502995,37.57028009181776,36.498164718313035,10.460536590690644
1224,2024-01-02 00:15:00,0.10583361413660697,66.84112339848637,2.613207271490211,0.42572995250526446,1.769106806124855,8.149244794059241
1502,2024-01-02 00:16:00,-0.7082518857283873,47.847643800629925,-3.595550420283245,-3.73781922713345,47.13742818685797,11.969728346417758
1961,2024-01-02 00:17:00,0.38580638801898104,72.59144315957306,3.835980074462519,-0.05525760150027459,33.201751295780866,7.5621577843702985
1973,2024-01-02 00:18:00,-2.3128027900419106,21.251785435365278,-0.22896012323018944,36.14330356836822,8.212258179658877,4.534737114012088
1820,2024-01-02 00:19:00,2.9819430168753067,25.14999068120317,7.464871221062543,2.086988734099778,43.72730549898196,12.539050196596689
1615,2024-01-02 00:20:00,-0.44666473381969496,27.972892218499894,6.999191893126222,20.768651795763617,4.182851976361629,7.938132427991694
1103,2024-01-02 00:21:00,-0.910616161755788,53.51949482481849,9.977108132116616,5.241206643734289,20.35585528594644,10.701561847839205
1946,2024-01-02 00:22:00,1.2612590898975888,85.18369381279808,-1.137452379434528,-4.071405878744024,36.87377204601173,6.346984969219878
1038,2024-01-02 00:23:00,-0.8166035610280051,91.05423283027062,-4.072983608306295,-1.1920396035840053,46.87659070542693,5.382475349285684
1946,2024-01-02 00:24:00,1.999645830172546,39.58485920487206,1.6450489772326717,26.94086603348859,17.505632315277424,10.857252871762594
1197,2024-01-02 00:25:00,-0.2743756538374482,65.94957793912113,-3.7489499755014375,3.2064903406002596,41.54251042507369,7.848451512709143
1645,2024-01-02 00:26:00,1.3173504795926094,81.46919941540804,-2.322504274013553,5.3112642445065745,9.917937657497003,9.114496896534964
1578,2024-01-02 00:27:00,-2.355280701348681,43.106354393568694,3.959502120423286,11.97654253706586,1.852007421322702,9.476140453645286
1390,2024-01-02 00:28:00,2.076715113330671,52.72061893890186,3.8819627701644777,24.575870206127803,1.5351730662981815,8.177787666866346
1178,2024-01-02 00:29:00,1.4143079206686586,61.917936214857114,-4.350087834054644,16.12175768318498,32.942707511598535,8.611956987376217
1967,2024-01-02 00:30:00,-1.729699329228206,30.789987712643814,1.6435712712741797,37.507459719719634,7.794944566185113,8.919418569647906
1553,2024-01-02 00:31:00,-2.12828394152528,22.078583498062425,2.953280393008625,14.53819858328485,2.6111830884473695,9.230163382555677
1447,2024-01-02 00:32:00,-1.1022459076462536,32.22446474546266,-0.9796364327002003,3.9608914088862264,48.8397015389984,9.093148625988073
1499,2024-01-02 00:33:00,2.856423516191426,70.14828970028267,8.08064772813241,19.126427773405364,12.176412189650978,9.464263896078435
1014,2024-01-02 00:34:00,-1.4590105525976482,25.889460922694532,-2.5835202853036714,15.290032679269014,23.1814687006796,8.417738488469405
1622,2024-01-02 00:35:00,-0.26323674632020033,35.175709188010266,-1.1914729249067841,30.42122523407634,30.692748842083876,9.723097356783333
1668,2024-01-02 00:36:00,-2.819878645695982,47.0283108556243,-2.645083774508705,37.08045537427671,7.30835622755316,6.187340402664693
1288,2024-01-02 00:37:00,-0.616634822602605,26.229605144509307,-3.251800491941629,32.63328526164283,17.922726148362898,6.8975641849643585
1477,2024-01-02 00:38:00,0.4279200925986162,35.33594169293075,8.18468776010689,12.5067876216674,32.42057155394669,10.522553870675523
1230,2024-01-02 00:39:00,2.7187476750477906,92.90158311868089,-0.832112523950272,4.7252255031111865,32.02410970198387,9.697361307623318
1922,2024-01-02 00:40:00,0.10041626964038652,21.54393057815878,5.837860292017844,36.15200216562673,42.118659705961406,7.433388630669149
1419,2024-01-02 00:41:00,1.9146439570661267,72.27455393394897,1.4197353958787469,12.36728431467256,21.927379394462243,10.43495650691386
1156,2024-01-02 00:42:00,0.2827658554134036,50.752714473214795,4.538102211008752,29.659298055191954,44.50239851509251,12.157766372064867
1549,2024-01-02 00:43:00,-2.7552899193868914,73.8118991545897,8.92264294258314,39.52873035458008,34.14141750270921,10.330292755732827
1440,2024-01-02 00:44:00,-1.1099503488613558,67.09533762907236,7.669118005648741,20.984920668187424,28.14904922558274,8.31688361400587
1096,2024-01-02 00:45:00,0.45329704698661955,37.87990034837154,-3.965204113696432,16.59462107659985,5.945127620414674,9.051081645525827
1996,2024-01-02 00:46:00,2.7035637955867458,87.77675900587109,7.678038029188267,26.494185211654692,28.77772521593231,5.841781682682527
1410,2024-01-02 00:47:00,2.1547821585074,59.355230608748535,1.777352729210456,3.7268941355788385,29.7741336885333,9.955025858092949
1950,2024-01-02 00:48:00,-1.6298663149269141,85.80288151307774,0.2521859031982796,16.970788245939257,37.964338704745735,6.237056815949452
1288,2024-01-02 00:49:00,-1.679341019885019,52.481002895057536,5.0858188819244265,9.05488406996466,35.98503946742776,12.669090715530443
1253,2024-01-02 00:50:00,-1.7929621973165955,98.77484431321912,9.25311809648872,2.390254180405595,26.546010949363147,10.408657350639642
1195,2024-01-02 00:51:00,2.5349933778150184,81.6391486801037,-3.5879675361779384,22.456144706392877,29.682175652344355,6.417434317712884
1597,2024-01-02 00:52:00,2.115996918610324,97.27601640900588,6.521155453753586,20.906773845616602,38.63990133053242,6.660639335127661
1833,2024-01-02 00:53:00,1.649300593517692,61.14611831278871,-1.9473795386306687,29.25416198841429,17.636869080626372,9.78660856623987
1521,2024-01-02 00:54:00,-0.6435893146546343,57.89529058325604,0.7020418424049826,34.28365559086126,6.835058668466324,5.268529191010295
1516,2024-01-02 00:55:00,0.026284225792601035,80.43630474602062,8.107345243948748,4.9169193709400165,43.72753908708059,11.57694315197344
1634,2024-01-02 00:56:00,-0.21400953122908284,90.42330104107441,3.1869877601850902,30.08661934242101,48.254436883523155,7.487627649812132
1841,2024-01-02 00:57:00,-1.4796113546437641,97.13166366924465,-3.988150280743606,11.532332233881807,21.522311452831325,5.036897294202239
1864,2024-01-02 00:58:00,0.03016827689260193,45.96415248259998,2.620728252051075,23.296252080704118,49.516458484956885,14.211505855774854
1117,2024-01-02 00:59:00,-2.8170207128834734,83.89636590741111,6.844628524621363,33.26080124181151,16.202476250201695,8.834256116698167
1805,2024-01-02 01:00:00,-2.209137759015245,36.851647810842934,2.9332088164838996,6.528330187861849,3.4220472951274497,9.682475492857039
1908,2024-01-02 01:01:00,2.319537577013678,63.645947739635616,-2.496661415314216,22.04325777846267,28.6657331013187,8.25574043367956
1158,2024-01-02 01:02:00,1.510078602188539,34.387851872735936,1.6756161258629785,16.614349474008144,43.42321415889269,9.850661036232436
1814,2024-01-02 01:03:00,-0.4627895456454776,47.79178894002711,8.86518052059474,30.575978205282354,30.912342729996045,10.821422752548154
1227,2024-01-02 01:04:00,0.1029021737032636,94.50866937651674,4.8730598514116945,26.375858452349735,0.5704146973552978,5.932169991682521
1876,2024-01-02 01:05:00,-0.7800066842401354,31.68725598184689,5.948297597628841,29.633432615645873,0.6904508026847771,8.294681861199319
1215,2024-01-02 01:06:00,1.4446792029640347,70.59207161081572,6.789047611741754,7.957440832144366,36.24511853593452,8.88651671599346
1947,2024-01-02 01:07:00,1.7051230753924775,67.43634183419226,-3.6395986370999776,26.696033234009317,42.28261548613515,8.470953161741113
1695,2024-01-02 01:08:00,1.5797111412189544,29.659068216718918,3.723048389049458,22.26126434168284,12.726531785229003,8.008206815034994
1014,2024-01-02 01:09:00,1.3356703490066977,46.07832350150497,0.6387278977796216,15.550620522059052,23.559539732453043,9.981334326533668
1156,2024-01-02 01:10:00,-1.772973967843225,65.03852036122126,-2.912612544918543,12.025466066566764,48.05843593432491,7.423734415492962
1647,2024-01-02 01:11:00,-0.9721801245571271,34.97428871907922,-1.9593566254396428,9.92200138579439,23.08264677213384,8.139245121677291
1260,2024-01-02 01:12:00,-0.18092739009795045,84.04989251302523,6.7174071058710165,-4.564653741372652,6.87712356045985,4.324502367840231
1156,2024-01-02 01:13:00,-1.0152420514340663,97.77252076277999,-2.5776634206534084,2.630134808805444,45.591485032926954,9.684936078946045
1046,2024-01-02 01:14:00,1.5296412009499738,37.18075199699776,-0.31372089167421,-2.345980449946708,24.80886669280216,9.585895441901888
1323,2024-01-02 01:15:00,-1.023878854500272,34.95295718324607,-0.7268999260537781,33.17608941833512,17.280916408238916,7.05285227332493
1843,2024-01-02 01:16:00,-2.170607479287977,56.39480574379557,-4.2705445412814855,33.70399916867869,4.9618928480603515,3.6131228619751647
1684,2024-01-02 01:17:00,-0.6057572877101753,79.82122217120258,1.9323767385903787,33.078700151017046,22.967588024081905,4.684819053191076
1129,2024-01-02 01:18:00,2.8794865966942815,42.52804881882011,6.48894763253813,31.806389395920213,38.50667117612487,10.330127417104976
1410,2024-01-02 01:19:00,-1.6447115223985447,21.590392695782434,-4.667710508766505,4.95987040875896,35.88749873756025,12.517296118834254
1094,2024-01-02 01:20:00,0.6729519536593744,63.29765024263152,-3.311728242801558,17.130377852980327,24.879723750449095,6.726266942966266
1626,2024-01-02 01:21:00,-0.40216170096176196,96.5280454213846,5.8028001939635185,35.85296973857786,36.00481376670524,9.55433455573329
1754,2024-01-02 01:22:00,-2.57385259410404,51.30214843255565,3.9037148600937037,29.190180732117888,17.60295236222053,7.390930182519707
1931,2024-01-02 01:23:00,-0.07274036401164308,53.61076433464803,5.72871421073023,-4.91808713205376,36.78988330625676,8.536811153607367
1291,2024-01-02 01:24:00,1.212985971889875,97.51213736912304,-1.548440676842922,15.674195938170705,4.378134496692887,8.214775528888046
1793,2024-01-02 01:25:00,0.0793198549669123,75.56860893013827,7.056531749461072,-4.519841033315542,10.041778267402206,5.828956824423953
1810,2024-01-02 01:26:00,2.2326363824794866,77.53375382737002,2.19806590165415,7.629747114130367,43.89839377443355,8.581269055258165
1282,2024-01-02 01:27:00,-1.2663779000545041,65.01616042968541,4.1545296126828575,14.609309855209826,14.753404807516487,4.983544552611731
1068,2024-01-02 01:28:00,-2.4825049721762102,97.96873686905933,-3.6176987419874562,35.180468169262554,10.376475583934594,4.112435627999107
1659,2024-01-02 01:29:00,2.619393669948037,75.1093187540445,-1.9245262496026805,24.447292786629692,4.541229147943765,4.733024251720885
1010,2024-01-02 01:30:00,-0.7308219028306859,91.60262012841356,6.6003682241546215,11.311805447045842,19.708454220379497,3.813204389326633
1253,2024-01-02 01:31:00,0.45843330872180044,75.9503092586577,-1.6413733821683225,17.079470610381446,3.4424055429634097,7.423422428747384
1841,2024-01-02 01:32:00,1.752018756781176,78.80926598723167,-3.61205258717812,31.78252698686383,24.89932495175204,7.5474182020111185
1871,2024-01-02 01:33:00,-1.0541180167465165,43.23287377137972,3.958049233781505,8.484501960117093,45.96831637463464,10.168767256778324
1549,2024-01-02 01:34:00,1.2969872290656674,44.27829584110552,3.2190477424259925,22.676564896089992,39.378003825235645,8.00848940934124
1133,2024-01-02 01:35:00,-2.187486901093032,82.63877196608234,4.118408934749395,6.80110977495327,2.1296211062343615,5.833621128456146
1711,2024-01-02 01:36:00,-1.2522375167669684,43.73650313359197,4.27458244544637,16.598354675064815,15.057932388836054,8.004946522533062
1022,2024-01-02 01:37:00,-2.1317361831808803,65.02160566412253,2.502960187967556,-3.89036733970715,9.463449720102515,10.935879798402793
1814,2024-01-02 01:38:00,1.8673833504081472,39.94818487253616,2.4066088085298363,33.35238937712614,3.4402987721650837,4.928090498804988
1345,2024-01-02 01:39:00,-1.6641045886392878,85.35867046472555,8.862483479341938,-2.8243025819519025,5.521163344184936,8.068815584420928
1301,2024-01-02 01:40:00,1.3044213324312617,28.8401080982152,3.0082258731961034,5.09622249272943,45.41640419088866,11.158460086896241
1362,2024-01-02 01:41:00,2.659790383473915,86.35573118093316,4.259503036207882,10.008034553146473,15.57315243168348,8.335391897939251
1395,2024-01-02 01:42:00,0.16663325441326204,68.21838404060814,-0.9954591209188308,23.13225025452317,19.671971423806937,6.36609093649916
1217,2024-01-02 01:43:00,0.2401751535641261,34.95276278616618,8.066398012032867,27.401505950877507,24.336473329252655,6.119765274194705
1140,2024-01-02 01:44:00,-0.23379859141312753,63.36283084048945,-4.634478610112552,-1.3797030971550512,37.27196199757095,6.041412552448736
1615,2024-01-02 01:45:00,-1.0446591396381435,42.59990694778723,3.358401434466616,-3.044053135184433,39.93868665687053,10.371401183589002
1957,2024-01-02 01:46:00,-0.14606981445049705,45.87738677843973,0.75775442797163,30.954544898320698,48.190104189309395,9.335146832604519
1209,2024-01-02 01:47:00,0.6168451936005566,48.122243327750425,4.0585629334071545,27.047494025685687,10.612835723644494,9.559840532765778
1984,2024-01-02 01:48:00,2.9159494330239557,25.065539757785675,0.40258074657070253,32.419765941459545,15.12320230592613,7.858017552317561
1992,2024-01-02 01:49:00,2.6265873559093453,98.87693475211339,5.7653186757647035,25.444221933258234,15.71673968922238,4.785980311110585
1622,2024-01-02 01:50:00,2.1729177497587306,22.522770250497928,-4.695028355398538,28.795552166049376,22.318413786152362,10.359161744296145
1615,2024-01-02 01:51:00,2.33478321422915,72.99974985474228,1.0883415815371444,12.056727237121514,40.38947713604512,8.559159662994668
1827,2024-01-02 01:52:00,-0.19290490024774254,49.698211820594445,7.4689539961362055,21.55829441777364,12.04885866800099,7.2087208563692515
1682,2024-01-02 01:53:00,0.9446659630647889,71.68082327573592,-1.246989233308462,31.242655429156414,39.16779615149281,9.9985401548089
1459,2024-01-02 01:54:00,2.3704003376172853,48.4998602470067,-4.20873682429517,2.7452890482932704,10.281596917087867,9.48455159212803
1355,2024-01-02 01:55:00,-0.6422954100518816,73.9000517007087,2.4478611184775287,14.027033237178625,35.536366098146864,8.813591662544892
1323,2024-01-02 01:56:00,2.770574870072813,78.33884075746886,9.64800190790185,28.322039581593756,39.97016586049893,10.80371359909671
1132,2024-01-02 01:57:00,-0.5052836275849018,75.24421123197158,-4.03762157697295,18.968645729433344,42.70380866664166,9.852008315292508
1887,2024-01-02 01:58:00,0.6064959923592941,29.116958508652182,-3.9491526087531,25.67458538167772,25.563248517885565,10.520435098410266
1804,2024-01-02 01:59:00,1.2588282796342316,72.55145877237477,3.9267484742001724,8.179113814411627,16.502877833279776,6.1864519785129595
1839,2024-01-02 02:00:00,2.7035520784556297,42.39900395632779,-1.248984306828063,-3.544589690704191,38.64197324340448,6.8872917461219805
1126,2024-01-02 02:01:00,-1.5323023556864037,22.30410964554668,1.1534685045583801,-3.688439911053073,16.113731212301033,7.744815743654135
1105,2024-01-02 02:02:00,1.476785869431854,53.18645375111632,7.457607294990861,37.42515294386565,7.489629931451878,5.423041195675574
1603,2024-01-02 02:03:00,0.12489351686449313,54.68344822430409,-2.0172697372622532,37.50430197977686,41.75085378991174,10.499955982670203
1798,2024-01-02 02:04:00,-1.3886571562761536,57.37393066819572,5.789499054721496,4.507705297957875,20.62092239487586,10.156098681552347
1377,2024-01-02 02:05:00,1.659641038778343,76.3859332312573,2.5672826990133446,1.6359546086924812,28.584604940447207,7.520250165313089
1904,2024-01-02 02:06:00,0.31333368104307935,44.70750473139673,8.574365386214076,-4.183707474814061,45.93035791545907,6.438865103163671
1050,2024-01-02 02:07:00,0.9658429238980548,45.222441048313804,9.59443000440346,5.406558534186633,6.876251399587937,9.840912555649203
1028,2024-01-02 02:08:00,-1.062593588532594,24.844180499300847,2.2744117848009378,10.045814851955813,27.90347643263459,8.173447463016911
1461,2024-01-02 02:09:00,-0.1123562890343699,74.94569727938368,3.7697058867320035,5.855918513704651,27.982353123239996,10.01373691637688
1295,2024-01-02 02:10:00,0.7041255059284026,65.42608731196671,6.187638111063299,30.882286313779062,43.10837615933299,9.842682714345367
1296,2024-01-02 02:11:00,-0.5705351143809363,47.95400901550305,-0.21988787191992465,28.724372467394595,17.128822718950456,7.281339777132095
1725,2024-01-02 02:12:00,-1.8097647609137921,76.41511831338838,-1.5988947421512978,-1.3543634891356708,20.12058307373114,4.943692269159319
1778,2024-01-02 02:13:00,2.769842953891824,62.98861993815017,9.470277586645079,26.379472364594168,26.012728776053642,5.506796457869901
1406,2024-01-02 02:14:00,0.06880524025570445,57.53959566964318,1.4892308682936726,18.426330394956246,8.443279114014297,8.700952273116918
1768,2024-01-02 02:15:00,1.4035222217262033,60.905963492890116,-4.976137602263394,0.9474747868686864,23.586003582190543,9.301659224553411
1813,2024-01-02 02:16:00,-0.5337168386636515,70.90785002136452,7.5657744778762535,28.27909437218421,21.860481532090333,9.288101311593204
1612,2024-01-02 02:17:00,-0.869209415845702,72.80020836596796,3.994962419366285,-1.1279495671608837,9.94998430332973,5.280082858621186
1404,2024-01-02 02:18:00,-0.5570142091972503,43.11662553125737,-2.4716215591954382,2.971779961061653,41.66782368800481,9.239713924104565
1345,2024-01-02 02:19:00,-0.5448201372861012,31.25946907129226,-4.547904602343815,1.7151916698923388,21.60858470986977,9.24396245270104
1621,2024-01-02 02:20:00,0.2650806956517213,32.530734495241504,-0.6277635343740338,37.25650318749178,15.372688934872183,9.437983790991197
1419,2024-01-02 02:21:00,0.2608192198881789,71.15127087224013,8.91830643210497,26.417020144209193,6.605674406449411,6.079183184070743
1181,2024-01-02 02:22:00,-0.01707710470277002,89.82986286137007,9.002367550534185,13.5078668124142,4.578414939077122,3.2234220381274237
1982,2024-01-02 02:23:00,-2.1912852904953715,52.759702267644144,-0.3349477054682275,31.99918678819609,48.01532198016164,11.34532418669369
1824,2024-01-02 02:24:00,-0.023547128996812994,33.56161282635699,7.53896489231075,4.7181734285018955,49.75815655904434,11.213532498617564
1000,2024-01-02 02:25:00,-1.985376597476091,80.52819986350838,1.6276798488564355,36.899197557029446,44.90647665177932,7.369258919058509
1830,2024-01-02 02:26:00,-2.243185282225409,86.59915795355589,4.815171237048917,26.364879439559612,22.98570846380838,5.085649335760937
1949,2024-01-02 02:27:00,2.5958743040470065,90.44659544967732,0.016658138066350858,20.18112884536595,40.41499641462309,8.89077975628293
1566,2024-01-02 02:28:00,0.6297000788862253,68.54651431309865,2.739588944064775,30.75918019164976,41.73068170970132,11.027259190852547
1370,2024-01-02 02:29:00,0.9569403487475059,88.85828475104677,-0.5933083017451022,24.015144164132128,15.060479610965045,10.649150202775978
1935,2024-01-02 02:30:00,-0.5892379779998174,21.233196675872613,-4.083284564653059,34.919917375471705,29.342849603427617,9.053382760045675
1910,2024-01-02 02:31:00,2.453885351489185,28.57886414156188,-2.909327207126917,32.311869703349,47.84541863626294,10.82038614412632
1660,2024-01-02 02:32:00,0.8275829374779926,27.4060853641679,-0.6398825829014418,3.902372726835047,14.075383229947041,5.58026415452131
1430,2024-01-02 02:33:00,1.6150192171415245,77.00837474037864,9.643806759641949,5.78487102449658,33.17803007250919,9.63576777088513
1968,2024-01-02 02:34:00,-0.788625185833717,25.566542683486322,9.485082253749875,-2.070616380096043,33.16080214485776,8.66311137100897
1308,2024-01-02 02:35:00,2.760071284914753,59.70914979730456,7.414950137267967,4.908951272776111,22.688265526743393,9.580579559834353
1136,2024-01-02 02:36:00,1.9227677409498902,57.81655189090313,-1.5124092335586963,10.45699892221606,24.56740987711162,7.791551669743408
1201,2024-01-02 02:37:00,2.123690778087262,44.856281884659275,1.6240321081273388,-3.7027690172378094,22.873487363273778,8.390973230000057
1435,2024-01-02 02:38:00,-1.9668343954454743,89.63241359536798,1.5967425773605646,9.173314579477626,26.10173845844681,6.045652913544016
1312,2024-01-02 02:39:00,-1.3742207527726829,33.63465615039968,0.8045986722727578,29.71956287322852,7.524012020158242,6.984393860340023
1116,2024-01-02 02:40:00,-1.2862404018985376,48.19702275193919,-4.326795423653816,32.81474191061268,39.757880888551114,7.4706346183166215
1665,2024-01-02 02:41:00,-1.374544660518773,81.93372000183433,3.0179106133647657,-4.60070195056595,33.08764812776804,6.404047783874528
1936,2024-01-02 02:42:00,2.1324489726257276,22.43378515146274,-3.907820118127087,-4.678383277884529,48.69373143723282,14.019675342301394
1802,2024-01-02 02:43:00,-2.8086912287484473,73.83603201970949,7.028780210769158,1.5838198712950504,12.357595134748282,6.4113472564632685
1574,2024-01-02 02:44:00,-2.543400066115354,85.31181810892565,5.369607142671724,34.26596773302054,7.3838153294065005,7.213719517239065
1243,2024-01-02 02:45:00,-1.3565107762205777,94.58142710705337,0.2910550996530201,16.11751230095592,17.193447886538344,10.930936986912963
1536,2024-01-02 02:46:00,-1.8007621521033381,90.10373123931879,4.707045733186948,39.230593427559135,25.536096017110445,12.994026386156804
1601,2024-01-02 02:47:00,-1.6088423167029098,45.550729346694816,-1.5044449016135286,34.92991595950606,10.329976766271974,8.271324064072349
1074,2024-01-02 02:48:00,1.7876591355197995,66.90913130583621,-1.0212490256505142,35.05576510628679,23.0839914504884,9.329991292369469
1805,2024-01-02 02:49:00,0.37875956335228134,26.18347945203727,-0.28799724611892596,0.7814394367946553,32.16640106094704,8.211120868548463
1385,2024-01-02 02:50:00,-2.965376032242192,40.62960028384069,6.955173999029947,16.38532071457188,2.9029476267575807,5.641533984543525
1902,2024-01-02 02:51:00,-0.42406340577482826,27.53779029980059,-1.8396297973087328,39.71157687931085,37.92569017291494,8.847847962413226
1209,2024-01-02 02:52:00,-0.5526904388978462,45.21498321231711,3.4417184122905784,1.7069903617188658,46.99159290508518,12.028566027520213
1474,2024-01-02 02:53:00,-2.316328383332739,90.01497707669832,-1.9929932836777247,20.840505412818754,13.485585924668447,7.024188486334377
1417,2024-01-02 02:54:00,1.0568507316087423,47.77334717394341,-0.7244386240637759,10.492599637888816,38.8334963454337,8.947212726143587
1346,2024-01-02 02:55:00,1.212583130276947,64.95184824011412,-1.4677806052026297,12.453616300915986,20.954919635551665,4.366468054259353
1528,2024-01-02 02:56:00,1.3253593143125864,54.67046784919526,4.675070066099288,35.085662681822555,33.255189828709455,10.251080021646398
1639,2024-01-02 02:57:00,1.3708256733515523,56.713321943898826,2.900934166836705,21.455615613652736,37.17650189699838,6.42476416589181
1938,2024-01-02 02:58:00,-2.999683038406219,97.56576414692466,5.819487188583301,29.144937522496242,14.8191850996224,7.364462410317772
1954,2024-01-02 02:59:00,2.723524823080333,43.692357461108635,-1.7008484400052124,25.29554788728585,39.3911400102904,10.591796258878158
1875,2024-01-02 03:00:00,1.885252602327978,70.18595756185371,-4.862771964109442,18.805706075648626,5.345055628564381,8.425370773847176
1762,2024-01-02 03:01:00,2.4238901795357117,53.605013566355765,5.207643506955023,30.627003944666917,49.33756990313521,12.741187693813682
1178,2024-01-02 03:02:00,-2.906140228155395,24.891694483814895,-3.2771906225738605,38.68298076596728,16.91754674957123,11.790367710916144
1181,2024-01-02 03:03:00,2.6031527747144363,59.14646652993888,-1.305421633640659,38.50687992801038,11.267757987347077,6.784429905469419
1663,2024-01-02 03:04:00,1.8587311721286284,85.06746632360867,-0.4147077130816603,30.525340044701665,7.018836880065381,7.4957932325012635
1024,2024-01-02 03:05:00,2.023314857752192,27.90023749453507,6.202031384363021,16.929839008715305,40.627888054085396,11.099381658195234
1966,2024-01-02 03:06:00,-2.440275691668189,25.56734779170472,4.388377159861408,2.342153163604057,29.335929630168334,8.712927080202872
1179,2024-01-02 03:07:00,1.432668173511586,32.29052163146133,-2.2360184521125674,-2.998827096264751,47.588347822567776,6.99085654022411
1709,2024-01-02 03:08:00,2.7595001378525463,81.15200891114449,3.9683171592961255,5.415023576467483,32.41915168423439,6.57995010395282
1500,2024-01-02 03:09:00,1.0712840485089643,77.91963073157903,5.622219926659179,10.311609981889454,17.09558993744997,7.419652479341403
1855,2024-01-02 03:10:00,0.42336842774763905,65.20142151248885,0.8334580418525723,0.8432327163123698,41.836985447027175,11.335891083653992
1160,2024-01-02 03:11:00,2.6737780664939823,57.45811232741059,-1.3107062895822197,5.11443983256035,14.133628557717072,9.66558790955374
1176,2024-01-02 03:12:00,-0.342377269593384,91.06606517620976,5.184741593721839,-1.2404540947602167,14.612950200479304,4.855028115792821
1284,2024-01-02 03:13:00,0.595761397862872,81.3358259066786,4.163368002122459,18.565463742834048,1.5111764588334544,3.8877518621794978
1062,2024-01-02 03:14:00,-0.14197023903380313,84.95538010414441,-3.831317622937698,0.6843186028096166,12.67593218744044,11.22633731031809
1661,2024-01-02 03:15:00,2.597077328161795,85.06098410805234,5.000194603506314,28.424588346532957,13.14556749338918,4.936535632411355
1665,2024-01-02 03:16:00,-2.543491639406956,71.41737237964463,2.3277689925294798,9.969240016483722,14.946323229188403,7.767595677490086
1155,2024-01-02 03:17:00,0.006718204952089302,56.64116994527567,6.300534354665912,25.242822139505403,18.494567107692955,7.178066012119352
1881,2024-01-02 03:18:00,1.1217146483126301,89.17422020685203,-2.1392368718025976,34.713374578617305,28.876031742724585,7.21178271337952
1468,2024-01-02 03:19:00,1.7514392305334212,94.08059340826006,-1.1267537314793543,-1.1292555858345317,10.897911904562621,4.075504206185
1048,2024-01-02 03:20:00,0.49811188466481804,21.904483460667443,3.149691086462818,39.50503543357197,31.874374750699744,6.3317336216589535
1966,2024-01-02 03:21:00,2.453506464728724,24.124389861300102,2.226002918382987,24.035950406503094,6.752421460203901,5.2667364796245515
1848,2024-01-02 03:22:00,2.65194868130323,96.69946375267499,0.7954805658474493,-2.598532905350484,46.55245380777933,11.09922277955437
1083,2024-01-02 03:23:00,-2.6140846608384987,42.17284910753558,6.190499716446832,9.130100436677512,1.4029007507666682,8.71966101915497
1360,2024-01-02 03:24:00,-0.5857767627517538,89.8695551719535,3.471273454424235,34.88103170236553,45.41907466283651,7.809517223555871
1688,2024-01-02 03:25:00,-2.8592458696730736,51.10360951691221,5.654077808411779,21.830512196780404,27.405292956394725,8.95793476387575
1147,2024-01-02 03:26:00,-1.0235000557533425,29.528004608748446,-2.701175565213264,7.92500652602118,35.531262727785744,12.062306956018348
1629,2024-01-02 03:27:00,0.2212093078236128,26.43545601674674,5.934824427183058,37.32225629793313,14.987302271331165,6.081854862768827
1341,2024-01-02 03:28:00,2.4647695830596934,32.52063192643652,1.9229216215043783,30.426365668351984,8.772559366733361,7.400387764112548
1475,2024-01-02 03:29:00,2.0793259347924167,39.991455589389176,-4.493480964731194,28.099232326747654,47.370005971442005,11.951668232924801
1062,2024-01-02 03:30:00,-2.2350016399680857,59.08146831446609,-1.4826266900525131,34.97922040030162,22.10609050556118,7.608469039052268
1700,2024-01-02 03:31:00,-2.441817751554626,76.11983204526268,-4.6136541238913304,29.64009751188771,24.07759377767792,7.335138537945543
1359,2024-01-02 03:32:00,0.535604032540002,98.911886118824,1.8531178298656563,7.903225893948829,49.28535237538491,10.201744471214262
1560,2024-01-02 03:33:00,0.19270783475269582,55.320539463133684,-0.111803591673719,21.274873398652357,16.86983306921974,10.337844446838234
1326,2024-01-02 03:34:00,-1.401734151419857,61.45479538744879,9.81174339869877,32.90287754928835,5.099560939825062,10.92616944051275
1768,2024-01-02 03:35:00,2.396718507323011,61.74525611066045,8.027561754352947,3.1381648025275712,29.387019720866178,9.704759373707827
1735,2024-01-02 03:36:00,2.5641984567693203,63.15474843903488,7.38506290514724,2.3360475775541447,27.784898292878385,10.771828180665612
1140,2024-01-02 03:37:00,-0.584331369959024,61.41925256835698,2.5167482354686825,2.153931140689596,38.6779079588247,9.529962509159713
1989,2024-01-02 03:38:00,2.3418153426811212,20.701980404953424,7.106312490261503,3.7414873598134353,47.758396965668425,12.341045749789433
1214,2024-01-02 03:39:00,-0.6963066344221644,20.137985768787257,-0.9969552880586718,-0.354613297405205,15.45295139847446,8.057208119664164
1434,2024-01-02 03:40:00,1.4209009909782004,27.813305450089835,3.409742017697873,32.693305898387486,36.1176427312749,7.3199748354190435
1890,2024-01-02 03:41:00,-0.14434669471365513,28.124528274334306,0.8937709197911499,31.824319917886775,21.781703336362167,9.218720389563513
1951,2024-01-02 03:42:00,-2.264501060956902,76.39175271638368,-2.4298713271590544,1.8116046336592762,39.21026220154035,8.739161197135251
1722,2024-01-02 03:43:00,2.5676052074221296,36.39328260127998,-3.9107985294739396,26.74917295196557,8.297420434799921,6.673195331443191
1317,2024-01-02 03:44:00,-0.2754204397347806,91.57712838044903,3.3732757445742223,23.213900164447733,25.092735216490833,9.64088679897551
1031,2024-01-02 03:45:00,1.4069222419344216,94.28850636616156,-3.535412976796908,7.428741952556262,3.951627700673762,2.376385263181122
1669,2024-01-02 03:46:00,-0.7969571134122471,98.0714670316719,5.770046450289735,5.231579516199377,28.102609007197234,5.99692180791872
1284,2024-01-02 03:47:00,-2.886714728542592,95.12650439096161,8.822027180892336,6.276363487393965,8.531783100316842,4.57746717301514
1304,2024-01-02 03:48:00,-2.3968178478489843,41.75106575348197,-2.568408354326586,27.87837736480904,48.0062489788514,10.915465789760304
1428,2024-01-02 03:49:00,-0.022683123060453614,60.782147576281,2.0640786776534235,9.36926798532029,27.761083546920048,10.679419835287915
1476,2024-01-02 03:50:00,1.1397861427581741,34.03639761575528,6.081618895897378,7.508167492786303,26.51579195559167,9.276835043197224
1285,2024-01-02 03:51:00,-0.9915880405243254,84.49677241379464,-0.6974050845045978,-3.9883505059108004,48.61930311189937,10.930015992949958
1143,2024-01-02 03:52:00,1.1729307550659023,91.07453641152769,8.811467794494058,35.87064221994347,24.97092281016009,6.6462403680894795
1423,2024-01-02 03:53:00,1.1918135365917362,88.1031071438012,8.326983383048663,28.871686501553377,33.868650555826214,9.105598521027623
1018,2024-01-02 03:54:00,1.2236154439669846,54.66935589574679,-3.443684664054831,16.27526541130242,2.4294082961156116,7.0122124985414525
1017,2024-01-02 03:55:00,-0.044868875876949765,80.69391077494248,-4.589003427022398,37.43171141577575,35.446106898118565,6.729857195725621
1768,2024-01-02 03:56:00,2.4893169007290243,27.806333566101557,9.646877244691028,8.208949529894,5.305087651884749,11.707181139101609
1589,2024-01-02 03:57:00,-0.06482089211630626,23.219581649540054,9.347125371566968,25.361726943241667,39.033708011061925,9.594854451599222
1370,2024-01-02 03:58:00,-0.2984088390201709,80.25891314470087,1.334284066989448,8.731766995542595,43.854607044011274,7.111983235681339
1174,2024-01-02 03:59:00,-1.803715085936238,54.0284219462947,-4.241550138410414,9.155759148352667,15.841846641364619,7.444449071162415
1193,2024-01-02 04:00:00,-1.154069475861981,99.64394117916554,4.283133291190419,33.011912502187144,43.9186877011259,11.709273280543323
1501,2024-01-02 04:01:00,-2.74599304489018,27.780337268442594,-0.5988483891701559,30.41598790551238,24.18357340365107,9.750308596866294
1987,2024-01-02 04:02:00,0.8012117616970214,88.4502145228187,9.050844803508314,8.234834379580695,28.621646451187654,5.95227071044936
1112,2024-01-02 04:03:00,-1.5087855364374427,58.39864524231934,6.919928875814552,-1.337471795003279,20.60804526720578,7.535159869374566
1113,2024-01-02 04:04:00,-1.1750684730872094,86.17201564031016,4.743906762001652,11.091286281603931,23.87945216036441,8.526226369705448
1221,2024-01-02 04:05:00,1.624887129985927,85.37018257361159,-0.7324422872970722,29.20258909683919,45.42271776115112,7.220120668779028
1677,2024-01-02 04:06:00,-1.0366729010312767,93.27936010896619,5.519028691625763,-0.47550374667470585,47.369990718353094,11.654850562619583
1946,2024-01-02 04:07:00,-1.546824647921147,43.82800090288822,-0.6624759986119395,25.24453891254636,22.34886021036871,11.50497397362466
1830,2024-01-02 04:08:00,-1.9856535051977655,95.98394827696025,-4.43553523772186,35.03934669612572,25.76663749103342,6.644904137309386
1643,2024-01-02 04:09:00,1.6491504130917356,32.13335682860962,2.626518814304111,3.06522200222712,5.897131678981198,6.3260166003784875
1896,2024-01-02 04:10:00,-2.2217624520598385,26.557502207479242,2.3302681718303644,33.799194592879175,16.34849508072963,7.074408323323678
1263,2024-01-02 04:11:00,-0.2774774384978791,54.529241389787934,6.445089595393501,-2.6886252894399028,25.71053522800292,6.16061564379684
1924,2024-01-02 04:12:00,0.04158069646316642,86.26583749134741,7.98510823531667,25.009611614075354,10.20887922988293,8.454353379758013
1054,2024-01-02 04:13:00,1.1243394761142875,57.873690450675646,0.3170273304139313,30.596751416914273,28.86900987536838,8.246465132304513
1870,2024-01-02 04:14:00,0.7997008939979731,86.34293420244113,1.7420951530550637,15.014475294669953,34.29563336876573,7.662396005244052
1642,2024-01-02 04:15:00,1.8643240376710484,78.37494446354441,2.056006294667922,4.167791266608109,32.533006269537495,9.594749596855978
1799,2024-01-02 04:16:00,-2.7314913964425713,36.754270891114686,-0.1366387344143094,36.612827450657754,22.181373400115866,8.510064556346439
1777,2024-01-02 04:17:00,-1.2213556513236168,95.9105299919571,6.150803854377855,-4.101400912857403,38.48902411595543,10.379914930004038
1457,2024-01-02 04:18:00,-1.3191952873477215,24.86249349035227,2.831517778094492,19.97820531532896,16.0441682984879,7.465084691358098
1978,2024-01-02 04:19:00,-2.123898566447351,91.86237660350359,8.709336615829598,11.778223391726453,23.516919027365883,10.55991449888531
1877,2024-01-02 04:20:00,-1.2649304768613412,44.35547591922992,4.75466157843379,15.747573796647057,13.580728924364038,11.211579799466922
1161,2024-01-02 04:21:00,-1.1414081151425794,60.01184665315194,-1.8215516165904138,19.14542753255031,30.22106664427632,10.166233295373564
1379,2024-01-02 04:22:00,0.1313067715648697,53.78814981605876,-2.5278702687944543,19.063688001992894,22.09128095910614,9.81905123385953
1992,2024-01-02 04:23:00,0.9822268735575364,33.746764553353295,0.5857650687443812,4.163064869039442,10.933926052822702,6.259530844826536
1086,2024-01-02 04:24:00,-0.7133969183291153,48.65174931213545,0.2038981038545984,25.586604530501948,15.478429247559387,7.927425652625898
1054,2024-01-02 04:25:00,1.316821387880287,35.434754903423624,1.1069773729376529,-4.1383268963534245,14.045457034678098,9.31572634354894
1475,2024-01-02 04:26:00,-0.9830079685225201,36.31091803684191,-2.2461339454333684,-4.046715760421447,45.5545447107512,11.307504536501083
1799,2024-01-02 04:27:00,-1.258297936111438,34.964546882110426,9.67334005039734,16.531930357523947,26.14551834474717,9.076613367255984
1177,2024-01-02 04:28:00,0.24712833514214605,59.12139042772754,-2.814353406969067,19.385629612162415,32.66752633926168,7.822479035902049
1390,2024-01-02 04:29:00,-2.8577018381652564,83.83450940090525,4.789731613364815,7.370026676511717,46.74321530772251,7.490928460373909
1348,2024-01-02 04:30:00,-2.5212652581959976,65.51760270089929,-4.803961474031153,19.82539901320751,9.192667983923242,6.891571195154585
1007,2024-01-02 04:31:00,-0.49218273848083793,91.45652708406735,1.1044155747851967,18.224915484351556,46.85099848416419,5.938090647348584
1832,2024-01-02 04:32:00,2.657476268350539,70.92355908613794,-0.3622490135744547,10.714924964769017,27.02789677494197,8.766967214144056
1312,2024-01-02 04:33:00,1.3290706790605418,75.14720925060836,0.7303695660912783,24.329858644530248,42.82508904173729,7.217761213643737
1758,2024-01-02 04:34:00,-2.4712405829966535,73.40857837816026,2.471160171596704,38.10717474460461,8.482978189530922,4.057862640525475
1834,2024-01-02 04:35:00,2.077908076685242,55.95673545469929,4.005625022864766,17.086121249131097,13.719500372685172,8.468489477605502
1983,2024-01-02 04:36:00,1.3938046236490855,75.14710577600663,3.7526701719145006,30.37228416737411,9.789134375912889,7.669807411197299
1982,2024-01-02 04:37:00,0.6656791542159191,25.57661971751689,4.460705051816696,6.141845360784535,32.70574700851823,12.019553992816027
1442,2024-01-02 04:38:00,1.921757763655064,88.78811775325305,7.668215238306859,29.287776707836656,7.12399398704043,7.643906498162244
1766,2024-01-02 04:39:00,-0.5753409135422576,82.22497147551339,8.300757334219771,24.200767952589743,39.64687531452332,8.042340086284126
1327,2024-01-02 04:40:00,-1.6709936948768835,39.61839665853431,6.058754508411964,23.786400096773672,12.596770929093521,10.103111981089496
1053,2024-01-02 04:41:00,0.07214033465255598,81.44259634032659,-3.81586635613394,35.18659031990024,12.848225552776865,7.9672527539226765
1760,2024-01-02 04:42:00,0.29305053356084265,21.01140811200148,9.419385872649016,5.500761472851327,14.127952689909494,6.340808751693907
1238,2024-01-02 04:43:00,0.2299582320594724,37.37972579847043,9.210971295205693,11.580255269092394,37.344765962955755,11.031372729087469
1228,2024-01-02 04:44:00,0.39044274888063146,25.210979093671675,5.675556918180305,-1.2619644345056424,46.218375985322474,13.384767850690482
1578,2024-01-02 04:45:00,2.6922295094350845,82.41815332943158,2.761586071028857,27.675398954614543,45.384749706607806,9.493267210828723
1050,2024-01-02 04:46:00,2.4134737385773883,80.46993209427097,-1.2407246249616173,32.97402783848253,5.152585628435178,5.789178558652182
1608,2024-01-02 04:47:00,2.2543022193536366,85.09088190414646,6.345267092483141,13.262507663431137,13.195601475103025,5.0954205626232065
1603,2024-01-02 04:48:00,1.8085008654517631,20.358535466042305,8.167902680744337,11.057206831071678,33.6418800995716,9.365937338406448
1263,2024-01-02 04:49:00,2.660568643591712,60.09861813427264,4.977814013349068,24.63933351354374,30.96567697381336,9.441438288357409
1417,2024-01-02 04:50:00,-2.4090321499235805,76.38689580138691,4.436089492926561,-1.598429264479837,17.56645033878777,8.87819851158597
1802,2024-01-02 04:51:00,-1.409260431325563,32.432090299121235,-2.1049294314412075,8.222885326134119,43.15588183839113,8.257355747625688
1095,2024-01-02 04:52:00,-0.0296643260724907,71.98325820100997,0.36694784341284414,11.479575934083268,6.610267128414942,9.76359390280199
1087,2024-01-02 04:53:00,2.079206958740431,26.728807944774857,5.847043330487683,18.33656278138384,31.987690716452118,12.640958917595052
1077,2024-01-02 04:54:00,0.030994269136394692,34.50606848834505,-4.746518917231649,16.445614876105424,13.72691533699942,7.421819767652947
1287,2024-01-02 04:55:00,1.4882084360495327,58.06374519956808,4.618964157833291,4.390619024858207,26.406013640381385,10.828571403648244
1119,2024-01-02 04:56:00,-2.1662405685065025,72.28521221448815,6.500054515153721,19.335454323849962,19.435579865414304,6.151658713941353
1813,2024-01-02 04:57:00,-1.485517122140639,31.669530156311687,0.020567294061724972,36.66409108990464,48.98878146143854,10.037556040936925
1490,2024-01-02 04:58:00,1.3906565702260343,34.81786646647503,-3.8574834619881644,-3.781044936629155,24.3859444613524,8.6823613399945
1911,2024-01-02 04:59:00,-2.0115959466736557,36.35570936525304,7.286790683259978,25.613795758210262,48.80706030019088,13.761415196527341
1451,2024-01-02 05:00:00,-0.8918643920704392,39.096064375918274,-2.8724475577246587,23.111906226803896,12.825543743847323,8.90453371829624
1499,2024-01-02 05:01:00,-1.4108024531185714,38.124307882103295,0.5620165895466034,36.5992129620248,38.42025252084896,8.929261408613852
1164,2024-01-02 05:02:00,-0.9008298346651289,51.61192867981094,5.6088115760167,24.04052231831868,35.88120044709624,11.907760456649571
1181,2024-01-02 05:03:00,1.2499442944678218,72.30317206693783,7.254789814771504,23.117922061646954,42.39749984435885,6.946023801351259
1468,2024-01-02 05:04:00,-0.7929169131431939,55.042542650757575,7.935728777327737,29.64125470442081,34.71101244157734,11.29753886711867
1909,2024-01-02 05:05:00,0.3315799356476412,82.07791269999106,2.9562578741667336,7.051267696884711,34.149718996215064,10.791811371491903
1734,2024-01-02 05:06:00,-2.4004087376735423,77.54148047588919,2.138075446837984,21.807951809450667,33.06931708820299,6.467719993343773
1822,2024-01-02 05:07:00,1.8301061594077668,30.122153123926054,7.724759155270446,18.373949921283067,49.254073446613454,11.773368354114075
1943,2024-01-02 05:08:00,-0.7806682461112509,23.907329865659513,3.4461564257120667,14.731262799473807,11.482079026285438,5.962502164196401
1977,2024-01-02 05:09:00,0.8912049542000546,90.2353251199685,3.6797609262284663,-1.423077468374263,1.6026728744846541,5.167346685933515
1006,2024-01-02 05:10:00,1.3523376099709958,26.386485325029874,1.5096005199070106,8.16829861057786,33.930746135252484,10.440081478592402
1329,2024-01-02 05:11:00,-1.7420344673297976,31.867134457577045,0.5922095788155941,7.599177129557626,8.699654722279424,8.437215211238088
1774,2024-01-02 05:12:00,2.3080499097200997,21.770662044649445,2.2081128593474366,27.591293072380047,34.00125811503249,12.10519264092976
1672,2024-01-02 05:13:00,0.6973455096417176,70.2669092238923,0.47271240544190896,36.42952608446957,16.052302000402054,6.623399727111926
1150,2024-01-02 05:14:00,-0.4276491494911112,66.58964505266789,0.1531967495385782,5.385425029458187,2.2632506985837466,6.993995468796268
1084,2024-01-02 05:15:00,-1.9059888985306828,98.95229331482045,9.90496513011841,-1.6419227498903344,38.51142281198161,11.423861772960826
1146,2024-01-02 05:16:00,2.65380562740724,90.95459170537376,0.04320241107772116,39.99806294659466,2.6772439244573345,7.996005438900919
1623,2024-01-02 05:17:00,1.530409224789751,52.86745419847278,-1.1542437870099933,26.104239856032468,11.284501950187645,4.601765388305084
1380,2024-01-02 05:18:00,-1.7518526236005068,49.726867273002796,0.30886134763939843,34.89118811456159,16.88679082637934,9.225307839590519
1914,2024-01-02 05:19:00,-0.973735351654653,43.748162742398804,3.861720109541592,1.4745737138708321,6.72419758399192,5.562527775786586
1547,2024-01-02 05:20:00,1.8580455485284393,32.19255360303051,8.664857299347476,31.03456185028159,45.68710112856699,12.038869233833315
1284,2024-01-02 05:21:00,1.1740659792920338,31.046692528160726,6.817963752966417,31.59956856946451,31.129640896748572,7.385947832071194
1699,2024-01-02 05:22:00,1.5947057562943456,30.582696640768432,7.633617086135521,1.8170016695774116,43.78225774564125,8.267954787726497
1081,2024-01-02 05:23:00,-0.35279338672240534,29.129180574942282,7.885129160257865,2.263188104234308,34.13439794158307,10.253581192790497
1513,2024-01-02 05:24:00,1.2988575758530017,39.24096339244295,8.80792594670301,8.295304725481046,49.59807575958272,12.087910457390091
1896,2024-01-02 05:25:00,-0.681037662816518,44.533490425049315,-1.4739315063668017,4.75543514360829,26.305124663146902,7.89739642061245
1814,2024-01-02 05:26:00,-1.7324224983708214,96.92631768311327,1.8754904655615334,38.89344586254673,2.7827857406366983,4.245970396220783
1708,2024-01-02 05:27:00,0.7960622090481597,66.27786008015086,0.7779649986466977,11.332472513639551,8.126846353448306,7.379016498974741
1915,2024-01-02 05:28:00,2.8560835535927653,99.00766196106248,0.728154919202507,29.25878852952431,29.462789832238812,9.687330205288132
1522,2024-01-02 05:29:00,-1.1363941716280224,49.79735582605386,4.784254775532773,31.227286156720268,17.45165409897641,8.118517786011685
1745,2024-01-02 05:30:00,-0.23418244672476218,56.610130607155284,1.027045904766151,12.367339921960355,5.733350768167648,6.6075896665908855
1385,2024-01-02 05:31:00,1.0440082264191215,45.96629273322233,4.2449545887580555,25.716349942705097,11.983173121740576,7.2885351493261625
1706,2024-01-02 05:32:00,0.24903769273492715,34.631012071724214,0.7341904559171173,-0.14899365969228118,23.781079445338833,5.104679103198671
1470,2024-01-02 05:33:00,2.060566774254296,31.453176622206335,-0.33307725913365527,12.863292316687119,25.95727532379552,10.459817058709888
1118,2024-01-02 05:34:00,1.570456238817096,95.60633582462656,0.2961576766477112,38.52897970427049,46.735604814287704,11.549161882719226
1395,2024-01-02 05:35:00,-2.6502167768258578,98.94485454390046,7.056355840206397,2.5838794261121647,4.624894490507119,6.156944362900817
1531,2024-01-02 05:36:00,2.990527403542644,23.592759720698524,4.015765543433364,12.357008711528408,17.95459176335331,7.173342630641425
1260,2024-01-02 05:37:00,1.5144147223168032,32.027669978541326,9.609965995249217,30.573467945141466,25.351855648417306,11.05697981243817
1804,2024-01-02 05:38:00,2.1834198977646793,53.881927384081806,7.48984339569599,24.944046470970708,5.75205229051257,8.257386486317081
1933,2024-01-02 05:39:00,0.9071862725720781,34.90667810755259,2.286709125010617,23.418337070847933,34.421320961506055,12.65987643197619
1255,2024-01-02 05:40:00,2.1377107682805736,49.11043149015066,-1.364354973588862,33.396585670409,25.799901756731813,9.35318759879815
1733,2024-01-02 05:41:00,-2.3257021504277438,30.32770798877067,5.108636671827178,-3.69077706393361,23.029644693151198,9.937438582139938
1904,2024-01-02 05:42:00,-0.9135729866441062,56.520940537743215,5.899690409679035,29.70239656818965,32.838420634221286,8.084168816911422
1225,2024-01-02 05:43:00,2.2585256616269564,41.73556929354074,1.9626396968793856,34.71470676471182,14.461953083096205,8.087585669878987
1052,2024-01-02 05:44:00,-1.7900687323986466,48.152404460692864,-1.5511680138396393,-4.2721485126711425,17.032422373961456,9.408906256169868
1939,2024-01-02 05:45:00,-2.5305474085198636,27.54501211701981,3.358574767948978,20.15333279982875,8.218655066208783,7.551682929925512
1866,2024-01-02 05:46:00,1.728713639671314,54.25024405681134,-1.1925612146083004,10.686481834478375,26.233925821711214,10.22909083293633
1499,2024-01-02 05:47:00,2.0129169338597777,98.66060887692558,9.099974764456565,-2.7156781033905775,18.683196812084145,6.37324772842219
1505,2024-01-02 05:48:00,-2.0240866908605963,46.306643750495226,4.433263720505792,13.798665369316453,13.09051010989412,8.85600532955901
1853,2024-01-02 05:49:00,2.1260758966962925,90.11434198739481,-0.6210355749617777,23.981356352734867,6.324636166942157,7.636951076627193
1363,2024-01-02 05:50:00,1.1206067735830176,87.45593132989481,-1.7640396749821314,36.35561342152266,1.2589376928315092,3.7228383513307715
1279,2024-01-02 05:51:00,0.12049609929950345,96.16467346377685,5.750849250776813,22.92387189232321,9.748278344918436,4.550793726637501
1592,2024-01-02 05:52:00,1.98150115668831,83.20876098136756,5.616899203626295,33.55343867001942,12.446567221638373,7.51020737118437
1713,2024-01-02 05:53:00,-0.48450450408620505,72.76774616470519,3.9569834726286235,0.47071780035542776,24.32327170675664,10.192328479707994
1157,2024-01-02 05:54:00,-1.8360362626596167,88.52675553819661,4.21451537768832,4.473452538541039,12.125731510541035,8.054633728237233
1631,2024-01-02 05:55:00,-1.2908839403363181,26.05157445258797,4.058035042384345,38.663178889655555,40.900909334007494,7.701402383398199
1058,2024-01-02 05:56:00,0.030984109759888856,57.02645257590462,0.40155170215775815,34.93303106153997,23.759031617411797,8.504752649374197
1726,2024-01-02 05:57:00,0.18798475603905462,99.14049908920471,9.0612161501121,5.5852128859011465,31.22815713940599,5.293596647811561
1127,2024-01-02 05:58:00,1.8334849586474018,81.56801210357858,2.1891769639437664,22.943824680891076,10.476123389502956,6.025271730316817
1735,2024-01-02 05:59:00,1.7481163419140069,96.96603024297785,-4.695081497816153,11.318474133783962,20.86479363582049,4.123602240275165
1720,2024-01-02 06:00:00,0.48819934322744896,82.37074849067832,0.22542013582488085,16.08693289279759,30.178590112529246,6.369757373954401
1881,2024-01-02 06:01:00,1.6847129001928582,89.99055739537154,-3.045761320286007,33.73951670915305,15.621189807826097,6.268250695108344
1114,2024-01-02 06:02:00,-1.849359250237974,76.52237058425527,0.450756865718251,28.10706745598648,16.876250704410747,6.4026182846615045
1208,2024-01-02 06:03:00,-2.6996128374402337,80.84016035337919,4.12393727553599,5.729915277404292,40.39051665874285,5.777707476230587
1525,2024-01-02 06:04:00,2.2418029358082006,61.85424078716005,-4.660032882171138,9.21968836135971,41.87535037914177,9.543019912164803
1520,2024-01-02 06:05:00,-2.546673037423383,93.93901606513063,8.053007968418026,8.0369706918549,26.69375252784932,9.017677030053745
1551,2024-01-02 06:06:00,-1.5198694215360162,86.00311284986893,4.154636777022633,30.129825025333496,44.83089668992422,10.589561568383713
1961,2024-01-02 06:07:00,1.171913697746307,87.51079725325057,-0.5694218561150786,17.053978951157408,36.860431949517334,8.902760785588923
1236,2024-01-02 06:08:00,-0.5433123742361454,73.84072807704419,-0.3319223911357758,37.782593816097375,2.8595491358761094,7.622041589098502
1280,2024-01-02 06:09:00,2.2578838194930526,44.36639576697992,1.9850226477422614,31.75092297530729,28.017725006205644,5.833165639430169
1358,2024-01-02 06:10:00,-1.2121212320263828,22.850383631211145,-1.2786229099730977,4.503749388456161,34.91988554060273,9.99626424629132
1200,2024-01-02 06:11:00,-2.928771919983844,94.85241035276357,-4.934871083585807,30.367425790954734,27.09015309327337,4.991297842394957
1757,2024-01-02 06:12:00,-1.1960661566355353,66.88962790443975,-4.601638277311052,17.77357062462671,41.615594930857206,8.232524393967077
1277,2024-01-02 06:13:00,0.46845029510898994,43.85143769185122,0.36611007958029784,6.416955678131725,15.111772780416741,8.292442973950239
1234,2024-01-02 06:14:00,-0.7443697475802402,31.930808627803025,-3.1366748508708757,11.349928426805054,3.367408744055817,7.845493714215217
1493,2024-01-02 06:15:00,0.20923653455253177,86.36185324006037,-4.6645448802937715,38.74567525345013,31.717664386377876,10.493709818358942
1003,2024-01-02 06:16:00,2.259588713010112,86.92161555580631,7.889039050522605,16.778264916285618,36.56695059098557,10.196942850400742
1665,2024-01-02 06:17:00,2.4749103253822113,85.16063745044252,-0.8879402953572022,27.382263232479836,38.286168027729104,11.55474475312347
1441,2024-01-02 06:18:00,-1.4041556120753274,71.6066153573429,2.5468386575020183,16.468838282324743,0.651920119435999,4.365146251014142
1028,2024-01-02 06:19:00,-0.22715716038059597,49.28123100735007,-2.3088637371256526,11.720077323075365,33.701574591414214,5.711111968381929
1108,2024-01-02 06:20:00,0.29486409144870684,44.32562278242056,-4.299125416343566,30.838900821671132,1.1343164366789054,6.284431847983765
1609,2024-01-02 06:21:00,2.6946747413294823,20.684381609453617,6.172994492328721,33.17459582987783,38.76182222873649,9.442402142606818
1726,2024-01-02 06:22:00,2.9917039149863083,86.68860469505923,-3.125647180298249,-1.7649875450358348,35.184946517516586,10.865903761066688
1804,2024-01-02 06:23:00,-1.5875565069508402,26.9946157994914,-4.61424646394512,7.553991510924982,28.413953791732823,10.598281627533193
1074,2024-01-02 06:24:00,1.3618792280748924,70.46039984326141,3.808454923951148,17.85419714338963,25.36558785817481,4.284791594180146
1837,2024-01-02 06:25:00,-0.7318136266008288,60.32599574720707,-4.797986413678256,9.242398634999493,35.783882366208374,10.475809503356139
1145,2024-01-02 06:26:00,-2.9513508186827204,62.13514871410809,1.5442891721548238,30.261235223233903,2.954045887012291,9.360881927825831
1127,2024-01-02 06:27:00,-2.944484865384586,94.13702762462187,-0.6674592728327573,0.16300123369908892,41.62624942934521,7.815140983200756
1852,2024-01-02 06:28:00,-0.23660395462646555,22.52920090169937,-0.20873022593370738,30.9009228828958,10.141186776466197,6.117238867443378
1041,2024-01-02 06:29:00,-0.06999052197399225,81.87137797030178,-4.941514353289554,22.804888773769317,23.941664269979515,5.532210391135073
1355,2024-01-02 06:30:00,-2.8645818205593443,24.16419186938457,9.465191205741931,8.021547334186735,24.391291294565914,8.643203093219483
1040,2024-01-02 06:31:00,1.1215645006458148,23.052288474830178,2.7544465372530693,10.50046097985306,38.878464298752064,8.633142692819407
1933,2024-01-02 06:32:00,-1.2359796684302813,54.385415851310555,3.587681995625257,3.2304619791940645,9.730254412972545,8.023035509670702
1033,2024-01-02 06:33:00,0.3593586092156964,25.046013947437338,4.991837273680419,6.365803013416201,15.057511973059386,6.646204174713441
1016,2024-01-02 06:34:00,-1.1944855610074874,83.13151610343297,6.962826865746504,27.27709910421234,33.1890872355739,8.384926951565202
1676,2024-01-02 06:35:00,-1.9971941107841569,62.365047491866974,4.118636744637637,11.914786324353685,20.697309891470717,10.05456227061201
1152,2024-01-02 06:36:00,-0.556957568406748,22.323102612781955,6.4329715823996345,25.9367862409172,15.013294790506555,8.702046057373325
1997,2024-01-02 06:37:00,-1.6063598112569955,23.24005491855356,1.7310294154431345,18.134839349578662,31.109018801414578,12.567128391937885
1377,2024-01-02 06:38:00,0.20880586151500857,69.01348237915835,0.5691271060673238,1.5383987339766572,4.419952293796074,5.213286479964272
1587,2024-01-02 06:39:00,-1.8070288182811203,84.4889454126724,7.347008612232775,17.458179150986144,39.50995073875524,8.527727336416701
1598,2024-01-02 06:40:00,0.05043585986776211,55.023962501981885,7.979657862601945,29.04114306291848,26.2849859399913,8.7127085992723
1628,2024-01-02 06:41:00,-2.0557289107867946,64.36645372284995,-2.932899953195993,8.395397712594596,10.380423414505296,5.4384055478368865
1873,2024-01-02 06:42:00,1.0258482569147098,83.98635632399213,3.1399028044009167,24.163674910911762,20.484944273298815,5.5010414864047945
1341,2024-01-02 06:43:00,1.5236261066485444,68.84049392334553,5.25463645729239,3.9564694543768777,6.6407323837802785,9.206364396042332
1980,2024-01-02 06:44:00,-2.3376345945003973,37.98081901270556,-3.7460189505204977,1.1064531062537961,30.867397535174632,9.592052056142263
1026,2024-01-02 06:45:00,-0.19318552777596487,69.0441620695583,8.943952251141274,11.21017587807805,33.498101502787044,8.037963077668422
1824,2024-01-02 06:46:00,-2.5747697960707585,70.26235672521707,2.8016465907569614,12.514161716485162,20.323767812223572,8.172127877221568
1286,2024-01-02 06:47:00,0.5890946732520144,78.72855847049013,4.681861259751283,29.245433366519606,17.050555363557137,8.0729406286098
1645,2024-01-02 06:48:00,-1.4135742124221278,69.6699350045441,-2.326358778644695,15.703543807052139,42.50425898214365,5.682262270117567
1730,2024-01-02 06:49:00,0.16574674103224707,97.53937043664304,-1.0334796506685908,-1.3444297101131122,28.84585526118432,6.027905687816232
1167,2024-01-02 06:50:00,0.10476605630574731,35.783064697365475,-3.184981749781965,23.52997742599279,33.384361475053,7.007802182081379
1609,2024-01-02 06:51:00,2.5461260771628025,96.0872543653661,-1.0400191721916672,16.116396693972128,6.463203758757227,4.052203461403983
1267,2024-01-02 06:52:00,0.2944993354123371,63.0671592280013,2.385951479376981,9.923944025439226,35.69493218365278,11.888780528887779
1748,2024-01-02 06:53:00,0.49799087830989386,73.75649123959296,7.5044439918594446,31.099846387494374,22.286077648702573,8.961075992809807
1820,2024-01-02 06:54:00,-0.5900812454137183,27.956927796175187,3.0058512253054523,1.9473155602413001,18.396754297073006,10.717200297291898
1454,2024-01-02 06:55:00,2.694477619096901,50.44607531024856,-1.3330460265335589,36.09455547900835,46.47726956247519,8.544546844158976
1905,2024-01-02 06:56:00,1.6631154566376578,81.55033171705381,-4.33068387663908,10.032767064269999,2.791305961078941,4.803762031997522
1684,2024-01-02 06:57:00,-1.2875682581829506,76.55288120791923,4.329547538605068,15.742365017918246,9.860759604482627,4.537616515995136
1400,2024-01-02 06:58:00,2.065257514657392,23.211151053232815,1.3023984604997203,36.81548480020862,18.81450029574338,6.0415082517569125
1921,2024-01-02 06:59:00,-0.40562183888946013,63.72754107977957,9.76530800225605,29.25579242819684,16.269600846407506,6.706963057466857
1980,2024-01-02 07:00:00,1.9720028612015632,27.062255437472757,6.696398281175394,-1.656390478783118,25.583124117186813,11.278899938089829
1475,2024-01-02 07:01:00,1.9373284097610117,99.66851433425299,7.1254422891005404,21.023358643991678,20.105012422792033,9.885100506778718
1701,2024-01-02 07:02:00,-1.8667788794228737,91.78372708266357,-4.816474656794048,8.966329225293775,39.4356240361285,8.457139075556082
1633,2024-01-02 07:03:00,1.206846788301462,21.686452834282957,6.666929993560856,17.881971242832403,38.42322760301171,9.851653607108915
1557,2024-01-02 07:04:00,-1.2561421841608134,88.69196631221047,-2.080800339867608,28.433606873537258,38.6415013242438,11.749348641000495
1575,2024-01-02 07:05:00,-1.2150439800439907,93.55436804467261,3.7869380843245875,17.32778112633925,18.53079217364282,4.297093352614426
1129,2024-01-02 07:06:00,-1.2219115387165156,48.28385780507641,1.71132358473578,-1.804015537472969,20.427687040296313,7.396906670171553
1821,2024-01-02 07:07:00,1.3534094853596894,77.56013240382127,3.574057758665198,18.84912333743577,36.05105023302452,8.418364049919722
1362,2024-01-02 07:08:00,-1.6210437492447836,55.368299696622316,-2.998347058655057,-3.9141650047935332,6.297498482707848,8.389943942256897
1704,2024-01-02 07:09:00,-2.9945649885234586,72.41859876610752,1.8533752211671946,10.678421081197357,42.61078889621626,12.646002677075009
1818,2024-01-02 07:10:00,1.2914211208957989,47.22539234385532,-4.445829710725054,16.51137353155443,27.108786066878388,6.591366590940115
1692,2024-01-02 07:11:00,-1.9728915369892484,45.80473893066147,-4.385009777605538,24.010310351948238,42.44240650020128,12.849326970047018
1291,2024-01-02 07:12:00,-2.373105628152992,53.954711108606325,4.866071961611048,17.779305442975613,39.70078874869209,10.66137834839234
1370,2024-01-02 07:13:00,-1.5749032764356392,31.64542069220009,9.275475602082699,1.8376064746225982,18.78171596023641,6.668157764175994
1793,2024-01-02 07:14:00,-0.7205968660637758,86.4911171548306,6.660893780571747,36.94979037824688,5.167829528951944,4.942836278688068
1028,2024-01-02 07:15:00,-0.1445620351607957,47.895831628930935,2.0373367085646557,24.26348527380139,46.04942901641801,9.191120469397303
1148,2024-01-02 07:16:00,-2.732579755724215,52.01196431246761,-4.161938898614406,9.26355033062084,17.29580695085784,11.5729264172029
1778,2024-01-02 07:17:00,2.823439995764163,91.52436901617156,-4.324697758143437,38.467286280896865,18.74971035879368,4.79334455798911
1295,2024-01-02 07:18:00,1.2963783205173485,59.729905125053705,-2.6316160833791287,34.71599240990454,45.46152020235142,10.626460322034474
1010,2024-01-02 07:19:00,-1.0608356080539831,63.540312748069034,9.637157559010399,1.4570539905173767,45.87562542563758,8.952023206549384
1511,2024-01-02 07:20:00,-1.087816456287616,96.51984998216788,0.9799159966174473,24.49430927979536,13.21901872602317,8.166490034472854
1675,2024-01-02 07:21:00,-0.3087447037892437,90.93811065159913,7.651109378089677,20.203125343894687,4.538918404238653,5.703580604314727
1112,2024-01-02 07:22:00,0.7574689365781975,33.55733671107516,5.577136584228954,3.6764015298787402,0.15529050890021004,6.47978623977172
1186,2024-01-02 07:23:00,-2.1217616004661934,57.857202393448404,4.081429888240994,5.506381322006304,21.970894782635625,10.465080838275181
1806,2024-01-02 07:24:00,-1.866421117410286,97.70369819428365,9.217391674806125,20.36981980979364,28.471812741206474,10.601752825073778
1743,2024-01-02 07:25:00,2.156607497001305,49.789303858288214,-1.5438264407146707,9.457972795028967,13.589866356294122,10.035238252620442
1226,2024-01-02 07:26:00,-1.4624704566655646,49.72584868129601,1.8233449370373043,32.56741439928199,13.061507589830939,4.828002458906044
1309,2024-01-02 07:27:00,-0.7188300121489348,35.602418543132345,7.970844485118931,-0.601734411217663,17.903573765358914,10.413662011788063
1097,2024-01-02 07:28:00,2.227631105700702,29.145849129530017,3.2764196146336566,36.13138479409506,13.22794663737516,5.97123863392984
1054,2024-01-02 07:29:00,0.9788869763989352,79.22438326047853,-1.3033229056083346,32.82486470807304,42.93607638715699,9.610303164823113
1622,2024-01-02 07:30:00,-0.9497287239498702,81.60243749612133,-1.8662537473658478,28.2380567401186,32.17783531652894,8.669674274666159
1663,2024-01-02 07:31:00,1.1021972743477244,97.52103708023999,6.293215015634516,6.815526292082364,41.464446960823416,8.658581627432296
1757,2024-01-02 07:32:00,-2.8819007077115177,81.87345687242905,-4.808166586218669,27.17310352189535,43.03786465531507,10.19220971687616
1405,2024-01-02 07:33:00,1.413855960068192,39.4681995226879,8.712881161043246,14.744640082838451,21.806996305706356,10.896748693532363
1068,2024-01-02 07:34:00,-0.0779037569025629,23.209326263081238,-4.723730178271955,23.519105375312478,23.931114686635663,5.9016642696624855
1311,2024-01-02 07:35:00,1.8790928837067673,98.83499074957282,4.464835703210563,9.064948774150954,48.89319797476297,11.360065385559949
1288,2024-01-02 07:36:00,2.72782591203881,47.236055643488456,4.07121942163011,32.61360342136129,40.860311626956154,9.280492994989041
1761,2024-01-02 07:37:00,2.55473129696741,44.95772339459366,3.676167265821716,-3.174075530650487,39.91492660922285,7.296221457381898
1547,2024-01-02 07:38:00,2.455590260732045,92.4764167799506,2.1151457630013333,26.115688601316258,29.22728904290493,5.555427440676478
1750,2024-01-02 07:39:00,0.07301973560332264,66.80799188359889,7.786454990329167,32.28840581724915,23.111397951375483,10.76063355800299
1147,2024-01-02 07:40:00,-0.8391473151663718,37.18969390793077,4.889993054357264,24.089265182375463,44.74107376274619,12.055051833273444
1466,2024-01-02 07:41:00,-0.2097880516159636,91.12769941729917,6.727934222490903,3.639630195819061,40.24739238320178,11.042373330229424
1738,2024-01-02 07:42:00,1.1393760198801646,99.46886840437946,-3.2671729103121527,7.824135090111836,25.887766475990023,10.279639618148527
1243,2024-01-02 07:43:00,2.3039866612271203,26.934284892066458,-4.251520438138364,18.17073825262377,13.597491018505048,7.5434454324342575
1490,2024-01-02 07:44:00,-1.7580821819992827,88.98013026419898,-4.5720723660533205,9.825208117250941,7.449242257427685,5.07655885353574
1848,2024-01-02 07:45:00,2.5091589507702183,51.24125581475152,-2.791910217896109,-4.778761023176076,27.680014856875758,10.082712151716356
1957,2024-01-02 07:46:00,1.891081391819334,61.92579572053635,5.005118353816236,-3.169484939995355,14.871897988915691,6.388585149566278
1506,2024-01-02 07:47:00,2.8731360910694077,93.18527806119846,2.4103263361175618,29.549579395450387,13.284367729036683,6.537167889892768
1364,2024-01-02 07:48:00,2.281510639690123,97.87033566200938,6.283783842431063,-1.2331768243386083,5.378733094599888,6.211877007193994
1481,2024-01-02 07:49:00,-1.32037602184856,40.97311283270395,-2.124044948868388,36.76098350372043,1.8201887225936184,7.894795659307646
1200,2024-01-02 07:50:00,-2.3642645319357136,37.0280616767931,0.5044456295569235,14.923140065334888,39.18935574620407,9.812035153114556
1153,2024-01-02 07:51:00,-2.3265535680504685,26.44132468732095,8.327463228243175,29.11839872639652,5.488454829339903,6.599518898747238
1449,2024-01-02 07:52:00,-1.2526600885303434,64.94382821297104,9.035718190428,0.6477068230873186,44.441612386504175,9.352604081006575
1500,2024-01-02 07:53:00,0.6851023439072357,21.08835163605346,8.825937324837575,36.69283390346672,10.767762098957176,8.700858033601582
1072,2024-01-02 07:54:00,1.8259219565830351,52.951863808794926,7.274575663011438,-3.4786026571030377,38.00781705067105,10.54943466028892
1712,2024-01-02 07:55:00,2.395501841889388,25.870721332160684,5.323538178968379,-3.103827767169971,41.167674062492864,8.289697743246798
1295,2024-01-02 07:56:00,0.7425203062153969,52.41806263434672,8.705168410411956,-2.543639890413947,39.648540512745925,12.4745801798007
1016,2024-01-02 07:57:00,-2.966212123511678,23.19457514124874,5.712723877489585,-0.34663275664328275,43.65550542133282,7.730578109920919
1640,2024-01-02 07:58:00,-1.882099340888799,86.8173808487015,9.309043730882406,16.907423974866003,17.05207076600667,6.7724112676489625
1216,2024-01-02 07:59:00,-2.4016427768797923,36.77911951508527,-4.628175019446673,30.47243989517358,49.295834966493864,12.794258554719162
1060,2024-01-02 08:00:00,-0.8200531465859395,46.26469682863296,8.824631288418656,7.822652415534899,14.051775560445964,8.66692269462744
1938,2024-01-02 08:01:00,0.00810596180247547,89.60383972851135,3.336108042090622,28.5599569762118,46.72147468590681,9.382848322454567
1615,2024-01-02 08:02:00,-2.739616928528635,79.7012849065764,-3.3230337226931264,29.83274386458354,21.92826073331802,7.9129512907553075
1041,2024-01-02 08:03:00,-0.9091321452260681,37.523068931364676,-1.7763309539405796,35.87247984332907,2.940906461034144,8.523481068630458
1024,2024-01-02 08:04:00,-1.9249219522480645,25.751953492599682,7.782389258723704,1.7208364066495596,39.26733181832135,11.74293271865264
1038,2024-01-02 08:05:00,0.8824209975532433,77.25390214842716,2.5917543226977395,1.0990529065454329,39.3918005643633,10.828358589366184
1802,2024-01-02 08:06:00,-0.2143657840539599,51.25620405504875,9.742265852428549,0.4942774990353067,9.945164934189313,7.923096201308915
1130,2024-01-02 08:07:00,-0.028094118396547074,81.2863999294577,-3.2370333574254344,11.168977407435563,41.19327116181925,8.306169591048748
1497,2024-01-02 08:08:00,-0.43384927179923327,55.623581790016836,1.1875519585019374,17.023569888639088,7.9632122073113205,5.011134099824871
1228,2024-01-02 08:09:00,2.736118262919402,47.68019303778211,-0.02188335378859918,15.772420975702758,7.656439782485944,5.910012792141988
1107,2024-01-02 08:10:00,-1.7115892492706206,56.09643265699172,2.7420315409738265,6.567192912990755,40.46507246790467,8.48436791566078
1171,2024-01-02 08:11:00,0.09998555906324569,79.88471885365414,4.501567283045777,22.98908314585749,14.581934302946314,7.150985794848522
1434,2024-01-02 08:12:00,1.4161042101920156,92.17762292322993,4.924442040724816,10.222313381524483,3.936203974563245,7.872350793385741
1477,2024-01-02 08:13:00,0.3410664788073756,23.981375727086043,-4.980561801323329,11.473734463578396,47.82156489759495,9.81029821790372
1101,2024-01-02 08:14:00,2.5741253143008063,61.92892329815641,-3.6655934932764813,-0.25114717388332863,27.896303780867353,6.122334591150322
1865,2024-01-02 08:15:00,-0.7321898661522948,22.62683432671021,-4.474042495160722,21.650410079098403,22.459066722672933,8.683785025314563
1523,2024-01-02 08:16:00,-0.2179451653609319,57.4727636019487,7.96898719597416,24.487616885273102,25.255091188666924,7.6019300214298635
1274,2024-01-02 08:17:00,-2.4688661087116293,90.82262632775203,-0.3006162026051662,29.107759920771656,33.55546883154056,8.708341453709972
1612,2024-01-02 08:18:00,0.6539946663115712,48.92722131362477,0.5059516281454641,35.68041459072297,43.09713266355259,6.562191054913204
1043,2024-01-02 08:19:00,-1.2707281893113638,94.59603368645146,1.7555687342003896,29.47020050456573,33.661686526548465,10.293331654854661
1954,2024-01-02 08:20:00,-2.038145762906587,70.44867773204875,7.739565958803636,5.608464976753082,37.00236700917743,12.625013757427745
1816,2024-01-02 08:21:00,0.2671877574270485,94.7324275034405,-4.787506085567976,5.60448217589664,9.089638694925723,3.794028816786774
1956,2024-01-02 08:22:00,0.19386158027946365,80.57333003300158,-3.220725884302244,36.17892380028536,19.266244182394868,7.810073782485971
1016,2024-01-02 08:23:00,-2.5447701526557145,28.274813331900983,5.277446832113505,30.556010623682774,29.282008671248395,6.885730501616039
1329,2024-01-02 08:24:00,1.1892927209668365,38.49210940501416,9.458387840613955,30.201089363990718,31.00838403428694,9.13613253648871
1568,2024-01-02 08:25:00,0.7426331439051173,51.5336363666805,4.641796319455114,27.387114704974117,13.607586275411473,8.077652299607799
1822,2024-01-02 08:26:00,-1.8658963035210168,33.60855056096608,-1.0831479729871516,7.024089606420159,48.7516143698024,9.097571620063423
1496,2024-01-02 08:27:00,-0.18339082707573695,59.59292838213284,2.79796643179926,33.13346540831705,5.997480010845025,7.506718787490305
1814,2024-01-02 08:28:00,1.3219374988713595,57.70945245611925,9.624707133721515,1.4298105136056725,5.702689573008931,10.720309494191802
1011,2024-01-02 08:29:00,0.17661444324765885,96.5007358421905,2.921148198516864,10.750792418405657,11.534594921840815,4.256848194739228
1317,2024-01-02 08:30:00,-0.6270655428985785,54.69823063167822,0.6026144459230363,10.591354297139329,37.720271936423295,7.174982175652501
1591,2024-01-02 08:31:00,-1.0659692515143382,82.85014434303983,0.7513833225808044,20.20594637686156,1.9239092940117932,7.646781311156796
1215,2024-01-02 08:32:00,0.6623631998643216,95.35284358811839,9.50550262887596,15.854960019800988,49.39450235231874,10.30073265985551
1338,2024-01-02 08:33:00,2.634652189861443,90.15910647791884,5.783747900975587,15.691365989494177,49.38769938167155,12.61548517447485
1775,2024-01-02 08:34:00,1.0304690428649002,36.69340996092735,5.307592834330709,19.910759407581626,8.068241411703562,9.53866870155111
1990,2024-01-02 08:35:00,-2.551524578182107,59.68239154028354,-1.5191851746387979,13.693830471045796,20.120043386481168,10.891553003313893
1660,2024-01-02 08:36:00,-0.23589015910719713,47.819182583674056,3.3922695664536153,6.249245409298101,10.275475239675169,6.399180470352497
1080,2024-01-02 08:37:00,2.3449447890637654,51.98869561097724,0.35117797783470195,24.885432299530176,20.459959096619365,8.9948974325036
1726,2024-01-02 08:38:00,-2.4332254451934787,48.864546099660096,-1.3969771121907524,30.578502047728108,26.68985443113386,9.7004619798156
1484,2024-01-02 08:39:00,2.93325427282526,86.10873681400034,8.433284290211567,16.554814548006522,41.154324364647266,8.916700631444735
1373,2024-01-02 08:40:00,2.694416361872528,56.171124409795794,0.7473371314392017,24.226743402152824,1.8867841605934204,5.207609221813197
1975,2024-01-02 08:41:00,-2.530353115620745,61.895546579575054,-0.7581925629290334,19.091347682036623,49.34619379169926,8.933527567834226
1709,2024-01-02 08:42:00,2.60047992269733,98.59578856376598,8.97580594912552,-2.3451602658303896,47.03409169726996,8.49542125273396
1199,2024-01-02 08:43:00,-0.8212044584432268,24.798341775321315,-2.039804053158119,14.038809770386127,28.563823217059024,6.772818109130372
1536,2024-01-02 08:44:00,2.0682550024551754,59.03661118325991,6.18257177074784,-4.556637521521822,24.096729302698762,7.341726181895562
1465,2024-01-02 08:45:00,-0.4896999737203709,81.92493655568929,4.791207166963941,24.78456751741411,27.577173198042033,8.70413696691999
1088,2024-01-02 08:46:00,-0.35486932378490454,32.092956655058124,8.807266425584283,17.867266144807065,1.0202022284862708,7.331619007578251
1267,2024-01-02 08:47:00,0.8054585458652559,68.92252756918191,7.480707063509174,0.7074190830863616,36.91036633041111,9.444373884887353
1654,2024-01-02 08:48:00,1.6468645156559,39.15718236275734,5.579428269094622,19.398618943547717,24.872155617959642,9.583351965404148
1570,2024-01-02 08:49:00,-2.797265094310508,89.39232905796541,-0.28142508954356593,35.42917013625952,14.37339198143772,4.074468160028596
1921,2024-01-02 08:50:00,0.5589359731628054,46.16797323200635,2.4335351690582376,10.322084414992819,23.13102358547582,6.022625961242617
1488,2024-01-02 08:51:00,-1.879602035415774,46.325025352072764,9.167436420207697,39.20659448048349,14.699133331510927,6.738030293607908
1876,2024-01-02 08:52:00,-0.9243028928207826,67.85551028143148,-4.651960541277597,38.17209580339753,35.02754354665119,10.01959538532778
1537,2024-01-02 08:53:00,-0.9121880030687013,34.6850326495927,6.914977357300584,30.33894291054198,30.76026676785435,7.706959442088675
1046,2024-01-02 08:54:00,-0.18563795867307853,42.791091112244885,-1.2228447431918097,31.620999001852994,19.465820694593944,6.693582460419045
1287,2024-01-02 08:55:00,-0.9951815287429597,53.33054800955292,-2.2247458505931244,13.474541208992903,15.78067290536445,8.705625428146547
1777,2024-01-02 08:56:00,-2.3558332892959934,48.29102905120883,-1.5166307836652066,13.114349288369056,43.91402855432688,12.49056077662667
1015,2024-01-02 08:57:00,-2.126227568847291,61.990177440446594,-4.103735127547293,37.94788112201467,34.14370831805064,5.533765145229083
1710,2024-01-02 08:58:00,-2.799372086633414,67.9712115255173,9.879697364292518,11.478831229913894,35.81751267676505,10.539529764244964
1400,2024-01-02 08:59:00,-0.1785054880274739,65.33339630001316,8.048037148377174,-0.6407199917130537,30.96841903725172,10.132185083681897
1918,2024-01-02 09:00:00,2.726686169117931,72.33346495935459,2.8158395294834104,1.8715489686069269,3.854004456707743,9.456129324588908
1793,2024-01-02 09:01:00,-2.3059486581113005,44.61996132862562,5.726547678356379,26.967953433681494,3.0571980862924613,10.948715750753498
1980,2024-01-02 09:02:00,2.677586958018492,30.114098172402244,3.3489304438526144,12.234142079033997,21.515658768506633,6.617609865483844
1085,2024-01-02 09:03:00,1.4001690883925608,80.86460331448617,7.173684166762484,3.9704277870486706,46.53194785708389,7.333620591600839
1249,2024-01-02 09:04:00,0.8249928176049792,88.06243061045456,7.671477873355171,31.620375790737867,26.28293313703873,9.896607684693718
1390,2024-01-02 09:05:00,0.8716665319413774,40.560498577794576,-1.508143577701981,16.99030708029815,43.80663720336204,9.372411478876744
1781,2024-01-02 09:06:00,1.9603658903776928,52.56735649264158,1.896216559753686,20.543854214640294,4.917837117599188,6.353451004598715
1334,2024-01-02 09:07:00,-2.358480813721072,59.885537357084424,4.522716012843565,1.9277209592547875,36.240627639239676,10.57743235175287
1628,2024-01-02 09:08:00,0.028525941393250598,62.666147420234914,9.676612459124126,3.673939063717265,12.342358962544477,8.926295742452913
1518,2024-01-02 09:09:00,1.1825468295645507,72.75921368701215,5.240340686442471,0.6635216638212595,26.272358374140573,12.06332568500795
1136,2024-01-02 09:10:00,0.5209226704413821,23.328258668425708,8.46452516116236,18.1544259655494,14.716761410668381,11.884421902500273
1882,2024-01-02 09:11:00,1.9966744261397675,77.71816661872137,7.691680764806314,29.904565527726447,35.64543466410352,12.638539748878406
1687,2024-01-02 09:12:00,-2.5663697459318913,24.95768055835282,3.730945955178461,27.952835974666343,20.104363733249258,8.389513284067581
1839,2024-01-02 09:13:00,1.1442062369949957,57.46308541382943,8.404830400928335,6.755386923499536,23.162207775729726,10.566563369604273
1497,2024-01-02 09:14:00,0.20416638230830664,86.21369084553552,0.661325917378516,33.319758455753686,12.342734121758305,3.7793581460491934
1826,2024-01-02 09:15:00,-0.7250348161203393,56.097225062271704,0.6892529567246717,-0.2452618336813952,14.144754963789067,7.078301079933352
1726,2024-01-02 09:16:00,-0.9583501065958151,31.927179901459823,6.714484648640035,0.13224865374000583,9.055836966395827,9.501817115702979
1476,2024-01-02 09:17:00,0.7249957966451572,98.80270760047678,-2.9818450154748355,33.21869271718825,27.734547513672393,6.877342192946423
1593,2024-01-02 09:18:00,2.345972247865589,91.14283696594106,-0.4126217381237156,5.998880252915361,7.335348105969156,5.520706136141141
1222,2024-01-02 09:19:00,-0.02294444339330859,81.70509065800113,4.1285867631001345,26.86521300880427,13.483310322450881,5.373953711898684
1989,2024-01-02 09:20:00,1.9483389844615209,52.920928231936834,1.3009839830042296,-4.591418363524582,26.57002159693952,10.232100296922836
1371,2024-01-02 09:21:00,-0.5870617089361949,34.707658151143825,9.110855648323428,-0.7879510121381124,13.814081823971545,7.901258920398739
1934,2024-01-02 09:22:00,-2.3856332232409407,95.3128945134801,9.377591044287048,22.41799189250274,29.466133020742987,8.385161680651546
1994,2024-01-02 09:23:00,-2.6309655812481685,62.588090121371124,2.5387196322068375,3.2087179695057024,0.8067838224639687,5.632258323734958
1401,2024-01-02 09:24:00,-2.6919937720579346,88.18843683099881,3.085928355485219,-3.7303841159257,48.66381710622723,11.467643939927704
1442,2024-01-02 09:25:00,-0.7190991482539806,47.36760046075406,5.869406377356567,16.012604050749538,36.526443933383966,11.049264646761838
1489,2024-01-02 09:26:00,-0.9765734949849474,46.823065366357646,1.8589738785126029,9.87342246753334,25.240574514502534,9.040159419983716
1614,2024-01-02 09:27:00,1.3076221417354166,98.84323845392314,-2.148522980892848,31.101561763741486,46.049812202226484,7.835641453591688
1272,2024-01-02 09:28:00,1.456929009509195,61.746643879587985,6.204537529343961,31.847304599648687,43.501327439154394,8.931362368591925
1525,2024-01-02 09:29:00,-2.6948761869975613,31.255633908859703,6.066788340294973,22.649040454413942,18.391060565427015,12.296200899862981
1158,2024-01-02 09:30:00,-1.6732604226659102,37.57397423957659,-1.325283449123308,8.186518585590363,5.894845999639545,8.27488069350651
1151,2024-01-02 09:31:00,-1.3544288990466018,58.555542351417664,7.4937477967151125,15.773199306810273,12.686396364630227,10.217481766536888
1994,2024-01-02 09:32:00,0.2856719048568568,23.397672839072907,4.204737946302412,26.601521219707426,10.513594546260364,6.427802931306467
1619,2024-01-02 09:33:00,-2.1329086565582984,57.00271883026404,-1.4554758452695182,-1.8811151080114232,37.5278660335545,9.453167869665968
1187,2024-01-02 09:34:00,-2.196352683599998,53.51526736641021,4.780587162530564,9.962368974765628,27.450683636399017,11.630858613791172
1812,2024-01-02 09:35:00,2.662733335247748,82.34690122555895,-1.4958571056415888,32.00663654091273,42.51989933960218,9.985498056503562
1097,2024-01-02 09:36:00,1.825217443786686,48.39535715913934,-1.0215056887997331,13.2712844011158,24.536067448162335,11.53591130282923
1130,2024-01-02 09:37:00,-1.9160705874529782,98.60390092316794,7.720139602047341,23.110060509195964,38.511276240077194,7.864098166996178
1804,2024-01-02 09:38:00,-0.560593152567054,34.46159354407225,8.942373538597284,-0.6649533889128332,16.238799595930992,6.752375128274742
1170,2024-01-02 09:39:00,-0.8662680044546067,67.27893479745079,-1.1467601246268333,29.967068883282344,30.14732507056845,9.77369985774156
1935,2024-01-02 09:40:00,1.746024444392444,27.17594376066037,8.920765556277786,-0.4790529528241141,32.00606912802243,11.182333465382934
1985,2024-01-02 09:41:00,0.06127749886873257,78.70911871951856,-1.4180173024646976,33.768636452624065,37.98842584098704,9.943508551617734
1182,2024-01-02 09:42:00,-2.232901578039198,99.58029504495772,-3.240989516861215,-0.20295297996403416,39.99447118091247,6.460711717317799
1982,2024-01-02 09:43:00,1.4339523789374633,85.53109102013057,-4.126641828931082,35.09017434263545,13.89750181101335,7.019260157761237
1363,2024-01-02 09:44:00,-0.6186721306504861,64.45628325762411,-1.3683013875105003,11.36964434022168,19.314394275626253,7.92037682258097
1038,2024-01-02 09:45:00,-1.4224545142071177,58.779308591975365,0.7786981101585297,23.10388292984389,10.436041033649106,6.289507945547526
1526,2024-01-02 09:46:00,-0.7470082678756791,86.80239690134775,8.913225701639572,33.094774823730596,37.416935088734114,9.830951700575024
1887,2024-01-02 09:47:00,-0.01346061835862189,94.87792677685795,-1.3676300044095697,-4.539136055424504,13.609340356296686,8.481776650429953
1496,2024-01-02 09:48:00,-0.9413069014979434,99.13652206384744,0.48198017426340023,6.956192263283707,19.611858168938276,7.222287410607742
1515,2024-01-02 09:49:00,-1.548565364449453,51.72313820515873,6.012338121153581,35.87522445816366,40.171021130759414,9.679845696453626
1348,2024-01-02 09:50:00,-0.6089878271761178,99.27339798356098,-0.46888868019077723,12.46792272631654,17.05615175613985,5.507936146699541
1981,2024-01-02 09:51:00,-2.8849625355006108,32.47410017390652,5.2655222751937085,26.786916660893105,14.645865427471369,7.788716082174724
1920,2024-01-02 09:52:00,1.6349870765778833,40.28398207455274,1.4811672887275362,1.3005425269076092,32.59395350882405,10.33880151433617
1396,2024-01-02 09:53:00,-1.9743306385944852,27.121289978711694,-2.053325710112416,25.526722063506828,48.77114193030011,13.396866007113907
1721,2024-01-02 09:54:00,-2.7365723182161767,41.73908131875854,6.01088351453704,-1.7077552013280526,3.2249360588351044,7.620364507685532
1160,2024-01-02 09:55:00,0.9221921574304752,81.4350041294409,-4.5944174996497384,27.27963128941002,41.75594138856351,11.200731234417262
1015,2024-01-02 09:56:00,1.6436167729420337,88.23394865427598,-0.6149776239053164,9.571222947405042,6.168081229568549,9.503440056366966
1492,2024-01-02 09:57:00,1.8829747895570588,82.31141160820573,0.34272308752568037,15.963144517896986,17.310416051186618,8.810435716213311
1425,2024-01-02 09:58:00,-0.038944904036400274,70.4852622534157,1.8732738248145404,2.4817081435175083,20.894224838382957,6.5555704109830595
1107,2024-01-02 09:59:00,-1.7677908918600882,61.117321001811646,5.19803847964209,23.253205798039474,35.96509406928874,11.629970784835935
1893,2024-01-02 10:00:00,1.4233660634989604,76.69634313709172,1.891074912790553,10.190543295143812,46.335639949436136,8.807124314888569
1449,2024-01-02 10:01:00,1.198278462926023,51.26668394137774,3.9148616842932444,12.251875272221042,5.190346918089836,7.451019511382901
1310,2024-01-02 10:02:00,-1.5223755953809606,87.30466811997614,3.9366861762672603,24.348681622936134,37.26594176070055,5.736296256229374
1738,2024-01-02 10:03:00,2.420446535176758,74.17520751814283,0.5990747484401151,3.0487747550147795,16.18239053251755,6.905089536708351
1169,2024-01-02 10:04:00,-2.373771251503026,75.82437587955269,9.009568986320478,33.340400210750964,45.10535868502626,6.660763916375798
1545,2024-01-02 10:05:00,2.8961294375479536,62.8748794503257,9.33780746314664,28.267888250929936,13.983019332681655,7.108023537028404
1413,2024-01-02 10:06:00,2.161486865864788,90.8183187368938,3.727763261416987,20.997850141217317,34.72371128733108,7.760022063129806
1250,2024-01-02 10:07:00,1.1273918728744512,40.1611786943242,-3.9246367955685213,0.774988018710193,8.321314438076518,9.50610974195747
1758,2024-01-02 10:08:00,2.632499329678997,50.49181226888406,2.366913463839036,25.919936248011066,47.901559225462506,11.906303595453341
1780,2024-01-02 10:09:00,1.3338670099422467,82.21140557421512,-2.233710098089892,-4.185528255971327,0.3157844958595939,5.612658968179821
1140,2024-01-02 10:10:00,-1.8572580178197244,59.419911690347014,2.248217828093556,31.197811069027473,11.719313667897774,10.323952240953194
1273,2024-01-02 10:11:00,-0.34706317132312936,91.13712107393526,-2.172752682521873,8.670896356274136,33.82961138998703,10.1930422456978
1415,2024-01-02 10:12:00,-2.5709818540101876,47.71194558102819,5.5578286847332645,0.274519773865582,42.690859071469674,12.993808808802674
1607,2024-01-02 10:13:00,-0.6620554662713074,49.54641350557158,-3.793563199004862,2.4020029325288554,49.678509733767235,8.507995696151687
1738,2024-01-02 10:14:00,1.4496181184232517,91.09886315093003,9.299561145938862,38.34104793287803,8.745705783283176,8.267262710768897
1890,2024-01-02 10:15:00,-0.6813398944150957,57.149625614563284,-2.069361658499709,29.822368803287382,15.426477600523599,10.667289202407533
1038,2024-01-02 10:16:00,-1.0182349471911953,61.28996673619894,4.909845040738682,5.704238800138009,44.60341584996579,9.776245970400495
1813,2024-01-02 10:17:00,0.5721343350618713,46.62109722685435,8.75443526094234,38.3559809558325,1.7217458007665778,4.483673789085673
1028,2024-01-02 10:18:00,2.2332271739933702,42.13359537432655,-1.281705290239063,1.3052951798144594,36.692758933052616,8.712561322977841
1957,2024-01-02 10:19:00,-2.714500844723325,72.47589686707136,9.014453485556949,28.00872453556486,21.21029095879924,9.387713883859599
1476,2024-01-02 10:20:00,-0.6871773918015878,29.58725292329631,0.8301199849040897,24.55328320835561,34.47201919193757,8.298091389438857
1317,2024-01-02 10:21:00,-2.0505555491084237,90.34181129463275,9.407962258788851,31.966454757350952,26.29251607981511,5.920465127005766
1244,2024-01-02 10:22:00,1.172125504391218,82.33625094120863,9.570457872017883,12.176442430294266,31.392883153336598,7.171237614269718
1747,2024-01-02 10:23:00,-2.3656526374131905,35.25986109646422,-2.1788014239614033,13.082595623984936,33.36651914095084,11.021693909145753
1696,2024-01-02 10:24:00,0.9888465514814673,75.52159566596524,7.466310053965817,23.105515829925544,31.599172645360486,9.643675140007165
1271,2024-01-02 10:25:00,-1.282914775212556,68.21063370285079,-2.0986848074967455,12.919259063434975,33.26169259955918,5.015484618485909
1439,2024-01-02 10:26:00,-1.8064991175766518,34.76280405893153,-1.6033906950337764,-3.1392098284004684,28.460561838518803,11.848131842480997
1747,2024-01-02 10:27:00,2.618115346949912,41.8562804840186,-3.738102439649026,27.83686143152832,35.7233783822324,8.36486895899663
1238,2024-01-02 10:28:00,-2.888852539524265,52.71892029870675,-2.651945802527331,23.84257283748072,38.823571313489715,10.388002406755446
1376,2024-01-02 10:29:00,-0.37333636866258635,75.93941881963791,4.483284523706619,14.067076574019147,39.41797739784577,11.257389227059889
1265,2024-01-02 10:30:00,-2.8702380452292373,71.09787270536047,1.7387909507767967,8.627330239605376,42.69030362976554,11.039100871360164
1925,2024-01-02 10:31:00,-0.09844171137402569,62.578787814135836,6.864163557532526,9.432662724731575,15.888480783088422,9.920101447054696
1920,2024-01-02 10:32:00,0.006284266766509283,81.47284344912273,-0.020047777600668226,28.346288067030848,37.31409419913319,8.178718800007648
1358,2024-01-02 10:33:00,-1.070025171631518,80.63501916849327,9.529368509515882,27.812239554079426,47.33839843438944,11.4771733058999
1339,2024-01-02 10:34:00,-2.207029334849858,69.42873232498047,-4.2519118877093804,31.851328915356255,18.436657138863946,5.514694880309152
1388,2024-01-02 10:35:00,-0.7416747735931484,82.95920667078602,-4.055960683963377,29.298119270624902,38.90429167500824,8.597452227912445
1576,2024-01-02 10:36:00,1.0335776395953964,46.74106998233674,5.5206234822720415,29.10748909477293,14.6439926168152,9.30209443524942
1989,2024-01-02 10:37:00,1.6943748518667547,90.49996226580845,8.313083274592895,6.329795532494423,8.860906345521697,8.603852589762447
1688,2024-01-02 10:38:00,0.18450361432885387,69.19280686415526,6.932502874512242,-0.4274350430556275,22.376701917514417,6.346612948677129
1002,2024-01-02 10:39:00,0.5390063666385334,85.78908110499444,2.347256318003705,29.278851971620774,40.34595473975201,9.408814730028311
1428,2024-01-02 10:40:00,-1.7963017732520838,63.70232838322272,-0.9553795804246992,-0.5621891154911198,15.42541373083199,4.530609897912085
1141,2024-01-02 10:41:00,-1.2760180006341033,37.47505959909443,-4.798227060429276,39.19501323827409,14.817474474054778,6.56481936236573
1375,2024-01-02 10:42:00,-2.0286263396858493,63.39281029426469,2.6417718087966344,34.379017035250314,13.955984255132238,8.35439335019778
1669,2024-01-02 10:43:00,-1.504227899972332,49.68893310212705,2.1345429596391483,19.005772086453423,10.984237137651323,7.07748544951077
1323,2024-01-02 10:44:00,-1.6506793186468094,75.79992288296756,0.16368849205359837,10.848260429597264,30.594438541745465,10.2007735376455
1145,2024-01-02 10:45:00,0.11669271834742556,58.063503338778865,3.671091819587275,18.707936617634303,12.242510571685289,6.9573655441269535
1957,2024-01-02 10:46:00,0.37613253474437647,86.88902439421501,5.932220460719099,28.043582489651683,46.75165082126228,6.43173137231564
1292,2024-01-02 10:47:00,2.6696845249290266,74.24580098575333,5.5133235434236365,29.03484903522765,17.361959232203652,10.00251495997432
1664,2024-01-02 10:48:00,-1.8265761173908617,74.76355464250591,-1.0512073732367675,-1.6850300607537068,27.165697973069722,7.599922251117216
1431,2024-01-02 10:49:00,0.8500542609689754,37.3724266792852,3.7795553292188977,31.218434270266776,20.51760606082853,6.686501300561649
1704,2024-01-02 10:50:00,1.9035556139251373,98.73998131930323,-2.7683828212400243,23.867368676732,48.13951513113436,9.436505918762766
1948,2024-01-02 10:51:00,0.36144878269831526,87.3340167417191,-3.1759723416746812,-3.1739173742658733,21.25817402021551,6.451229350640184
1974,2024-01-02 10:52:00,-1.4699780849935458,83.12039076485557,6.787837543886768,9.092254261620562,28.228352966579056,10.63763996607608
1584,2024-01-02 10:53:00,-1.4246986198799987,46.417218012802195,5.406188531433038,17.978861591244215,38.19482067345299,9.89757754675541
1398,2024-01-02 10:54:00,-2.7644816815740008,62.85053222777855,6.518933509474429,3.480317149246373,8.647697207155817,11.002326449934841
1816,2024-01-02 10:55:00,-1.1673346407091099,30.968255045946293,-2.713065886936687,1.9858237993549634,1.7288259476774943,9.130068750281753
1888,2024-01-02 10:56:00,1.46762207402028,63.078078133016476,8.7192788405569,-4.357347593120206,22.800503772806987,9.523456202954804
1343,2024-01-02 10:57:00,-2.7148934567573377,31.67113971866298,-3.0033258016646185,36.01977850530663,27.57698929137386,7.909852931672255
1963,2024-01-02 10:58:00,-1.684228304971016,64.2430275191681,8.050554522965932,-2.475142023641572,14.424345831224999,10.79294634747735
1139,2024-01-02 10:59:00,1.2373949911906914,71.89775041239244,0.28568936958896884,11.470513965881306,23.178982825204013,8.953880394208495
1186,2024-01-02 11:00:00,1.6959093769372595,51.21567737999219,-3.4184886044879104,4.259723677217048,30.796506746158276,10.407170818404268
1804,2024-01-02 11:01:00,-0.26808953962842974,59.88359026650346,-0.6984655915171114,28.346489599331257,48.66632056956966,7.845375636654317
1060,2024-01-02 11:02:00,1.1884460308718934,90.05227101396687,-2.278279786791755,26.823309586669048,30.128680074476527,10.177508009038378
1996,2024-01-02 11:03:00,-0.6722869880706481,28.68505157622475,2.360045780375712,31.280008538289145,22.497979088071677,9.482976579911469
1938,2024-01-02 11:04:00,-2.040520529855235,83.33863143997223,9.246180220596528,22.756373556024315,1.2241718487307005,4.2442757910643785
1379,2024-01-02 11:05:00,-0.6111030388625611,33.66036407969571,-0.08193257626222206,21.62439221500008,15.598103273259667,8.325826765297819
1709,2024-01-02 11:06:00,0.47980692121885715,22.93663862437027,4.1814847852317065,13.3199821962348,17.98844958686463,10.561456329512694
1806,2024-01-02 11:07:00,2.688319691117342,34.84596821960382,8.375813136099454,23.63614150489907,23.89953402552488,5.217275925811919
1439,2024-01-02 11:08:00,-2.587494287467936,81.20345519763917,4.45110894544348,0.1842513235038865,39.13033603222911,12.00085013708568
1318,2024-01-02 11:09:00,0.04436456306976355,52.410085866948805,0.4329871130464653,25.80307821409831,38.81678007131816,10.381956046113949
1301,2024-01-02 11:10:00,-1.0264813307356537,89.80164134769456,9.862586907638187,-0.3246008961610416,42.279770573234735,9.900560886222765
1343,2024-01-02 11:11:00,0.04987016566016722,61.97660329458127,-2.1887959783919952,33.77829561396998,14.570628687438454,6.7025116131245515
1010,2024-01-02 11:12:00,-2.85614731574081,21.780028154106475,2.84884022343262,17.755726262217486,17.38832114173637,8.441100159052642
1061,2024-01-02 11:13:00,-1.121847871790512,77.33708876815413,6.95058248105196,18.866060704103823,7.596920639645368,10.011625704771049
1844,2024-01-02 11:14:00,1.9192088851620301,28.818632697698618,-4.990266956341635,21.318592099235612,42.88504723155489,9.06332186492669
1225,2024-01-02 11:15:00,0.3236504031278251,83.15037067695395,5.530648782136556,29.922362454048567,32.64653473845553,9.305761659928912
1152,2024-01-02 11:16:00,-0.29650504310329584,33.448203984414405,-1.0025165494109207,16.531177939247534,3.9697403004757486,5.990401797651019
1710,2024-01-02 11:17:00,-1.2868495697079625,47.63571086444108,-2.4540991596218427,14.24146331412949,15.252484191160892,5.663016400055838
1563,2024-01-02 11:18:00,-1.2117448632518646,80.90171437002883,-0.8870830494756285,7.9750055547806,7.720980060640539,2.730559110772991
1771,2024-01-02 11:19:00,-0.7013913984564932,96.33850859811373,9.502246387596761,0.7617707822916095,48.46448500537177,9.462702098959635
1570,2024-01-02 11:20:00,2.013424259787362,49.71471605173859,8.379028888595283,3.5654143484214895,16.297680147368798,11.967865852355288
1583,2024-01-02 11:21:00,2.8032792408496103,86.35201761591486,-1.7936831530444626,-4.976247034137543,24.87371919659572,7.016713177258568
1659,2024-01-02 11:22:00,-0.3680677118977531,35.2633812380671,-3.2445984032233315,34.12397415035503,15.963310579980648,7.54519646983659
1860,2024-01-02 11:23:00,-0.639882967513429,84.57438161619929,0.4622890677170144,29.423127770449682,23.767396961132306,6.247150791098245
1574,2024-01-02 11:24:00,2.079304654919177,72.59952474050009,3.885047201501102,4.840709296853037,49.9312450737727,10.437662082532945
1309,2024-01-02 11:25:00,-0.4385680761821784,35.41948057698947,8.007169428716809,-4.892445923202261,14.440699927737315,8.149350012705419
1884,2024-01-02 11:26:00,0.3121090337739072,44.200316828112925,9.491351875601167,17.14523371879176,14.202840466064549,10.593857506216054
1242,2024-01-02 11:27:00,-1.6143500124075334,30.54167108776288,6.26730052259648,13.565793969178173,18.631840603684438,9.065796194123172
1492,2024-01-02 11:28:00,1.4610152146744513,50.637360885145064,3.985108190524837,29.920297960392638,8.548906991229837,7.099489484599589
1365,2024-01-02 11:29:00,0.19192990962469114,36.29189128986219,-2.8650196080347463,13.130297801388302,36.975687861570194,7.491568859190146
1329,2024-01-02 11:30:00,1.8542073014420497,71.51983629043788,-3.889574354400334,33.88507633856913,19.029081031944447,11.22158627741841
1106,2024-01-02 11:31:00,1.6843963801720179,99.5604083376447,3.940403177938016,-0.6872796920636217,29.08485298696892,7.665562691814078
1225,2024-01-02 11:32:00,-1.7099713903798286,20.960733046741133,3.085961586503906,11.463613881364662,33.099024103575914,6.968782742800627
1824,2024-01-02 11:33:00,1.2938133033465746,63.27358506298389,7.691321616011532,37.02734044009288,1.8686372598559273,7.169609516259863
1217,2024-01-02 11:34:00,1.800326447708228,65.89332780392078,-0.16091223717344239,-4.472166995290454,32.23573932739964,10.223945638847667
1936,2024-01-02 11:35:00,-0.9233565553056295,93.13670317446496,-4.404637139752848,12.585524080311608,26.685191021411836,7.817011380041354
1752,2024-01-02 11:36:00,-1.9643453225863527,60.48042678135501,1.3556240363654979,6.68664670299389,4.234235478108332,5.716157653466554
1505,2024-01-02 11:37:00,-2.9842070665224707,63.4961135715934,9.53773455906609,18.933732509938515,6.311877386614634,9.178900890676433
1258,2024-01-02 11:38:00,-0.2945780814411112,57.73222410627109,6.9336235740478465,7.54450601253826,22.095841379382566,6.901899372986314
1887,2024-01-02 11:39:00,-0.8854036107669505,41.51234436491851,-4.493417395365903,34.14586204576626,17.38075496073875,9.26182760763376
1773,2024-01-02 11:40:00,0.32945900295245334,24.482330659913096,8.12018355847263,37.17122137839734,21.931040668753937,9.391979294701594
1516,2024-01-02 11:41:00,-1.8717534444672854,52.69261457678689,2.075342344319761,33.211043368327324,31.812202722945074,9.222843356118252
1772,2024-01-02 11:42:00,2.1579932859988507,24.207317699254283,0.4715204772693369,12.935553035257719,7.805798083038281,5.716669175326153
1053,2024-01-02 11:43:00,-1.453468706231342,64.03939755727342,0.20109311204187374,39.54701944912894,33.15598627415203,7.3225507114214325
1046,2024-01-02 11:44:00,-1.6414223694741001,44.58349145938345,3.927163795582967,28.076634248088624,40.92450663258485,11.209283017640985
1726,2024-01-02 11:45:00,-0.11571566109386433,62.68819212203422,2.958991276611438,11.002402148287857,0.24611878136784743,5.7445213481135635
1688,2024-01-02 11:46:00,-0.006893857534354453,30.743757151614936,4.849408662523945,-0.7838230460542217,18.486333658436827,5.8955560883259714
1520,2024-01-02 11:47:00,-1.709488627289443,94.61039725914877,3.6046219756007005,25.017088737177797,13.830862762053334,7.705245601607119
1098,2024-01-02 11:48:00,-1.3688356396445054,91.56169948399479,-2.840831377374222,27.78553499043258,21.65678889708232,12.09498502384479
1019,2024-01-02 11:49:00,-1.9817685650685304,35.19972073618276,-1.141459868625227,0.5106609799807451,30.80240795310665,8.138043033054307
1889,2024-01-02 11:50:00,1.3107610699390007,47.47554266352079,7.615443581527511,19.738135830831602,9.459708135893425,10.041388412555849
1752,2024-01-02 11:51:00,1.6205341875244912,69.07942174815837,4.948877720434449,39.418959282421916,6.791371362366789,5.896559898845877
1572,2024-01-02 11:52:00,-0.22602901524430408,27.654896584472503,1.7260093812211172,9.68089461246116,36.46903668475885,6.18382596369636
1890,2024-01-02 11:53:00,1.2845221361101045,48.36542568929207,-2.26097852249202,8.585276009478871,34.319081716632255,7.136853621510038
1489,2024-01-02 11:54:00,1.4156123516246728,40.088982945520485,-4.884634460340322,35.6485974741834,23.096140249594004,7.5185078610582945
1418,2024-01-02 11:55:00,-2.1703468339331486,93.24133829733573,-0.3216889521707289,0.2837220099275033,25.116004113218608,7.090569836542285
1689,2024-01-02 11:56:00,2.7970681490072202,88.20085090313641,-4.177295646099969,37.00873765188552,13.566075976169781,4.2533522592980635
1849,2024-01-02 11:57:00,1.9261916825785859,66.3866193013491,2.234261996311827,30.076917712307022,16.526038468249165,10.168051898886867
1061,2024-01-02 11:58:00,-1.773099232825059,61.62770694972593,7.327021791373127,12.58781840198139,16.072120580365375,10.204108008547502
1144,2024-01-02 11:59:00,-1.8830097855235786,94.45806356363177,-0.7190200792655403,-1.2403570841531741,36.34412192160291,11.077017583607478
1215,2024-01-02 12:00:00,-2.2460331265225033,94.59422263830523,7.716312423325743,-4.137145643579698,27.826590779620098,6.000986185325408
1002,2024-01-02 12:01:00,-2.1697286247484895,97.54641002813284,5.568465941298841,11.912403839700136,36.50148460073182,6.507805345004242
1159,2024-01-02 12:02:00,1.488970794172177,30.03031072865501,-3.1210650596770195,26.740911301458002,29.576761288623526,7.1364019060254655
1738,2024-01-02 12:03:00,-0.1820744582902587,32.84462486105362,4.668428369043749,16.938814606100596,27.327251809968647,12.03599293404469
1997,2024-01-02 12:04:00,1.697605036439203,74.13893589439093,-2.7248028904168518,28.23933517647655,16.097039478797058,10.345794126593109
1780,2024-01-02 12:05:00,1.4775293661012325,63.31475812878759,4.82186380412378,25.175688192674926,19.833743908842145,8.469697084956758
1119,2024-01-02 12:06:00,0.6276762810313299,21.477272391458875,-2.8592827290784086,20.780823521576487,44.38115401671458,7.766581637862628
1892,2024-01-02 12:07:00,1.1181996394720777,24.958002879161548,0.8876704902334902,38.53745863261845,28.838907033861375,8.275024926169
1088,2024-01-02 12:08:00,-2.889865653725149,91.04643058070441,3.4989140535729053,27.777299545906153,26.27031933955916,6.103522611488581
1328,2024-01-02 12:09:00,-1.1293341191698683,89.5096636431509,-4.244387428640874,36.1576052131649,2.7512606746832065,4.61019033018994
1579,2024-01-02 12:10:00,0.826933075556461,48.58167375968361,-2.700374827182089,5.8972253944012785,33.577369571128024,10.711869833450136
1909,2024-01-02 12:11:00,-2.943930279082535,91.28404935444277,-0.19386762421630355,27.113783204974055,34.33227065217968,10.541979255450885
1356,2024-01-02 12:12:00,-2.80213833790444,67.49400595183215,1.9348012865779198,21.90112885368217,34.56376283421551,6.989931972150579
1609,2024-01-02 12:13:00,2.111327894822299,84.47245176151215,7.877309408821516,36.59332435774839,4.6519835018579885,3.678272217899008
1266,2024-01-02 12:14:00,1.1041491701524304,54.19448569281714,-2.1909036746902677,17.970385793096796,15.09271747477298,10.677683441334214
1616,2024-01-02 12:15:00,-1.4077816012779363,29.071866187592697,0.21206425753788416,7.583862056311824,18.62417970722435,7.549745116196341
1951,2024-01-02 12:16:00,1.127777040712254,54.6981650116813,2.136643544202709,12.317753217034383,41.342195106810664,7.0195447452197275
1322,2024-01-02 12:17:00,1.7547400148355798,56.58398383975183,-0.5633216601594686,4.847341244181752,49.03556943238034,7.385041846373376
1634,2024-01-02 12:18:00,-1.1592343013393924,64.07553550724825,4.386216680813062,4.898784972468402,20.79590491443881,6.288896120363011
1987,2024-01-02 12:19:00,-2.783775735004875,28.44661703235424,-1.150963478360448,16.168971371199742,27.75860729589072,7.560542226344043
1540,2024-01-02 12:20:00,2.596674748126407,99.31214904396892,6.585256316698651,35.16559758818371,0.46612920796048185,8.139470951458138
1648,2024-01-02 12:21:00,-0.9289209702262173,39.530945664552505,2.5773114227677505,3.634120428756521,0.5380861429137744,5.66149252490034
1194,2024-01-02 12:22:00,-2.3611094202917617,35.88419228296743,-3.705426748083347,7.9541505455852,3.817561429859568,6.371404681074951
1920,2024-01-02 12:23:00,-0.04885877164111552,62.144233508474926,4.404983428479364,33.38446576231924,36.001375467967335,9.9421835417196
1737,2024-01-02 12:24:00,1.6108067739848027,62.976654351591094,3.5386525569813596,10.266532490223192,8.989016231268758,6.8263058958274465
1331,2024-01-02 12:25:00,-1.670116112294645,55.18565902665954,0.07896031310009022,38.30860308953714,37.91666563158047,12.122618208049465
1169,2024-01-02 12:26:00,-1.3830596991998199,81.75137170602036,-4.83264382416468,7.101412440859354,21.650619959583207,10.407356749740119
1520,2024-01-02 12:27:00,-1.543710079208501,61.332352058288215,-1.989476867384412,14.896453976436,42.51345353447711,6.583737227038998
1462,2024-01-02 12:28:00,2.950038316990069,68.77563641159873,1.0856429332352882,-0.6975527363266618,43.52878704275355,10.025859682664496
1039,2024-01-02 12:29:00,-1.8155775976167448,77.89971083262284,-2.001289493100539,39.64791078843707,44.00366211700349,8.210840748284076
1536,2024-01-02 12:30:00,0.4531213017967439,22.002008125109327,3.662366814095167,35.05639201940287,27.220781640017222,11.88044382583821
1260,2024-01-02 12:31:00,2.551587849941786,65.65153460360358,5.684873408893852,31.790301379425614,39.446520768590986,9.09869748346347
1394,2024-01-02 12:32:00,-2.1186205867333245,90.73555769826955,7.840264851262534,2.080411175242329,33.12942046124222,11.596506402154404
1954,2024-01-02 12:33:00,2.8251251872062015,21.391099434034714,4.704739280256231,38.621112603156114,9.416988343576994,8.901902559242721
1225,2024-01-02 12:34:00,2.684863406373747,52.41456830407689,5.335138318822191,36.8118078555966,19.137684602961446,6.034799922599957
1983,2024-01-02 12:35:00,2.3074319223495756,94.0981960164664,4.126627978457867,14.60521488988837,48.12188136919338,9.066754375527768
1123,2024-01-02 12:36:00,-1.7126608720199865,48.252352182603026,9.782290864190555,25.6736663365633,38.650978600129875,12.930114562633891
1974,2024-01-02 12:37:00,0.8043303360658998,56.69830593601927,-1.084991463801377,39.660629246142115,13.223394459988167,9.912641433986597
1037,2024-01-02 12:38:00,1.5653488377674414,98.52331144354503,-1.0061197923086245,13.438534877481185,14.120619442031956,5.479860093235079
1327,2024-01-02 12:39:00,2.916167569178578,35.945908716045906,-3.104995378672105,0.0870560074337332,12.783638030003978,8.916766892363947
1250,2024-01-02 12:40:00,-1.9174570675117775,25.220415130000475,2.2852648880429856,34.050056566854856,16.50786977230772,7.686702534138814
1900,2024-01-02 12:41:00,1.596155397115779,88.75380726890435,-3.5575744455361713,16.441830329912353,46.42253807554434,7.184750423000289
1175,2024-01-02 12:42:00,-0.9671929804373223,89.47722729698948,-0.9478010465284443,39.41362547766709,21.73376029815549,5.61914569531786
1601,2024-01-02 12:43:00,-1.946241206591986,57.766226774401055,2.2402139315708736,19.79017871821634,18.27619534545692,6.244037699262121
1913,2024-01-02 12:44:00,-0.47173835271687015,61.1365739581829,9.36393423895026,-3.673507838485893,12.03519853638168,9.645978728245892
1453,2024-01-02 12:45:00,1.7630154728916985,86.86450956942689,9.45719490760251,17.127713362197106,44.6311624362183,8.564136845269463
1036,2024-01-02 12:46:00,-0.2109011777756873,79.0847598492636,6.156103512048336,27.31279581980322,47.873090364115974,11.28321435969914
1315,2024-01-02 12:47:00,0.225138601218291,41.21192017736085,0.8387524236352739,-3.828648730861416,16.244718384109508,5.939725826820397
1687,2024-01-02 12:48:00,2.9709564612007275,21.351468405721477,7.977419100648191,13.605192146309292,30.871005820051703,8.605405929272315
1972,2024-01-02 12:49:00,-0.6053442026554441,58.37601300268366,8.131837028614605,2.0002090203209315,47.92582403716812,8.624833290626928
1795,2024-01-02 12:50:00,0.6924045282554392,88.71298608765132,8.652960711948285,23.939356945961137,25.02405205052155,7.552644875019277
1964,2024-01-02 12:51:00,-0.8085347903077689,91.66677413521298,4.600375723228195,38.080563195011855,23.486252006897338,5.119558062660042
1972,2024-01-02 12:52:00,-0.6432861220277704,96.4980957660923,-1.9731080658817932,23.106320704988182,26.43194305779919,4.859554689410623
1592,2024-01-02 12:53:00,1.1738445206724482,90.3650590090225,-3.6337884084397745,26.269496787365007,1.7551845923262852,6.2880035084792985
1113,2024-01-02 12:54:00,2.627321856569301,66.40348442384787,8.72163256060195,12.845330519152427,15.075938631706782,7.701836401982672
1039,2024-01-02 12:55:00,0.2541537029539285,55.56844793888807,-4.166808378175955,20.341339102836237,34.97971169103188,7.217612546681886
1300,2024-01-02 12:56:00,1.6103995736926793,81.98798772272792,-0.5616491084300774,19.47359693586369,48.339804849214694,8.662468680120261
1223,2024-01-02 12:57:00,-2.464760647098217,79.18573074924771,2.304426505566056,29.18228553705748,28.480361537320235,10.801425645777258
1317,2024-01-02 12:58:00,-1.7330517754084382,63.05147440651635,-4.6703496068978625,33.561024115913284,9.604744171702619,10.731352502665896
1348,2024-01-02 12:59:00,0.012789845517194642,26.98618980467753,8.603683880173659,24.82986749273949,21.397982238699186,9.177400106736362
1114,2024-01-02 13:00:00,-2.8799296582273515,94.0865077429535,-0.6931850769164756,39.09139608658207,24.55198229256447,5.889928314679611
1697,2024-01-02 13:01:00,-1.4828701274246472,56.44820300013297,-4.572428016191371,32.27297766360248,7.696013026470199,4.742918554530298
1322,2024-01-02 13:02:00,0.1044077389497966,49.06670255330114,9.903849958397776,0.6091037012616276,16.531211773359583,10.630219414240726
1567,2024-01-02 13:03:00,-2.9102328104621957,70.36539161350174,-0.32910228773727024,17.8363929273777,22.30872066065784,4.301362961894695
1039,2024-01-02 13:04:00,-1.4127222826437498,73.90703689335815,8.151473612280592,35.645623541219656,13.168918968637287,6.053478864922457
1865,2024-01-02 13:05:00,0.08418491685521712,36.855033362424116,1.8021168088132136,37.47706909290462,17.758931307229208,8.180727687534475
1039,2024-01-02 13:06:00,0.438895487887474,86.9551075847965,4.946888515824986,12.10926722945791,13.884593587727336,6.099122231796354
1858,2024-01-02 13:07:00,2.5545101583318326,43.19496749299023,-1.3836477569396788,27.656682768243606,30.679793973193604,7.019503676436338
1972,2024-01-02 13:08:00,0.8720737395036471,34.93471407314534,2.5431299046553297,13.474546763907025,28.97227075522593,11.53814725132974
1748,2024-01-02 13:09:00,-0.5115851848200377,52.5119882283598,-1.1352321136245953,0.5646874980744352,27.629593526571355,6.728339934223911
1288,2024-01-02 13:10:00,2.582107062798407,78.44480647179722,9.266258218976553,34.80750872150882,4.92709242857295,8.16764419015607
1261,2024-01-02 13:11:00,1.7092979003267654,97.23665427518428,-4.085818813756306,36.93789052205385,9.25952657997265,4.0708537675111565
1215,2024-01-02 13:12:00,-1.7999464733235144,84.74250114971466,-0.8798910874272883,17.713773906961297,5.6302757311423415,4.746940785957765
1146,2024-01-02 13:13:00,-2.214945831907081,95.22787021361535,8.396633148248181,-4.176165613093532,3.257720241806998,9.650671983866939
1335,2024-01-02 13:14:00,1.0548698144563975,31.248464326122143,2.2005393626092564,31.72163128133169,12.416811022414821,7.4433643677266605
1167,2024-01-02 13:15:00,0.35929899346190286,25.694143909094144,4.00126167856255,16.46321648038559,9.80662140768177,9.784665367218725
1091,2024-01-02 13:16:00,1.738041682756534,64.61638095253369,4.775400572434638,-1.623723910629415,36.27732031020221,10.011627976178124
1352,2024-01-02 13:17:00,1.4328303004721192,43.22379864352275,-3.936087323396549,3.522616729217269,34.8247522880261,6.452943797920459
1570,2024-01-02 13:18:00,0.7512692031450903,86.24439783754183,-4.733918886371224,1.8453703103692778,10.146825023776074,8.622712762517343
1570,2024-01-02 13:19:00,2.918293029773353,73.75902971218608,9.0676157756696,25.882548984387142,8.361629791875584,6.188184499603797
1815,2024-01-02 13:20:00,0.201538380662452,97.65825311886356,-0.9274573205467886,8.473427179036515,7.33029810041997,8.290401645905296
1680,2024-01-02 13:21:00,-2.321365460989681,40.383388458504335,0.7046966565329331,0.7460732790149445,16.07049353405589,6.780296349425487
1780,2024-01-02 13:22:00,1.9696413888959299,58.862729148418595,5.231397560853244,36.29419718061296,14.779924732018728,10.367168651686432
1362,2024-01-02 13:23:00,-1.488879825925746,60.09923819402826,-1.4554418439091812,38.04389765571114,1.5240267167741492,2.9870465308215643
1556,2024-01-02 13:24:00,1.66381288886351,39.13414358859009,5.996070552512773,1.2359142745137515,28.436736356681937,9.620209174647336
1344,2024-01-02 13:25:00,2.742642576000309,67.20747195904062,1.8736327324490496,5.360613398944357,44.91177032693711,11.496127794078633
1692,2024-01-02 13:26:00,1.1807730837860477,55.46287888633916,7.849147079310866,21.645432382288714,26.98894754591469,12.807450610355387
1169,2024-01-02 13:27:00,0.5761809656988066,55.73772447918989,-0.8218904635177644,1.772853227431333,3.2840258101515873,8.42409667498647
1355,2024-01-02 13:28:00,-0.23768294594975625,49.01893183779869,-1.942662793050522,2.1366261806625335,30.01759261432995,10.323229496323266
1190,2024-01-02 13:29:00,-0.8135408040275802,21.354348194042807,7.475325308123081,10.145921878182554,24.299306194622545,12.359406582661112
1666,2024-01-02 13:30:00,-0.8819714941689822,61.76761895318312,-0.10510902510749531,37.71266497906023,45.35574935500938,6.169107725452157
1421,2024-01-02 13:31:00,0.8182362342575438,46.81982685602649,1.178029690007575,38.30989883603208,18.22465038600829,6.574939779105342
1699,2024-01-02 13:32:00,1.5076387016264752,20.105589518746374,6.905617490319896,32.88047124214165,37.62390331873292,8.997799731054952
1006,2024-01-02 13:33:00,1.071102416906486,44.63549661295456,4.533648060618624,26.307081306807273,2.018168542943403,6.450589299700004
1132,2024-01-02 13:34:00,-1.8095393928386236,42.29026664718056,1.6258883564840358,27.430301463553867,36.10250496230103,8.716491628794602
1746,2024-01-02 13:35:00,-0.036076919139052865,51.475852257890864,-1.2516423664316303,16.13077793893304,2.1721772393414325,7.119430950739548
1556,2024-01-02 13:36:00,1.7498404330983774,30.548159171471756,6.463014532776464,18.8569582669997,17.301292357356168,6.237101958831598
1825,2024-01-02 13:37:00,-0.14577553086566253,60.61470597080675,-2.2935344826491444,23.550369700269464,47.409482604905904,10.7299143228506
1760,2024-01-02 13:38:00,0.21973967841296282,75.3952282014504,8.924194008796421,27.907898687256512,35.189919675305795,6.906302473669863
1030,2024-01-02 13:39:00,1.6268162890249327,70.4148455243658,-2.7452589631550417,-0.6419222370251925,46.258652992447495,10.23612211657865
1534,2024-01-02 13:40:00,0.967591837590549,84.30039580553525,7.074005379209442,5.11991543557998,24.84306318303356,7.639648489398596
1425,2024-01-02 13:41:00,-0.5439304747056442,56.16066303896649,1.3637330009220063,38.33244360862055,30.350209603213553,10.443342038733535
1393,2024-01-02 13:42:00,2.3724762671653137,61.52733842717826,-2.2099065059973193,10.08140194572605,25.935640447184216,10.224075948009446
1671,2024-01-02 13:43:00,-2.0245975880191285,84.83215526871867,1.0356840735515673,7.08133948636913,23.99534286391396,8.516363929815245
1362,2024-01-02 13:44:00,2.9730986915419484,54.216093665539084,-1.6767227570009964,13.986009045594542,28.95370845783534,6.502636013753846
1436,2024-01-02 13:45:00,-2.2868845291425766,76.12794799196776,-2.9600952374622898,8.091433769496792,2.041077818723743,7.339941059809352
1669,2024-01-02 13:46:00,-2.9103001733745666,54.76818949743935,-1.4126690160416229,-0.8968913351665178,9.365628499002339,4.363935954376766
1550,2024-01-02 13:47:00,2.3401134068925877,53.41889556092501,8.01097708807379,4.3582509356891475,10.809615404439581,7.538393029888175
1926,2024-01-02 13:48:00,-1.5302789498042635,80.81644996233283,-3.4108641878026367,23.807190891204996,19.204161687319466,7.6301243962470675
1081,2024-01-02 13:49:00,1.3781977646803254,33.986953237296895,9.588093816518361,5.043215067372971,21.784301643315672,5.616615186523922
1355,2024-01-02 13:50:00,1.8660922495924162,47.08687775532589,-4.925023194684847,24.145023851267595,37.011935084694144,8.447021620723776
1257,2024-01-02 13:51:00,2.153918346192701,37.93378213975214,4.873572315868646,-0.49635972934384753,8.360449903414887,10.84403116288
1717,2024-01-02 13:52:00,2.9495654139850007,48.72879543740777,7.84767977257129,-3.1155642683385905,28.537635295135065,12.250278055492233
1588,2024-01-02 13:53:00,-1.2357617397600056,38.42998578928192,9.009364721901465,33.770545719663644,13.68722823044345,6.833043921409951
1988,2024-01-02 13:54:00,1.2614600515635548,66.35245048693237,-2.840216098148682,29.201178799376187,25.831121846496263,5.802545573804876
1523,2024-01-02 13:55:00,-2.3076008503150307,83.85366420942762,5.473127446785101,24.971245728086796,31.36810481138653,5.360349152413589
1294,2024-01-02 13:56:00,-0.5591442518589034,82.92904489743215,-3.3897617576652905,-3.6095345178410736,29.164281624337367,7.259262486975059
1961,2024-01-02 13:57:00,2.0878301598755424,49.160077163903395,0.2891724081165039,5.770927081918266,10.847501819374376,9.775242885251174
1223,2024-01-02 13:58:00,-0.7940517236453499,99.10083247154094,5.978895362604904,31.554144721851728,35.501711163914585,6.114713102716379
1524,2024-01-02 13:59:00,0.5465722832136843,67.50834917646407,0.18959839244600385,1.510044927634505,32.72401408137373,10.778606830396578
1045,2024-01-02 14:00:00,0.022640662347804152,51.95202414226358,-0.2993790757839827,31.578404795219363,46.606963836825244,8.399547222213702
1666,2024-01-02 14:01:00,0.8757091866722702,86.84314233931404,-3.259180717963877,21.29050973691311,31.74418103406718,12.004216318342738
1112,2024-01-02 14:02:00,2.83736633632617,78.38992101141127,-4.00342858507868,28.316576550864063,36.04418796093926,7.884058081989451
1232,2024-01-02 14:03:00,-2.6655868409915873,79.94202694592835,-3.2708301307736436,24.002818530302786,40.57027988057095,12.354761696894798
1016,2024-01-02 14:04:00,0.4437691050097783,35.69114797870973,8.132121624178366,13.764531103768952,5.389613708763431,6.436696924319357
1359,2024-01-02 14:05:00,2.178172675501709,57.46594458948441,-4.832022119286121,8.138980700361598,34.84708016885255,9.527550916065445
1222,2024-01-02 14:06:00,-0.11170372950943497,88.94625046596822,5.3929880430293355,25.272813036588122,15.997153505705544,5.28155888647613
1865,2024-01-02 14:07:00,-2.528836884350563,60.32304061030058,6.529363448324467,31.311079681220242,41.17512388893794,7.949232242157074
1699,2024-01-02 14:08:00,0.36323611450062554,74.67621947368403,3.5183245619114327,-2.987031372716222,24.061007467020772,9.915106101632807
1447,2024-01-02 14:09:00,-1.0075566550570774,67.03469864274116,5.961630417747228,12.095902017572378,29.07273115372399,10.04124085946681
1855,2024-01-02 14:10:00,-2.070349287972385,87.38854301747057,4.784045035376504,10.782840288093835,13.090844950384366,9.949255317934202
1364,2024-01-02 14:11:00,2.094207079700838,42.764867180928206,1.8333773364203898,20.176187820630364,32.56319941711943,9.489714993336332
1674,2024-01-02 14:12:00,0.12959707794672948,66.03802223090919,0.7406564181440061,0.12662753745098687,1.8789015709832322,7.9336058793590345
1325,2024-01-02 14:13:00,2.5996584742744,29.85877344078432,9.119979826077603,37.00387345626757,37.453856785203854,8.374622810734444
1466,2024-01-02 14:14:00,1.8360990276184141,75.21686213595743,9.57906988855702,19.682962079522014,8.248462516109127,7.014722526365761
1413,2024-01-02 14:15:00,1.1578307626420044,78.55742706821697,4.769071054375445,36.56887619277005,11.455970105312847,5.707729912739865
1454,2024-01-02 14:16:00,-2.9698469798081284,23.426985695119875,-2.0405174015229237,31.762341555774277,0.14542211635696056,8.668316890165508
1585,2024-01-02 14:17:00,-0.43305926017050034,74.06327709023881,1.7184874365668126,3.62374880418316,15.727414281855285,5.637758142054818
1232,2024-01-02 14:18:00,-1.8150823100878062,53.175212333262905,2.4480623512391055,0.9552555531830738,19.473635981267275,6.992775718515223
1223,2024-01-02 14:19:00,2.464787466293206,29.927750088774587,6.369550786909924,33.75626080004177,11.776584885753616,7.9819259421800535
1993,2024-01-02 14:20:00,-1.9524960919418384,53.59260381587741,5.01665696983479,19.124510016289857,11.587499563809436,11.614336939147426
1830,2024-01-02 14:21:00,-1.283639690044287,35.53863437564654,2.7222164414184267,-4.111576344594571,44.65975130727193,9.964641611123659
1411,2024-01-02 14:22:00,0.10102060640699495,53.24476256986532,5.205468366807354,37.04020367977119,16.389979951182347,4.950316680711133
1571,2024-01-02 14:23:00,-1.4198182860115245,50.747122236682216,-4.63914729899339,16.2862779726879,36.1418771869955,6.957990345435571
1334,2024-01-02 14:24:00,-1.740811936325273,79.0713309548846,6.649529828265457,8.542133578857808,11.945336511102242,5.414699653559657
1221,2024-01-02 14:25:00,0.5945959506165144,81.93724465330871,-1.8255164898958354,18.246904202679126,40.47115728850542,7.842198806114473
1036,2024-01-02 14:26:00,-2.466422863469857,68.56229235076373,4.846137093417237,32.031327569536984,33.91932536112541,9.463662199217893
1988,2024-01-02 14:27:00,-2.650993447674452,21.814947374595803,-3.2904012179448627,-0.036826923389432054,37.834579216538565,10.923677968115438
1277,2024-01-02 14:28:00,-0.7665282288835717,94.48178232567952,-3.283087461129478,11.151980645688962,22.032884752749712,7.2628963439607865
1195,2024-01-02 14:29:00,1.3239867270471741,74.89866240771582,-4.46513534244947,9.349000296050129,43.9902718044705,7.442347935900225
1915,2024-01-02 14:30:00,0.3288405496436879,22.735635993695105,8.653492152302677,32.784228401266645,18.76321995127805,10.452815728014158
1863,2024-01-02 14:31:00,-0.4627411891993267,85.50663193712943,4.06838136537718,30.031027418974553,30.084662997441313,7.364180423601858
1483,2024-01-02 14:32:00,0.3945093853474946,36.02129237743969,0.4294290434372243,13.004681555961945,32.03959850072259,9.100625489758805
1241,2024-01-02 14:33:00,-0.8072910920803587,66.33769516568854,6.816666115289632,24.901973934905193,47.61734416002919,11.22153065499752
1323,2024-01-02 14:34:00,2.616878012592677,57.33074959601497,4.391233009369982,12.75004670326518,6.812682189173171,5.169632571934189
1730,2024-01-02 14:35:00,-2.670570654535354,53.58710258840613,4.3012077686941055,20.709122724230518,6.866696842617943,4.7136114920445795
1191,2024-01-02 14:36:00,1.0403488741790117,91.1770976099518,2.3056419154451016,39.604688258130366,23.156365691688485,8.6986283780872
1016,2024-01-02 14:37:00,2.3476959889665032,54.988903325009176,-4.88109831997687,19.10085102560086,45.9019934213155,9.216246384882018
1523,2024-01-02 14:38:00,1.82330825241152,26.027529405852057,-1.1230624036259025,39.485862977372804,1.1820868877732422,7.137644916838047
1917,2024-01-02 14:39:00,-1.8957537910713196,95.7310981771962,-3.363849580998756,28.623959781913463,13.886152804219265,5.025768319426749
1400,2024-01-02 14:40:00,-1.2244419061182699,93.6428184991702,4.9361477852916416,0.43250306184128817,14.25095757145779,8.497091859004344
1905,2024-01-02 14:41:00,1.3022876322426278,74.7546151665279,-1.270687673195034,30.8184775870156,15.317134879814287,5.8541928593444155
1885,2024-01-02 14:42:00,-2.494376644915407,57.431402250562,1.7524999607681044,2.2578538661416827,1.3327779587475372,5.4848910791397
1704,2024-01-02 14:43:00,1.8711701989955039,27.4287578354817,0.3014544743482439,18.95478737739757,41.29775603319037,10.841690382685176
1021,2024-01-02 14:44:00,1.3134416676287417,83.25984948619809,-2.8520189311195403,22.596035550952852,0.5445816877378494,5.260985507592983
1473,2024-01-02 14:45:00,1.377639895412056,26.038233153922317,9.375553493240789,35.15037048487121,23.937427304245567,7.0924072241333915
1119,2024-01-02 14:46:00,-2.3985517783944514,25.488078791611652,9.00128967440824,4.4690894615701655,2.9123152496703586,4.443808064280819
1209,2024-01-02 14:47:00,1.306563268897385,62.99070739514945,-3.7308772094503917,34.41739325637382,39.952337078488966,6.330286341001448
1305,2024-01-02 14:48:00,1.07890875131982,32.81025921477122,7.410480302919947,37.05221991812355,37.35463326551801,8.298531498679486
1269,2024-01-02 14:49:00,1.9855349449311035,20.61842138722792,2.325605240745597,-0.973069193319426,36.10438999706928,7.254284476066571
1703,2024-01-02 14:50:00,-2.750424262461183,53.8490744796629,6.606038268712769,34.83783031054101,36.839620711013715,10.78264472010631
1686,2024-01-02 14:51:00,-2.861335989193247,30.977378528805275,-2.732643036293496,6.663102187348615,47.017953799467065,8.52478279737131
1284,2024-01-02 14:52:00,-0.7619574007286358,32.8412332224553,-3.0158879333368445,-1.3549572778038108,20.898864549556773,8.990731689482406
1715,2024-01-02 14:53:00,-2.1072702969050825,26.152851098826773,8.361362513428062,38.13584601632459,43.09258271586142,8.818547179603799
1675,2024-01-02 14:54:00,0.3503068654213317,36.407500297888795,8.467292377615912,12.64915692623159,9.293189427693159,5.805829746038284
1762,2024-01-02 14:55:00,2.504093409040493,77.23873438195115,1.9886824413041317,23.034257731163635,22.618098704111677,11.052089960769152
1226,2024-01-02 14:56:00,-0.6511216179959058,84.71418457742331,8.05236696422347,19.879290390789183,0.544563811203383,4.939155041990965
1947,2024-01-02 14:57:00,2.069702263635625,56.202691522344054,5.011884272554454,4.593186609692459,14.278600636222167,10.798363269081348
1380,2024-01-02 14:58:00,-2.998554752892801,60.524305270513416,-2.22485386083512,25.13045776751793,22.96215785848012,6.7334961097041965
1459,2024-01-02 14:59:00,-1.9889121392448947,22.61240276753621,-0.06568602976776905,-2.924825494673077,45.473562937438075,12.156124992739691
1006,2024-01-02 15:00:00,-2.8174587620754865,25.545300909705347,-2.9590902423699514,4.1392716840397,15.91588310589273,8.503185775334824
1028,2024-01-02 15:01:00,-1.0311169169095882,40.60541805196135,6.609230033963996,37.509868792027504,33.65318678036512,12.21516445371039
1906,2024-01-02 15:02:00,2.4491375741790167,63.5118736570518,9.778760870436246,37.9078386065845,41.71494358855415,10.01792339829211
1032,2024-01-02 15:03:00,-2.4182872584060737,79.16409189879943,3.1956748984901733,16.719483631605407,16.39383359205312,7.191528502965571
1645,2024-01-02 15:04:00,0.6384586604628022,68.40024490704265,4.837966211723391,2.6082282511200363,8.54448726458504,5.305062445408107
1878,2024-01-02 15:05:00,-0.29102436528333486,51.37022839894306,6.19138852200455,13.972902746572899,29.600587791919423,6.442487318233518
1078,2024-01-02 15:06:00,2.630809274194875,29.465925840251053,-1.6361134635426438,34.468187498135464,14.290754035016473,10.422088573310688
1927,2024-01-02 15:07:00,-2.2648851447774367,82.46185879097516,0.04001871450151295,-1.837667550378137,32.65736024854188,8.431364596305082
1946,2024-01-02 15:08:00,-1.7278328969866263,49.10288412792457,1.1848181698635205,0.754085972358113,6.821582062429656,5.9047284596112215
1458,2024-01-02 15:09:00,-2.8227481883310404,78.88432115862317,3.9188246821820822,35.304378063522734,7.6645826993954564,8.780877184180447
1569,2024-01-02 15:10:00,-0.3963885022117575,61.038307353147346,7.7573886722316345,13.692253031173529,33.828561112582165,7.585283195581519
1982,2024-01-02 15:11:00,-1.3330026026120743,79.09296428494602,-1.186946831151408,-1.244362768593069,48.68061605459977,13.535676797823148
1537,2024-01-02 15:12:00,2.2194356033419256,92.58316491620575,2.0633320109168345,1.264408472829171,12.420126077565081,7.5450973039305005
1481,2024-01-02 15:13:00,0.6296448791865306,93.68236128430416,6.273008668070675,34.71016800823571,35.72425043258153,8.713884508952745
1429,2024-01-02 15:14:00,0.6845444278542101,62.808542400048275,-3.689225007430635,17.054651723103024,26.648826528985595,11.917137326341049
1737,2024-01-02 15:15:00,0.19146418128781484,60.9206691812511,2.693401874892677,2.3347438537560015,42.207692490030276,5.9569108537750886
1284,2024-01-02 15:16:00,-2.448897976624794,41.25427724022698,-2.8343044495141245,35.23268897176519,19.505411019626795,7.292274808374429
1515,2024-01-02 15:17:00,-0.3298878976478683,94.86398652234331,3.08723345091024,33.037550013044076,48.58852840187365,8.182747538502618
1976,2024-01-02 15:18:00,2.9970311382510992,56.63353337596967,6.517341419731553,-3.963949214526321,4.211603757953615,6.523812852333475
1098,2024-01-02 15:19:00,2.011375745076089,30.207299142990173,-1.4457888343259033,21.144554848726237,49.233927063398035,11.42040182481922
1396,2024-01-02 15:20:00,2.360754325002695,54.61639317012399,7.742176682270573,5.995149267131849,42.327241837875796,13.160517471691238
1488,2024-01-02 15:21:00,1.9393581554789971,30.164260019040317,0.02206165122625059,18.991111539125395,43.33626057460902,10.031758546057532
1038,2024-01-02 15:22:00,-2.3817498394141037,60.20253474056601,-2.138227046633448,7.5670749492398794,42.13593153517649,9.473437070439296
1270,2024-01-02 15:23:00,-1.6353104756112022,64.90204118849698,1.979850926062781,9.214432640138698,43.10699757310165,11.492667089356033
1886,2024-01-02 15:24:00,-2.9812700918615422,47.02046091948682,8.14112623157808,22.08336395946612,40.77611450638845,9.019360179856701
1796,2024-01-02 15:25:00,-1.1789392507313312,25.732049138518775,-3.9660040823884564,19.24866299954773,44.98590509774266,10.831662823286075
1156,2024-01-02 15:26:00,-2.3483555859210448,95.48028285065912,-0.08642800675032003,12.783657900136326,23.093956994976132,7.619403719157429
1074,2024-01-02 15:27:00,-0.16323992819050215,81.86824907867437,4.797447534536698,-0.15944126769429978,46.9706182562188,12.32165994035963
1883,2024-01-02 15:28:00,1.0627649314434118,87.11048644040969,0.36371303043378234,38.624075436082705,19.30964636835397,8.718571078992323
1799,2024-01-02 15:29:00,2.247031770228462,49.34947154289836,-3.9376400790107664,2.857249771152305,36.45297955428381,10.531115610513433
1129,2024-01-02 15:30:00,1.4953029905453894,80.86648240155604,-0.020015468292894134,23.490276023037545,35.546593574251595,10.596918774735252
1686,2024-01-02 15:31:00,2.6315135746710308,58.82983161353554,7.314390792047954,-1.2764856783170977,41.062735468203016,9.008992837119093
1973,2024-01-02 15:32:00,-2.6766102576372672,36.086679072483676,9.520562837575389,25.97407746455284,36.94529352719147,10.050418491217226
1083,2024-01-02 15:33:00,-2.9269209875007514,29.95387015257706,-4.403312039034224,-0.7322097477243759,1.865437397822519,8.838192822759222
1021,2024-01-02 15:34:00,0.968028683017276,47.604069545764546,3.5392572645260394,5.327875367769179,36.983726346696784,10.467851560674829
1458,2024-01-02 15:35:00,-1.2638855386665226,31.004168918011175,-3.420448504597279,24.114333972011703,1.262508644245837,8.359661047293153
1538,2024-01-02 15:36:00,-1.4789939033653612,99.86151809632548,5.205947937340088,7.732083637495906,26.7081925651609,10.748178644972985
1706,2024-01-02 15:37:00,-1.0146774738372344,23.935119218561766,-4.881616609879236,18.978286681656556,41.96357041845231,11.441884899298888
1848,2024-01-02 15:38:00,-1.381223652645815,55.29148794952612,-4.778875614389401,0.602742700183418,41.49580051603035,11.325993306029861
1381,2024-01-02 15:39:00,0.06861843780952359,56.16748179123073,6.653197396458609,4.1080242669791325,42.08151826377528,11.49105683316966
1747,2024-01-02 15:40:00,-0.3591093166552053,44.050554286534044,-3.8834701595405328,28.01991587145774,30.16029032610141,10.849729972784266
1439,2024-01-02 15:41:00,0.07457130825993818,65.70812525655563,-0.42227488569403704,-3.4187512872995245,9.272221079966831,5.633999334986125
1603,2024-01-02 15:42:00,1.0362816690026175,31.998161932123573,9.370606361557465,0.03100944356732338,25.448108086941517,7.357125930979188
1988,2024-01-02 15:43:00,-0.6772169461731101,82.7129904469787,9.778706761712069,4.6730208374787825,25.858973307106275,8.979496353991065
1020,2024-01-02 15:44:00,-1.4921538771470593,46.595817459811066,-2.5789570717089982,-4.091424840307354,16.305910769220944,9.857432176028535
1302,2024-01-02 15:45:00,-2.002796779147527,67.30740718389134,3.413528821537753,-0.7079585672216613,21.262553868272967,7.936210607042485
1975,2024-01-02 15:46:00,-0.9031552828042466,77.25113888535674,3.3872324273544976,7.662616493630344,43.62161575142104,10.726584426031241
1868,2024-01-02 15:47:00,1.450838851477032,91.12336941521289,1.7857103579892,-0.8187146787585942,25.944599001968342,6.42020250829372
1954,2024-01-02 15:48:00,1.540229460668817,86.862994916176,8.870502373959935,33.97537435134399,35.26671665155346,9.490839726115457
1083,2024-01-02 15:49:00,1.0014323201052617,68.66472224828476,6.310508636862405,-2.0266794269980286,24.840992771558714,6.170755294819044
1773,2024-01-02 15:50:00,-1.5958309481587525,51.07145443071096,6.467904035229157,33.74426646302078,30.911817734315903,10.207322391625254
1658,2024-01-02 15:51:00,0.5285174751281865,60.25637360599711,-0.9564585234598528,32.02870387271198,4.720091184123327,7.25031812815855
1952,2024-01-02 15:52:00,0.42413796946108784,81.4987834703042,1.514796583024581,-0.4657282446475772,46.5762715215514,8.221399367316797
1452,2024-01-02 15:53:00,-0.09440281134164685,90.20364340475784,2.311355477131796,-3.8663908577639843,21.853060012829925,5.7351034573975825
1386,2024-01-02 15:54:00,0.2998739183031853,28.30255425413375,-0.5163193819337524,-2.750359329710874,37.44030319743404,10.86068529973195
1506,2024-01-02 15:55:00,-0.0492562042579916,50.78850099944428,-3.5777333725691296,21.567012905819062,33.38834620531155,8.09422126745719
1256,2024-01-02 15:56:00,0.39273819644464947,82.08932787308004,-3.1046116254167604,25.165913101985858,39.98368196263975,7.7942923100908965
1569,2024-01-02 15:57:00,1.2930357277267728,54.53214100751688,-2.289933077286173,22.929402606080405,1.8401580418595413,8.390892425845099
1891,2024-01-02 15:58:00,-2.342230833579362,46.578221125302704,-1.9451999845257744,19.36645833963541,46.774058073825415,11.868021699304359
1933,2024-01-02 15:59:00,1.4977545128941419,52.90581574586157,-1.3660728618418387,2.8607840783270087,41.504367550733384,12.669487526318674
1526,2024-01-02 16:00:00,-2.1846830992344346,68.22757974290806,-1.168099565547584,32.842925258587215,41.70470188901305,7.947155202663314
1161,2024-01-02 16:01:00,-2.600232009537752,99.98441153070412,1.8357451823130386,9.739972136211186,23.40896076724167,6.8304241055073724
1956,2024-01-02 16:02:00,2.8564781173288054,59.43939432836254,2.643597862390619,39.37801882507984,39.83656300375634,11.995184896783574
1162,2024-01-02 16:03:00,2.7419506132226488,36.67955799634085,-0.3668118781046612,12.318600905238572,28.801583561857385,9.413492336706687
1831,2024-01-02 16:04:00,-2.6373807303566155,33.02772602232758,8.609446298810923,6.835217978846444,25.223553994596504,10.685147235323306
1792,2024-01-02 16:05:00,-0.3404793511502273,23.387979798113143,3.297095850084318,35.24128662017819,39.26760651670208,9.099517535617784
1791,2024-01-02 16:06:00,-1.8825303702013516,64.70537879346571,6.8121539205011015,20.533637343596496,31.427221643294605,8.331727880297871
1523,2024-01-02 16:07:00,-0.08793061719349149,63.56576731910674,8.86356748631265,27.483269807863287,3.950304807533062,4.402360985264683
1785,2024-01-02 16:08:00,1.9810634579975241,36.41871414242473,-2.552973281362922,13.377945249726015,15.794030113757838,6.839437669814896
1270,2024-01-02 16:09:00,2.703670648457342,75.62635251620536,1.4181172557345176,34.91119776746156,31.142425967435653,4.571961789552185
1491,2024-01-02 16:10:00,0.8055159207092242,79.28856333037446,1.4981560257191315,36.29763458429473,45.199665680755714,6.937721222169732
1207,2024-01-02 16:11:00,-0.8765659967290977,40.7278564305689,0.31708375657531285,14.654601900261163,46.65674171544174,13.442560687129964
1538,2024-01-02 16:12:00,0.6199533938675903,47.52798112237892,-4.866412001725401,5.832572591594223,41.961689955217146,8.954684820160072
1583,2024-01-02 16:13:00,-1.127992163349298,99.23773378778053,7.239581616671426,24.145212299506962,12.790195724120922,7.865359979833926
1059,2024-01-02 16:14:00,2.4589418449923617,49.94115742805874,-3.326610176691458,37.956295021923204,23.721755554874935,10.65045342760527
1429,2024-01-02 16:15:00,2.222402778635022,80.86413374048814,9.932208968826384,23.01009068078236,21.72618069413791,8.408680647364713
1984,2024-01-02 16:16:00,0.3493905016779659,56.218034130395196,6.594377378667724,37.940009728348144,21.990396465735333,6.269024458573788
1656,2024-01-02 16:17:00,-1.0512065077178367,83.46758622887808,3.700150264097717,10.471358423767656,2.58425068376987,8.914164534372198
1604,2024-01-02 16:18:00,-1.23966194650213,81.52185910261183,-2.6809037338760384,36.178558185994376,8.764537963438421,7.0584555892834855
1308,2024-01-02 16:19:00,-2.7994920317696432,73.42048201588284,2.7308945708987054,0.06550745874673147,7.747685733625258,10.408834109752787
1519,2024-01-02 16:20:00,1.8949251061517716,88.38226770364633,-1.0833688871328668,11.147548852195698,30.901701305527695,8.81630052378818
1590,2024-01-02 16:21:00,-0.2977007217659522,95.13747959021481,-1.2151621318539578,17.251205552074488,20.64873834296515,10.067041769626199
1026,2024-01-02 16:22:00,-1.0492024295984135,66.39866563616671,7.442938740737281,24.389965221353137,16.28696133408672,8.433154518256577
1685,2024-01-02 16:23:00,-0.17333787001347645,38.997512577819656,0.7096663593915196,8.236266022692691,22.250864010892396,7.91033007315041
1561,2024-01-02 16:24:00,1.9124279427279118,51.890316931526,1.760857050862061,36.590768519517795,16.278281077392855,8.981753999514005
1198,2024-01-02 16:25:00,-2.252314753754873,80.66445708106346,7.644471066701774,35.657329413737195,37.897744000114606,6.1623497904910645
1386,2024-01-02 16:26:00,2.145935929450964,72.07067880990957,-3.6831406142173617,30.970147583450306,8.435392524650725,8.448365078771282
1348,2024-01-02 16:27:00,2.3850530106501235,34.2238670852199,3.9192677963657427,0.14631362462794684,2.9011232352493517,6.164018116605741
1959,2024-01-02 16:28:00,2.680247490203329,24.099163291713978,3.6732352205955667,-1.4769071987771856,32.57020058747916,9.682333419805266
1939,2024-01-02 16:29:00,-0.6150720454642333,74.63692748336518,1.3782185390001285,17.41591548037038,11.605899672506013,8.671266432788265
1692,2024-01-02 16:30:00,-1.6971575757739688,40.08632192234763,7.446619621361394,29.440469006316263,32.203378398819254,11.089740559213134
1535,2024-01-02 16:31:00,-0.7581550891998088,59.973619498324275,9.14335092003539,0.545615181006756,3.021234495357327,4.820561821610454
1827,2024-01-02 16:32:00,-1.0025274226115803,79.73974180100754,1.9800379287041618,23.86468601212084,12.430146436621058,8.032368289033284
1377,2024-01-02 16:33:00,-1.9430765249828397,65.01334245250665,1.8422057649759953,18.753492599603813,7.778804449089565,8.55196745265975
1898,2024-01-02 16:34:00,0.6436000206089276,26.66420664894371,2.530955945061171,27.669523888046754,14.604598208554442,7.2875841498356255
1915,2024-01-02 16:35:00,-0.1402550369482265,34.84641894268443,5.846860462495924,14.591885177482055,16.50987713133192,11.855581398148432
1557,2024-01-02 16:36:00,2.1942059539440217,37.546254722473535,5.020904360484435,26.198346874900405,24.810320579259464,6.787737372408292
1526,2024-01-02 16:37:00,-2.8073425171076503,40.62914029158759,-1.657475761896694,2.182390216782874,26.0549184004679,10.35955491986923
1152,2024-01-02 16:38:00,0.8632075653307583,65.23227135604034,-4.041569771009851,4.656742295423298,31.541892142670847,9.012582952367374
1733,2024-01-02 16:39:00,1.577693271069367,60.31726238603148,9.23881194725184,35.650032871630195,16.649440872572747,5.877717386371857
1205,2024-01-02 16:40:00,1.5569194151298422,36.25280306913672,-1.083953603994436,9.821878388385535,26.647860014996198,8.022733634432656
1454,2024-01-02 16:41:00,2.3164438025731506,25.404387476454964,4.578950270358876,39.34776166764478,49.50685462974189,10.193440207864588
1272,2024-01-02 16:42:00,1.3742024569769642,33.71457635797745,7.426570041155836,-2.920793105745805,10.61089986740611,9.74384427376419
1893,2024-01-02 16:43:00,2.566860369886178,98.75050500948826,-0.49584874179220595,17.314411672880816,7.720019805732804,5.795863356563294
1235,2024-01-02 16:44:00,-1.0040604010746512,57.48375598331778,4.531501204853932,9.62442240008587,42.143948703673594,9.545418224614552
1851,2024-01-02 16:45:00,0.019256500509258423,89.387640376169,-3.3814963827616262,39.81842666729151,20.57724338769082,4.876059493609812
1739,2024-01-02 16:46:00,-2.9155220203026557,87.90019733350746,9.54897166563491,39.5515640364079,42.35949591486175,8.359414444317771
1520,2024-01-02 16:47:00,-2.9582544761802527,60.9215645970299,-4.127625874240612,5.585948133381946,21.29198163193934,5.25820527649662
1677,2024-01-02 16:48:00,-1.5592402772908807,76.53501667684348,1.5726201076146449,7.026559585696118,1.182074606137568,4.83241636010836
1943,2024-01-02 16:49:00,-2.3951568171654882,35.42016083301698,3.0522886309003496,28.73524984226711,18.80616459087427,9.202521427043845
1955,2024-01-02 16:50:00,-1.4387317923854783,75.07173639415267,6.857226679950459,35.03534941274309,30.54552104345698,11.280966169954896
1830,2024-01-02 16:51:00,-1.9377402328296156,41.79076634106316,-3.1830722439136814,24.86636445347133,22.432982629029915,9.128898052200547
1725,2024-01-02 16:52:00,-2.828879850968111,86.56496774033207,1.6121196078276485,33.91190297776134,23.02121413105878,6.4432944475080385
1500,2024-01-02 16:53:00,2.455824878436296,26.69793064871279,-0.5043264568482151,-2.151839507192234,49.91596550805758,12.635307831455727
1116,2024-01-02 16:54:00,-2.9506612116666506,81.85109383082221,-0.3198392645998993,23.82378166284671,27.25194565736884,8.313641958856204
1385,2024-01-02 16:55:00,1.4164928660225122,27.994952525489563,6.681818740978763,26.50769001268133,34.87729378373112,12.942320027156732
1343,2024-01-02 16:56:00,-2.087112678482901,90.49513895154472,-4.918085824522503,3.564357837912061,36.07654878710309,8.448653315628398
1583,2024-01-02 16:57:00,2.4733777319975996,44.3363614508003,6.236254620039494,30.00865941960725,0.10854564286196461,6.705081786452619
1394,2024-01-02 16:58:00,2.3567756375393145,72.35146918644598,7.155976451846593,37.49193263656102,27.66780281191538,5.40257683640603
1063,2024-01-02 16:59:00,0.9234068782155438,59.00018228962239,8.520433657631035,35.40849215251296,48.15650815085132,10.334510468760316
1716,2024-01-02 17:00:00,1.0334048988036306,49.30425162098712,4.403227048457252,6.023533806100254,37.56605885910817,7.2819157793477
1720,2024-01-02 17:01:00,-2.967965148181869,71.63534665467972,0.0018299240836183728,9.579668708748375,17.087328280847693,6.230066301468179
1071,2024-01-02 17:02:00,2.909229396681612,95.80183844409903,1.40852098823306,17.48251160258108,18.292103404645175,7.967341484394185
1788,2024-01-02 17:03:00,2.2669956214548863,23.30157978996975,9.546041234311438,2.126253292625635,15.250498169542432,8.54494237614603
1273,2024-01-02 17:04:00,2.370637354380552,93.50822847064835,8.217802396537783,37.9278923402324,31.547392683889782,10.40008934249081
1989,2024-01-02 17:05:00,0.9554672223052316,68.72653240168108,1.9528886364916307,2.27184833698724,4.956042935796345,5.080410586902677
1319,2024-01-02 17:06:00,-0.9312784280727806,84.58514406152419,9.145945106663836,29.264033109565112,14.571020648764149,6.924262790808084
1337,2024-01-02 17:07:00,2.361891894542885,50.70999627474221,7.344323131096884,10.364266802691787,24.96090233869995,7.910864153022075
1365,2024-01-02 17:08:00,-1.250898431092846,57.7474379870091,8.516347924896921,20.817435896346854,26.80733181031865,11.28438399882391
1494,2024-01-02 17:09:00,0.3762692600532169,89.50806014409312,5.244658518638815,-2.877177902253729,30.40964271559529,9.940903033591953
1606,2024-01-02 17:10:00,-2.4016141659367056,53.187837584785846,7.8648106519299255,4.225533589179575,39.88152680397833,12.110009726199628
1165,2024-01-02 17:11:00,2.5317337807965012,62.7727653399268,8.376492120014886,14.997605724454555,8.245497697412937,9.814933351267683
1543,2024-01-02 17:12:00,-2.15537725337272,21.615593846746634,-3.619751231889929,25.47360477582263,11.32825964124164,8.200537273688479
1010,2024-01-02 17:13:00,-1.6506191656175564,32.68784046704339,9.478254649909879,29.990286679489586,43.62840887492568,8.291288918150462
1300,2024-01-02 17:14:00,0.34880494876929014,71.33492063798398,0.0041964814609496415,-3.643676700651397,41.574830390362976,9.455218927728842
1728,2024-01-02 17:15:00,1.5845580012778893,77.35815208511016,1.5984926437503315,1.862059723545534,41.09637915755435,8.2084136346227
1800,2024-01-02 17:16:00,0.7161078356177937,66.60807494275996,6.87855638789223,27.840628241016418,10.509927371170372,7.3966366304880315
1101,2024-01-02 17:17:00,-1.607196523199063,31.464802902048852,4.973444583587465,31.587494161540732,3.007007949426873,6.188393983265516
1424,2024-01-02 17:18:00,-2.994341744835058,55.63243428622678,8.39589868654086,5.645718727860375,26.218401453394446,9.49660017975731
1391,2024-01-02 17:19:00,1.5429034818446352,48.40758130905519,1.0086062616515825,5.334387115273627,43.51513546029171,9.21887502982282
1778,2024-01-02 17:20:00,2.9112439554665626,59.65290752280707,0.5993224551423788,-1.0386752237075352,11.952092470543409,8.228263385775374
1213,2024-01-02 17:21:00,1.8594787218365427,89.62632276432754,-4.524667256880205,1.763228901865304,45.219595029283866,8.085509529012091
1690,2024-01-02 17:22:00,-0.23876029106030794,82.06891509269215,1.9408806500448712,-4.639284865298922,7.162471837627084,8.223003802882076
1087,2024-01-02 17:23:00,2.4226035683946394,26.719160111132716,5.861061554936631,21.542405790005247,14.975000376489305,6.242686785449518
1552,2024-01-02 17:24:00,-0.5409139612898999,91.22473582196514,-0.4823192356067594,35.67511048402443,14.984583031099897,4.45986552837625
1400,2024-01-02 17:25:00,0.14960450546080528,57.74137209198589,1.9408977051076217,1.7309244792180483,7.639898476606768,6.70952215304013
1587,2024-01-02 17:26:00,-0.1372213956259003,79.50897159087987,-1.7090334727208294,28.814964854846956,43.65163082450871,8.211501140656146
1888,2024-01-02 17:27:00,-0.3142567640068501,31.20313850114817,6.59181708807191,20.814640884512347,20.688238144733848,9.440951719095883
1045,2024-01-02 17:28:00,1.6511446157634344,73.65756205656385,-4.092326579882793,37.29648516759275,9.61380682486456,5.031338564274842
1671,2024-01-02 17:29:00,0.16061344361695173,38.906081408756634,5.580745825007474,30.915513511161606,7.447488021994805,7.192180221430714
1462,2024-01-02 17:30:00,-1.0996972678487036,55.070471771274526,0.684100176174752,33.37280602416079,21.10361373062187,6.893629240112508
1591,2024-01-02 17:31:00,-1.45105099404913,21.34902960656835,-4.376058959193188,23.761396856765504,0.9626906965880422,9.408919223758634
1309,2024-01-02 17:32:00,-2.7735160981953997,32.128851034438085,7.802043809376787,31.510125379114143,6.14069909539038,11.013970725908134
1085,2024-01-02 17:33:00,0.4991709712982759,27.366439449889583,2.3158279477174775,10.78912765659374,0.2845344672173889,8.662838451212053
1091,2024-01-02 17:34:00,-1.6202315075937948,39.179533835060674,3.9897845442419353,4.405791767674888,1.3168347652025554,6.130136394813912
1659,2024-01-02 17:35:00,-2.1111964679017015,28.00144720194578,5.980460372866853,36.063398705483394,49.868948969715476,11.945730641465499
1672,2024-01-02 17:36:00,0.922979782966066,75.35280212956495,4.82611649501783,28.045114513258923,22.49957187951358,5.108915030494537
1713,2024-01-02 17:37:00,1.0872555469292928,22.32319217673755,5.962853062219175,-0.9183696377859416,36.47334644806931,9.459884624008545
1935,2024-01-02 17:38:00,1.5129293535459958,69.41924004999984,6.434225268667866,34.010928748815424,36.880329359258276,8.941393970862942
1927,2024-01-02 17:39:00,0.021461378031548684,31.25662646604594,3.837272958469164,10.700677299031266,44.03233305028342,12.986817667458922
1241,2024-01-02 17:40:00,2.3643276312233192,95.61291657423175,0.48456746361635084,8.422500574379958,5.276914623027528,3.495398486617921
1864,2024-01-02 17:41:00,2.6180565203893664,94.64752584878835,-1.3528677542548606,23.049110527887454,26.331057842920405,7.81754900734866
1001,2024-01-02 17:42:00,1.8442256387549367,38.04024820167701,8.543548549791808,20.58693862479086,16.153796102314814,9.76621242205588
1224,2024-01-02 17:43:00,0.8135608920491233,69.15370385784236,9.548872669573305,19.22155245244697,27.469268550595363,8.946733657556289
1800,2024-01-02 17:44:00,-1.177674278452868,22.240425557796677,0.36494132647313293,6.469473253091211,16.672764375119243,6.642935218476396
1744,2024-01-02 17:45:00,2.897669529721327,94.54308344409392,-3.3153390639154967,38.18981880652989,9.264531591104173,8.69937819051201
1972,2024-01-02 17:46:00,-1.35518299684837,61.83898465533677,-1.661940093253531,37.75544157232899,33.674078626868116,8.66795725729248
1925,2024-01-02 17:47:00,-1.7840584680574136,23.45785211342232,5.060010189807844,-4.812701453487508,2.017604149205229,10.202984769940025
1928,2024-01-02 17:48:00,-0.34707531728050345,47.39999944065099,-2.4059994506250386,10.202243312546882,44.779737790007715,7.669177363566147
1588,2024-01-02 17:49:00,-2.6589565757256692,26.147956948898738,6.701834095914823,-2.9503101172078976,7.398646092149213,7.9581885447719225
1115,2024-01-02 17:50:00,2.870966788030745,51.43555514986879,8.845453598120704,33.26119448394584,30.79569697377697,9.995385531975586
1665,2024-01-02 17:51:00,0.5306013384985491,73.59410737290585,9.454772726182707,34.893320723347756,37.7348175786185,7.211201116094338
1917,2024-01-02 17:52:00,0.3417125499850515,57.59119264331517,-4.86011741037664,18.323422765880974,3.7390810260973675,5.123434176048549
1102,2024-01-02 17:53:00,0.9347776793983193,50.69777397755636,9.37231247431625,32.785511550732195,45.17439894167609,12.852283539675451
1193,2024-01-02 17:54:00,-0.017858113336759907,29.532563643237182,6.102916286944266,26.651214213420634,17.873241580704377,7.728789442136841
1165,2024-01-02 17:55:00,-2.8076188974327505,39.59512365549251,-3.739246516042966,17.480827431779087,49.83664864447377,9.358331894324609
1870,2024-01-02 17:56:00,0.6738677330423806,28.01146301906809,1.2286070316808964,11.371512954506233,3.532217830294499,7.1207409335695955
1089,2024-01-02 17:57:00,1.297043261738584,84.59989853253286,5.500682118692636,6.980126139695191,35.86699238685847,11.06046584478305
1685,2024-01-02 17:58:00,-0.4995056362556811,30.819186238777803,9.350282389915739,6.674311184037338,8.119650739181724,6.115528805520173
1121,2024-01-02 17:59:00,1.543773432427157,67.62986932391148,-2.5378790958291115,20.292897290691613,20.1943612756048,8.32223730724655
1142,2024-01-02 18:00:00,-1.6379922039694763,47.41923308710767,-3.08400077109569,2.5063971920655552,22.21630218575478,6.02353358455543
1993,2024-01-02 18:01:00,-1.6723404536028958,38.07827077241468,2.085205798928178,2.8656344277830144,20.367126801365544,6.028428183549445
1105,2024-01-02 18:02:00,-2.0314980738745563,71.1574751593683,9.521483406077339,-4.532299685283576,16.944896354061363,6.605667763539906
1886,2024-01-02 18:03:00,-0.7680314412650286,56.56018475015525,9.570688228870157,22.599762680160566,38.38375508498164,11.731782911675962
1427,2024-01-02 18:04:00,2.0820722123345012,52.01163738276473,-1.5812788842063603,39.745488354702346,41.01248750296426,6.638206117622104
1304,2024-01-02 18:05:00,1.9674723728943864,67.42816039137773,-0.2097927804281401,35.014871894256565,16.847147753570383,5.732688596285732
1871,2024-01-02 18:06:00,-0.7030547522189772,59.301410279200056,8.620479784669817,26.756041199219556,24.18398108602915,8.258102152852029
1970,2024-01-02 18:07:00,0.5347124158814194,44.278736684124866,6.022622362780963,30.348638399495783,21.145724081750874,12.13623732569097
1316,2024-01-02 18:08:00,1.3248978988494935,64.72490302122013,9.584746429864273,13.75837223186857,29.716491577298854,7.242429461984817
1962,2024-01-02 18:09:00,-1.5527593522318621,73.55988612405557,8.397225445233316,8.413579971223099,7.598274660272542,7.128540874714332
1634,2024-01-02 18:10:00,-1.9911534846315175,22.13545268694834,-1.7735592452938498,11.588272684810761,40.303678561572966,8.16711029237433
1901,2024-01-02 18:11:00,2.832575959273866,57.26973831261403,6.39590289119025,-1.3360063221478224,39.870934634713535,7.236289421370132
1008,2024-01-02 18:12:00,0.7053438792577111,24.6146627666835,-4.271521526598251,23.52078391133346,29.561616613046695,10.181782925425885
1773,2024-01-02 18:13:00,2.888494331001983,34.912433125448885,7.2674916811221095,2.8689259995703233,37.33259697401354,9.480417785245251
1072,2024-01-02 18:14:00,-0.9734640772066254,64.84069872623785,4.023351436669122,29.329519502201734,49.4264078783303,8.32579608886985
1358,2024-01-02 18:15:00,1.2181901998447895,89.29511322124645,9.341514439546925,3.548940801871572,46.133149600350286,7.40629210944547
1222,2024-01-02 18:16:00,-1.6643781807525737,90.62445433507878,9.400486832036176,5.265581137030145,30.611302548404183,7.276492709371856
1415,2024-01-02 18:17:00,-1.4327989723565224,25.595520811090502,-4.237773364634671,38.07875377192756,25.618931045656304,6.238076499656421
1552,2024-01-02 18:18:00,0.07141272761774387,53.52840690293653,-2.5921777166634823,-0.2571839589322602,26.77290036397173,5.576910075768205
1369,2024-01-02 18:19:00,-1.0822912469515726,66.64051864036409,2.2631057097803735,17.447914266071344,23.384063721079535,9.723804682072569
1715,2024-01-02 18:20:00,-1.9942706169564932,31.765592364027473,8.192402874192238,-2.1791071669281257,24.063276281467772,11.390865147230903
1263,2024-01-02 18:21:00,-1.422715788064044,81.23457733958173,7.216677134440845,-0.9324053563007144,36.62864683565181,13.224923277570065
1839,2024-01-02 18:22:00,-2.7855096332048124,79.5388206749791,9.465550395276681,23.507516296229213,49.60686937866026,12.305549541110876
1689,2024-01-02 18:23:00,1.2265417288649196,92.26728109654357,4.271261756670112,23.382726837636348,2.3611834327609573,5.904457067617708
1859,2024-01-02 18:24:00,-0.04730005748483013,20.678880966675443,-1.151547206575691,3.690412659587162,11.58638728547713,9.348352483924613
1317,2024-01-02 18:25:00,-2.434541601572846,37.33473951912021,-4.62340040742234,34.26189318662767,10.58936107896972,6.337997911405433
1083,2024-01-02 18:26:00,-1.9698360412290528,86.17493713962574,-1.656102639191766,26.59841480573398,41.659523386373785,8.613331053478106
1317,2024-01-02 18:27:00,-2.384792771324136,73.64640406615483,5.12909796930437,8.527476229202406,21.044220147900198,7.32951917700527
1110,2024-01-02 18:28:00,0.6755568496552589,91.55118829587926,8.894122350145198,6.177395110401768,26.30410012936854,9.239370358877872
1250,2024-01-02 18:29:00,-2.434737818325037,24.57437236242132,-0.18644499037602813,28.942836390887294,23.510701531088365,11.77159165134604
1382,2024-01-02 18:30:00,1.5256939982112963,67.75711725731543,8.135564954339431,28.01307658596717,42.69869621539302,7.248379421633426
1006,2024-01-02 18:31:00,-2.876934484077653,65.52372599149393,0.923473725117347,1.697436018914697,25.036018074266718,7.199360397214879
1458,2024-01-02 18:32:00,-1.5037452720246474,22.85395330884259,-0.375931259471745,10.713453190162074,33.425514983287385,12.01468840819394
1083,2024-01-02 18:33:00,2.344000055351443,61.08176615299868,2.6326636420872713,4.7504760996298305,1.0722275841370237,4.7012140722134825
1207,2024-01-02 18:34:00,1.3111879087334763,68.76162490479393,1.634102386144228,8.236488823864292,32.65747678389905,8.482870500123147
1899,2024-01-02 18:35:00,-2.562190002445874,35.30345393616858,8.706998027755272,7.940378312269251,12.123490576053214,11.425743077957419
1389,2024-01-02 18:36:00,1.9267566269110787,41.86636664997303,2.023854211121898,38.92106649834837,43.356743435079515,11.59583462959766
1313,2024-01-02 18:37:00,-0.04178927075877148,71.22778770381896,-0.8399691916538679,28.759511789975583,37.60255400887733,10.144894810403546
1021,2024-01-02 18:38:00,2.0806981630129755,57.464075807996664,7.638483662528554,30.10234220211438,5.553416295634301,7.545386544927842
1409,2024-01-02 18:39:00,0.6044386467023601,88.64109260546614,9.981242674893501,7.484042436952953,5.263233019074739,6.428580342613187
1894,2024-01-02 18:40:00,1.0909981921971523,47.390541280735064,4.722571287719859,-4.97628117291342,14.720614539591962,9.956297507774769
1514,2024-01-02 18:41:00,2.9610093623742486,41.33277267105609,-1.2430794659546205,-2.3829347785104726,6.375603396802624,9.009368597813145
1126,2024-01-02 18:42:00,-1.605986724455891,98.78927522758742,-1.4177738448023107,19.884989499555807,37.04236232089912,9.661016153189008
1808,2024-01-02 18:43:00,0.7436734485683303,92.89086161040667,-4.134399556771103,7.84665125042739,49.34214320649432,7.420326192948454
1699,2024-01-02 18:44:00,-0.23807165965560984,22.31941959991839,-3.840604422288727,3.6829570291684774,32.797310959245266,5.525782824393981
1873,2024-01-02 18:45:00,-2.7632882824638516,81.65828922452528,8.724746427741437,-2.7661585272656577,12.527430103766756,9.913353785501684
1013,2024-01-02 18:46:00,-2.91317615098281,28.826781906016237,-3.5526933942567416,34.4146782743382,28.25719234685756,8.952513243728976
1970,2024-01-02 18:47:00,-2.2846285330928477,22.198815586349674,2.265157724151682,22.005730617608915,40.30189151759558,11.661824703336826
1977,2024-01-02 18:48:00,0.8945504432312887,41.89564127730791,5.471826695397674,-0.16820534982842084,48.11415147996163,8.809774698287296
1011,2024-01-02 18:49:00,0.40297852748035323,41.547670324888344,7.755321741604046,29.488180724346712,0.35307970872203176,8.499831556053842
1086,2024-01-02 18:50:00,0.3205773669823646,85.54550098775718,-2.4309357461940904,29.012151598455958,26.232145538464472,10.786371012083864
1523,2024-01-02 18:51:00,-2.8088594248304393,76.85337967542681,1.5666801868803528,8.023163845686513,22.715392519317223,8.48194828561863
1908,2024-01-02 18:52:00,-0.1841820218399577,98.52875418656114,-1.2277970747933376,3.479210120053498,20.783187043627024,5.7420840786821605
1536,2024-01-02 18:53:00,2.547736907055171,76.92103202494548,-1.1626536505009755,31.629184426271934,25.241501545577847,9.13075273440384
1300,2024-01-02 18:54:00,-0.6144487841361204,53.46044426048383,-0.4424103876998622,9.830412969301102,20.23495048870082,11.140772921272134
1242,2024-01-02 18:55:00,0.749534818730738,75.91421287561735,3.8067432162770096,33.13426364864306,17.26637357114753,6.410126441401874
1121,2024-01-02 18:56:00,1.6789120537388609,99.95672537491217,-4.751337924716177,-3.035677412849711,5.828907290103302,6.903130548093059
1146,2024-01-02 18:57:00,1.703551674851326,76.81135060500225,1.131494294732919,17.46800270101975,25.042295578691128,7.9242799139844955
1566,2024-01-02 18:58:00,0.1156804943716283,80.93450847842547,-2.1975479715081114,3.0817876629828955,41.07046562055527,11.84270942132974
1749,2024-01-02 18:59:00,2.147711672414018,95.06920121522074,9.506777627689523,25.242016595266115,5.326143341579616,8.010966288125184
1355,2024-01-02 19:00:00,-0.6517314398175182,29.092100904934668,3.7409373887546558,39.87461926610711,36.95071886168999,7.351069193491256
1684,2024-01-02 19:01:00,2.33215928870879,76.38274347581815,8.02143203245484,13.562996441212054,13.461529313363886,6.470513742791211
1903,2024-01-02 19:02:00,-1.5586370016267281,88.06447663739591,-2.0646501984558197,-0.486025389861922,19.124041467164375,5.727368978825767
1732,2024-01-02 19:03:00,-1.3187015580565737,96.35028801767145,7.150235489856817,9.295290376279077,49.40542667134246,12.734530632621771
1630,2024-01-02 19:04:00,-2.6812762548059936,36.87754317693595,1.2217369195785004,35.1177924804287,33.79304999852806,12.120664796801831
1308,2024-01-02 19:05:00,1.7734910192536972,60.314320617939536,-2.3345796672589634,29.459246084676458,35.98370475344411,9.213875778972604
1694,2024-01-02 19:06:00,-0.49766858260376656,74.44438781155854,6.418678035823492,5.449524785151583,30.159307715109403,7.792894220795022
1287,2024-01-02 19:07:00,-1.6253003165316058,39.797418360106995,6.430166464229215,37.91194237143964,16.185938502432514,7.052062908407783
1306,2024-01-02 19:08:00,-1.609258334300522,68.03782906002192,9.938318602960916,22.998457061189722,33.78828257698593,11.009411349363027
1811,2024-01-02 19:09:00,2.408399647375399,40.60630259983995,6.714058926972461,2.5622230142885662,22.91768928000721,8.471914758073176
1593,2024-01-02 19:10:00,2.0034996027662215,46.67656164253178,-2.820991281093082,20.754496410080765,41.62093186347985,8.333187142123482
1965,2024-01-02 19:11:00,0.32118531214309964,55.32149572086921,-0.1618288732140769,15.307459044879725,28.595752281777013,9.058194985102393
1913,2024-01-02 19:12:00,0.6966648024943263,62.33520789972536,1.77590375936719,31.886395364810376,38.58467645474248,7.0555021869775745
1722,2024-01-02 19:13:00,-0.15404657669825372,55.94926973001205,-3.1002079143530734,10.487201332536037,42.44055459415607,8.278789156313543
1661,2024-01-02 19:14:00,-0.6500007427271468,59.455641583034335,6.820584616717211,34.37402439266259,41.07387005416943,9.949976655794867
1548,2024-01-02 19:15:00,2.4928612873099887,43.88710050306341,2.9004780686887974,31.538667389724004,20.165152559332896,6.726135640330284
1351,2024-01-02 19:16:00,-2.2463237788781876,32.71720752181045,9.166743536436302,25.357155302199995,18.500953133773884,12.151989678516484
1311,2024-01-02 19:17:00,-0.48931926170263207,23.787998186147156,3.8396221678873044,6.637325005577802,43.466470970759616,8.577751382035263
1872,2024-01-02 19:18:00,-0.9326285520727478,35.678297799333414,2.843486256073808,38.66483093259001,7.24069791614938,4.8295661350600385
1058,2024-01-02 19:19:00,-0.011095678493109773,66.55549132046264,-3.928622706007035,19.690005113596914,14.042248642051655,4.978377751302643
1642,2024-01-02 19:20:00,-0.2542087527289496,82.88923582425059,-2.7598114258313333,35.83812902633631,6.13837592990372,6.321253350992519
1923,2024-01-02 19:21:00,0.11333718990648833,33.539807795431564,7.742891151462267,4.707845466258826,2.2003572758620393,6.915452525433368
1713,2024-01-02 19:22:00,-2.1604861366380357,28.684428621811875,9.860139667387124,39.25202359385014,30.831466756027922,9.190567019724506
1754,2024-01-02 19:23:00,0.0788490090796623,79.94322884394002,1.2276870384740421,31.72266530251443,45.04894917589771,5.337230299364069
1034,2024-01-02 19:24:00,-1.5454871166767348,44.41266644298317,7.151291255873936,37.71520975422016,6.557858725332463,5.888640417112356
1444,2024-01-02 19:25:00,-1.8940119060708525,96.1199551381882,4.413786494959776,4.55645795237443,39.805880376117,8.804860049538963
1092,2024-01-02 19:26:00,-2.6109946872828527,77.14543764882984,9.385889105075705,14.37961353621466,19.029061513016018,10.54465795989377
1949,2024-01-02 19:27:00,1.5759153525368452,46.14048377944247,-1.427941468338601,-0.6064735174876565,30.945131865657896,12.253912213853607
1958,2024-01-02 19:28:00,-0.43534847486064,43.1634198234964,3.172536145119146,1.163632295160447,38.21071219486602,5.970794382528924
1206,2024-01-02 19:29:00,0.7598620998705501,61.895870901704725,1.1319372751389336,7.778139861415067,35.532972741986974,9.349496811857069
1352,2024-01-02 19:30:00,1.3655600598284598,26.331573462256756,3.1257396391452286,37.82315472129654,6.921527204844046,10.101588353833495
1902,2024-01-02 19:31:00,1.0758999918813208,29.41412101162392,-0.9671287487171725,25.023625650398976,5.857751775999022,7.261995840194006
1331,2024-01-02 19:32:00,-0.17699568546190658,34.0686305052954,2.46619244073616,9.158453818009983,46.21724922787575,11.734389276238247
1816,2024-01-02 19:33:00,-0.672608826289621,81.97788746436481,4.372062200871477,37.95579934770887,4.065610386703905,5.912866314904371
1861,2024-01-02 19:34:00,-0.7442405421560174,61.1085887415298,-3.7817617400076187,28.28791329776943,10.998144646415323,9.535496892529109
1724,2024-01-02 19:35:00,0.840292781580338,20.845369821955437,6.1448088221143475,35.81405559599401,21.97353705352144,11.156150204533185
1158,2024-01-02 19:36:00,-0.031233870348759574,73.88132219776872,5.59784444740626,36.724935722759426,41.06845392934098,11.934346549182067
1953,2024-01-02 19:37:00,2.0947934879310637,53.89521429283977,8.206864021772278,28.78463874604367,30.171035250900044,10.791151406910808
1956,2024-01-02 19:38:00,2.2482119059602725,60.86818919710383,1.3878482771488834,5.941004340621371,28.60205047006406,7.844869554504281
1023,2024-01-02 19:39:00,-1.9766377319608892,37.12929947303485,-4.074963010779234,39.84650298035383,34.628546564688314,12.504164846751397
1403,2024-01-02 19:40:00,-2.182598090725646,64.1425782715283,1.9219169353253038,9.629087802773642,40.12771109539457,9.02019442059253
1804,2024-01-02 19:41:00,0.7824055562159971,98.33225918011908,-2.9358624190705784,25.226758730547335,11.702871936967782,6.787626953868028
1515,2024-01-02 19:42:00,-1.1926455116263235,25.875575280460914,4.711702202827267,33.01652627310104,1.0431790104925927,9.336475620957762
1731,2024-01-02 19:43:00,-2.888575687409407,42.71339197315445,-4.293027138030412,2.8817947491095346,6.4471390424778425,8.428232045633312
1363,2024-01-02 19:44:00,2.3318560161777304,39.43980742886638,0.6099460934154273,22.40687559751639,8.341681778943789,8.821802905907548
1381,2024-01-02 19:45:00,-1.6385953965371505,39.88394486009437,-3.7573565226875694,11.882774961771606,2.0971496068997846,4.481541486347713
1531,2024-01-02 19:46:00,2.5756839101148543,50.29650860523019,-4.94950348892595,5.993008133762364,37.40115002386738,9.888749733988472
1955,2024-01-02 19:47:00,1.3046067052695216,85.4487827795334,9.408358358523877,-4.47026842596596,44.25774164380909,11.413390208083005
1151,2024-01-02 19:48:00,1.5759209394689062,93.028695197151,9.941910220394202,34.23883287090871,35.561427941838936,5.413616315166163
1561,2024-01-02 19:49:00,-1.7912310252410375,36.177206996717864,3.332544272977195,1.114669625208494,9.512298849905013,7.804579487411059
1688,2024-01-02 19:50:00,-1.5948334462991225,63.43599503584902,-1.4156622508177414,34.51527223081845,30.36159573261389,7.701289656282188
1946,2024-01-02 19:51:00,0.12760652294439456,70.95191777323842,8.666485552129862,22.031076946380164,26.078123556881355,6.924864967541744
1607,2024-01-02 19:52:00,-1.967400884100827,61.7461979491076,8.845548956141599,22.947499953176855,41.01617551751006,12.672160835744839
1616,2024-01-02 19:53:00,-1.1674098439018064,54.72611153575357,7.817633367560589,32.28933074158953,47.120707130555346,12.054848182637121
1419,2024-01-02 19:54:00,-1.0712251323131732,35.35804046873903,3.165549768510731,17.924851600365127,37.1724489956268,10.484916085506109
1249,2024-01-02 19:55:00,-2.0422204004834157,59.05754873593908,-3.8794675865595885,11.077805566045399,25.67567703303458,11.009921868805105
1116,2024-01-02 19:56:00,-1.7689029996290355,52.09718621690631,-3.6734160869480323,1.2463007796634127,25.601308093433623,7.3169059933537435
1865,2024-01-02 19:57:00,1.7313110520495396,83.64506900018156,8.449296815689827,20.668692154365043,40.40856466728671,10.730143328377435
1511,2024-01-02 19:58:00,-1.9968248727163898,81.08834873303962,8.13740271185844,19.89251744129855,6.21346618495227,5.642813732191348
1739,2024-01-02 19:59:00,-2.8292556489364653,30.719894496453655,1.5159587377182655,8.22534185502786,7.750356755489539,10.695045214292772
1577,2024-01-02 20:00:00,0.7761296557736306,27.081524205045405,-0.07768070785362013,22.002561654406655,17.241285938988888,6.805208252814122
1334,2024-01-02 20:01:00,2.8558987163547,92.65231545820023,4.661858802161532,14.77150986857633,37.382235926267235,11.503410322457443
1417,2024-01-02 20:02:00,-1.0127171122612717,62.840671117159815,7.104819223832873,31.248856926106193,3.392236140790832,4.048013055698535
1931,2024-01-02 20:03:00,-2.2880657808224862,88.62407498260725,5.975274130777315,20.176881593193013,17.28175042536258,5.369023397441974
1773,2024-01-02 20:04:00,0.4223239522051845,24.652089645312092,4.234044070760595,37.01553638560729,15.995168766691688,11.392975126657044
1294,2024-01-02 20:05:00,2.438125266573877,62.12124932173042,-1.5273343333275289,18.309233577324022,24.338306714800552,6.3159027467548245
1937,2024-01-02 20:06:00,1.7043706789708732,63.15412116609891,-1.062426961689273,34.93728864207563,23.239453828581006,9.272109274161828
1754,2024-01-02 20:07:00,0.7350952104762962,88.856162603372,5.8610122209655255,18.423631210634596,35.74881886768611,8.773759898890205
1370,2024-01-02 20:08:00,-1.1096610203544037,27.808799858376602,7.0392977867654665,20.111566163814988,31.315497641071378,10.821982050102948
1185,2024-01-02 20:09:00,0.25128103965731974,39.235645094072744,-3.2579721785061517,11.506359795501403,45.148222215909094,7.533229286960478
1245,2024-01-02 20:10:00,-2.4525309521744676,52.52306511096105,-2.190544284330409,13.0076105557253,9.114756066155119,3.3558383977132253
1636,2024-01-02 20:11:00,1.07367254568402,89.26731803359537,5.207053932660571,36.98956692812255,21.66083916330202,6.656544653966425
1267,2024-01-02 20:12:00,1.3505761133859053,95.11066520564536,0.8347988120710168,5.047708089124187,20.064770884309695,8.452339552801142
1642,2024-01-02 20:13:00,2.790189737459513,99.41796956749023,3.44939300906546,0.46559747527712414,5.714672830753165,4.868133193163444
1236,2024-01-02 20:14:00,-1.4376158475295702,96.73547891668173,4.222224289834543,32.35949103117734,8.324898984739514,6.399534819936403
1529,2024-01-02 20:15:00,-2.889261485741864,20.475340467548353,6.643052009009979,20.960985988519585,16.8978673257584,9.156525836950637
1551,2024-01-02 20:16:00,0.27365078656290365,23.81666731630976,7.085754260753612,7.809129150766273,36.7666360693654,7.80554222197547
1020,2024-01-02 20:17:00,1.240743026380887,31.80854553260709,-0.798556321078153,14.458009913036182,7.593045432484632,8.708824508578626
1910,2024-01-02 20:18:00,1.7424448552979275,47.90896774162185,3.119450933832569,18.620735204977006,13.339388521782933,10.649085674807843
1736,2024-01-02 20:19:00,-1.8375664018511364,86.3934424789567,-3.147140920671796,21.64631155763956,33.85337437401064,6.590947362913672
1866,2024-01-02 20:20:00,-1.429482785777858,91.41249562683844,7.63022753046323,31.947296032231307,29.873036287727192,9.227356322168642
1793,2024-01-02 20:21:00,0.07554555160377774,34.94675250356664,7.681719074997934,12.745854735520695,5.309253743497903,9.750961116452679
1519,2024-01-02 20:22:00,-1.0163951401799889,69.57313212957669,-0.5074142150081533,25.442640095189425,47.190881671589466,8.774791064784669
1099,2024-01-02 20:23:00,2.1630689195246706,93.38895880522213,-2.590696888669362,32.56451381938633,7.486643398263901,6.961387390448931
1751,2024-01-02 20:24:00,-0.1574390775676786,57.098538874505664,-3.9486233269960014,32.96980551811131,3.1642192062991805,5.1988872821866545
1477,2024-01-02 20:25:00,1.7974718646120174,28.283485756222717,3.624646628673789,6.44103422663909,15.282245828763976,8.714166321402999
1598,2024-01-02 20:26:00,0.4837185628941225,56.62509200677,-3.628578494001803,10.75778699125554,1.420730603711035,4.291818418749407
1297,2024-01-02 20:27:00,1.6385408497026717,50.06359218304458,5.208922669308999,21.770771541799647,1.633117109850936,6.892336390199338
1939,2024-01-02 20:28:00,-1.003962080818057,66.21263968528055,5.1718960155121945,34.85975760611258,28.978736556509837,10.87509049941728
1525,2024-01-02 20:29:00,1.988499731581867,55.09269475256829,4.209811106974369,30.570073901135302,44.658243266359534,6.231920760758265
1333,2024-01-02 20:30:00,-1.3525661066938706,21.387674148297435,8.148407527946416,21.27833056372997,20.186965304403646,7.929063407832409
1001,2024-01-02 20:31:00,0.27659284801974504,99.5198186730937,0.6742103909369765,39.26801337807297,15.17691004789094,9.834333080992034
1374,2024-01-02 20:32:00,-1.7159573209567547,63.48321901844567,8.534043739368663,14.754425324054871,45.73990000455443,10.836201066040429
1292,2024-01-02 20:33:00,-0.14684087024283965,57.89046043876876,-4.446119467308037,32.91027570338111,3.1669189237565982,5.840263281815508
1836,2024-01-02 20:34:00,-1.090948742947781,96.36938972032432,-3.308645181178887,31.828917098782583,23.718297790857967,9.944778905767281
1933,2024-01-02 20:35:00,-1.3997794161767145,32.468829406966165,1.1830834377766495,35.86172402516269,12.704856823569072,7.0592624498657415
1552,2024-01-02 20:36:00,2.801910108168225,35.13900820361986,3.909895280328602,39.445525976134554,19.14738632030927,8.78197873579209
1317,2024-01-02 20:37:00,-2.0395553670796165,84.64117992502268,-4.514365450409516,17.306351391092303,20.59861669021177,9.031446475800537
1501,2024-01-02 20:38:00,1.723955024744372,40.8664864020007,3.5115170713639614,3.803334191652672,27.30236728296015,10.982207811639261
1827,2024-01-02 20:39:00,2.9049897568992895,83.93816850332215,-0.3890252527545286,15.740291057266802,22.717222712138074,7.757416947074746
1380,2024-01-02 20:40:00,-2.880591097559533,41.7226786326802,8.307202117177438,33.42481946434444,49.40366652753231,10.190944382801987
1622,2024-01-02 20:41:00,1.1941644842525703,22.655010418000117,2.999268875030963,32.624798541494414,1.3730083934194965,5.904647102725382
1013,2024-01-02 20:42:00,-1.4825291666622773,61.36117791093728,3.818408623261506,10.118645841406435,37.90717752130094,11.245962688570913
1503,2024-01-02 20:43:00,-2.7570730540301733,35.73491473014891,9.18432716672325,-2.871193686859682,2.644665879986403,8.528752110393835
1230,2024-01-02 20:44:00,-0.582662526260215,80.62770343459769,6.462565399818903,17.94289440218096,21.61040777838889,5.815172818983489
1984,2024-01-02 20:45:00,2.61130686102525,71.29597065857185,1.5740989922014847,16.334541808546543,10.172157686480594,10.403205294048384
1083,2024-01-02 20:46:00,-2.929409433798014,93.88821343823342,2.1531942243402904,-1.1406210000290766,47.27058479702699,8.671890300353613
1129,2024-01-02 20:47:00,0.5273141515786901,82.63906858125887,4.718858028390983,30.770048007561762,36.15227060024189,6.599449390809184
1742,2024-01-02 20:48:00,0.008378871571945723,34.46207638725815,-1.9970117502423035,7.761562327234799,23.196073400178925,9.75638080155276
1837,2024-01-02 20:49:00,2.2403049862262847,84.0126589331837,-3.6702373925881604,24.058844147835124,47.61688165691431,8.927466979727226
1144,2024-01-02 20:50:00,-2.495989712876246,71.33896358512186,-0.3314522608157242,-0.4330461805250154,36.09260155126938,10.295627530691863
1890,2024-01-02 20:51:00,1.089156179319902,73.51613134085,6.675741969043456,33.73164278093213,47.60182490924719,9.354460277619392
1856,2024-01-02 20:52:00,1.0806581905996637,86.5810308776119,-1.1401430184507344,28.26735264198234,35.25828613406074,9.368515958892514
1027,2024-01-02 20:53:00,1.0144801011736995,65.90592553511522,-3.0386119949612045,12.479021904039957,3.977769427285655,5.677676602479961
1065,2024-01-02 20:54:00,2.654006969610222,57.28028114824103,-1.7146610230660961,23.327002719545558,30.85363795938392,5.932101847749509
1162,2024-01-02 20:55:00,1.938525174041283,70.93128282869824,5.1845936800855945,3.4354251708508645,49.019450296915004,13.281312808005884
1228,2024-01-02 20:56:00,-2.748163642538964,43.83659431666872,4.209220850402783,39.34401209315253,10.787686812160203,7.964096372997876
1260,2024-01-02 20:57:00,-0.17350289577292077,34.607770486967944,5.324724959446543,30.824861894217342,39.65771023480814,8.916670189482659
1448,2024-01-02 20:58:00,-0.6122816627919994,69.32702704569971,-0.17062815979426915,30.502300138106214,9.313140004223161,6.207374998360281
1423,2024-01-02 20:59:00,-1.1391166734551876,38.707869526838216,8.512841903999075,1.9021097910044258,22.666635508502054,10.69706014867117
1459,2024-01-02 21:00:00,-0.29197964907541607,26.393208747728536,1.776555359922181,-4.201991379776203,4.324719679583209,6.270140043029329
1951,2024-01-02 21:01:00,-0.6948348904441355,20.044334766820313,2.705695478904154,21.341711549633498,17.095248537893973,7.053372133290801
1675,2024-01-02 21:02:00,-0.4059966007280078,68.66555211200537,9.232119640031907,1.4854275327914932,38.83370145068223,7.941753377731543
1300,2024-01-02 21:03:00,2.8755711936518544,48.97190267841894,9.689159019174634,30.119505541998024,2.358875592768547,5.020077885369887
1918,2024-01-02 21:04:00,-2.468202151502515,80.18487765387647,4.923140888748275,13.723426308021082,16.07781211208762,10.454276120238815
1302,2024-01-02 21:05:00,2.533385219032379,50.01411186504819,9.172197888636866,10.236741204434429,31.52464052903032,9.735826024623547
1286,2024-01-02 21:06:00,-0.11857971917384003,58.88027585905814,3.122610795106649,-1.685783189223025,47.43301533295413,9.094822802127526
1394,2024-01-02 21:07:00,0.742453472997247,52.56679782523079,-0.39075581649842395,39.82292859750797,12.343053323501751,5.135404616374291
1009,2024-01-02 21:08:00,1.9810977997061627,72.04598328874769,-0.2736071605018795,38.020485117409585,8.740185480958784,6.006659440719553
1706,2024-01-02 21:09:00,-0.837221825104467,48.49113296119746,3.384108848235183,0.9218608513082982,10.263164465135086,10.710157405447184
1629,2024-01-02 21:10:00,-0.41746855147219897,97.10141199538471,4.0755418098279765,9.97652218816713,11.916755968329824,7.58340894471471
1269,2024-01-02 21:11:00,-0.5428891183277162,94.8917589278824,1.5942560487962334,12.5854392111073,31.952245606509866,10.155675119580494
1591,2024-01-02 21:12:00,-0.7516138647854409,87.8422322125825,8.256572252677659,8.356048515201794,49.933525803942075,9.841969196711535
1969,2024-01-02 21:13:00,2.5531759298813697,93.62402164581985,1.4004417807032574,37.05108518446801,26.22720492763328,5.617415150944122
1604,2024-01-02 21:14:00,1.973579347158072,55.93117507675128,-0.8986452950349824,27.460382305993818,13.644395971190692,10.04267130450524
1777,2024-01-02 21:15:00,-2.3460000608221434,62.91443174315937,-4.880271824846903,38.01623825173292,37.37329256388127,8.011040479386748
1843,2024-01-02 21:16:00,-2.3512598851374236,79.36740740465956,9.558539172364553,34.35274311358441,7.996756866473945,9.161507255674996
1861,2024-01-02 21:17:00,-0.4327829108820529,75.69167399508329,7.364699247144166,28.954368376112782,1.5977072349853596,10.454071179619921
1360,2024-01-02 21:18:00,-2.408055739603146,91.25428764843767,4.233393770279935,26.363519818594522,30.302721951325452,4.877724843715802
1256,2024-01-02 21:19:00,0.7145585716267178,77.30648218053562,7.458133808551921,33.97731209407666,10.593748157565075,4.005569757666349
1132,2024-01-02 21:20:00,-2.1378503564295963,99.83077665827685,7.154338453764158,25.786745355615484,20.021938865185316,9.415219278236812
1275,2024-01-02 21:21:00,0.13423958380080636,47.88046398652728,8.977761703387376,3.4923909541517943,11.633718334737598,6.322315524653985
1775,2024-01-02 21:22:00,-2.9566803179776935,86.63981937915344,0.7910152504056231,24.165693239264414,45.911280471024746,7.238638444891887
1682,2024-01-02 21:23:00,-1.1004219095241197,75.81078582661314,3.322783631289111,18.175073797685798,16.96563321775187,5.606039947301939
1971,2024-01-02 21:24:00,1.0631443420359323,75.31091561720149,-3.520579644196311,39.1852604692897,22.508767066811696,5.4453447569243165
1512,2024-01-02 21:25:00,-0.09576635863290939,46.06684758759991,9.479731385784596,17.948449617964133,11.818664479364134,8.895610784306683
1312,2024-01-02 21:26:00,2.8696169159939284,82.84814339384181,9.776906039237497,-3.2695257582030344,4.334065479371945,4.63924032599295
1575,2024-01-02 21:27:00,2.2446227763972644,92.03008178780793,6.836263718968025,6.888527984453955,25.676575266465477,8.176262871826095
1885,2024-01-02 21:28:00,-0.845575325741093,37.483876921645034,1.8118147472250525,36.28217922046445,43.449291133899536,10.479565433050691
1979,2024-01-02 21:29:00,-2.727080751166352,70.03974696933633,2.4485012637153645,38.306034870098635,17.648914251062354,6.234165230444897
1283,2024-01-02 21:30:00,2.073757800690113,51.37078632822202,1.5305039948178552,27.78243594883471,39.070333352471046,8.00267859544341
1120,2024-01-02 21:31:00,2.467405861888029,99.16384954359016,-0.6003404521665434,-2.441124554586332,1.7273549328903193,7.033648084478792
1106,2024-01-02 21:32:00,1.9237643605142205,58.306625266534525,2.9168710832314986,-3.940637551418039,11.85188142585234,5.0795356897230155
1932,2024-01-02 21:33:00,-2.232300354481411,38.265613903755415,-4.198323957491498,16.581775125959506,6.6616168202100905,8.98077016289203
1686,2024-01-02 21:34:00,2.9874908064737262,50.548610017746604,9.878305929057525,39.98525379523983,20.203831651155905,11.561543491013913
1996,2024-01-02 21:35:00,-1.448494670683357,72.3070711853301,1.3607520274621123,34.11835318747323,44.72721314276725,10.398012919991997
1203,2024-01-02 21:36:00,1.3452294768502204,26.087149707966102,8.910498760556594,36.98984293968991,18.738245331453548,9.187295279251677
1164,2024-01-02 21:37:00,2.4482092580143293,68.28815361769901,5.864071909900053,23.059367724681376,30.20584908720509,8.633949897662546
1304,2024-01-02 21:38:00,-1.5858773140157434,94.49798073431184,-0.6508562470409895,33.66061277131756,44.917291750897895,8.497234999098536
1496,2024-01-02 21:39:00,2.4495513280623964,88.02902301262803,-1.6692107273809635,9.386426847873663,18.05334890119521,9.182002979722244
1631,2024-01-02 21:40:00,-1.1431105248307982,25.41388293263867,9.935131506435344,-3.768619844703587,18.351205716263777,11.923554763774634
1555,2024-01-02 21:41:00,2.858479334304337,99.47119029912545,6.581895325810535,36.32127827001821,4.490353734746734,6.717451190155609
1823,2024-01-02 21:42:00,-1.3124398777171524,75.89815389631033,-1.255077887759886,4.829378109201961,17.517577608832255,7.3879670980848005
1155,2024-01-02 21:43:00,2.720614948547011,32.982465945121895,-3.988324277341091,27.78188597235534,37.333378075766575,12.190639082038402
1366,2024-01-02 21:44:00,-2.6787320946439506,20.993287133553878,5.45374817952068,24.65352916947192,42.24700599498835,13.613771192058799
1718,2024-01-02 21:45:00,1.255632070018878,33.702610903372104,-0.4547531478338547,2.117359678884573,36.165250716939525,9.232242735252024
1901,2024-01-02 21:46:00,0.19266680302202221,87.05407365485908,-1.6800378105842393,3.810054843901593,0.44557520032109155,5.405511782874699
1619,2024-01-02 21:47:00,-0.13273753726361637,21.731145995613097,6.024061227240042,9.808261664340813,5.9371423202727565,6.34546114412562
1250,2024-01-02 21:48:00,-1.65903411446496,38.65178428944692,5.188919839815213,29.061879382686307,36.57600169877476,12.998398725206725
1956,2024-01-02 21:49:00,1.2335747386589517,80.58444762679002,2.2211901214028664,-3.234008988654497,47.12559326506112,7.775488559398125
1915,2024-01-02 21:50:00,-1.8551430513221574,66.88884287185081,9.139838991555598,13.31809331298555,34.79852040131182,9.130160023615106
1881,2024-01-02 21:51:00,0.3170507759086094,82.61885682881535,5.194575490862366,24.930094282985483,11.382555327235519,5.388224422053683
1333,2024-01-02 21:52:00,-1.4805278217584952,79.69204030614304,8.401293409298638,2.7161925672384895,5.467162193692489,5.009338649003826
1641,2024-01-02 21:53:00,2.7337282786881367,24.04811096974438,-2.1417058647542135,0.37377726599373595,43.863112549464056,9.357174016426583
1968,2024-01-02 21:54:00,-2.828212836986083,91.40091352753213,-0.5503113487866695,12.5595508477996,5.041622546651461,9.390801481959898
1510,2024-01-02 21:55:00,-1.8016303193325807,38.1625467425815,-3.432197994594076,7.895164803776591,7.636744490825633,4.7343478732875175
1292,2024-01-02 21:56:00,-1.5461363616753137,64.2713952183811,-0.4313000319194691,24.20930489057945,29.87496680427283,9.652466242846515
1019,2024-01-02 21:57:00,-0.5155930453931017,71.5430525222223,9.576674938095707,38.63058414345759,9.58085419374174,5.325221134272877
1281,2024-01-02 21:58:00,-1.6036185487796788,33.49025687080763,9.44284369138451,-4.798897883188245,11.456908463146497,6.206564248287614
1796,2024-01-02 21:59:00,-0.05190545838728866,98.09850053607795,6.405795318264863,35.607096060725155,7.198702586765211,5.26184207898295
1000,2024-01-02 22:00:00,2.2347931395512344,59.052476486984716,2.8157239417443582,14.495036637572163,47.22187735733247,8.66786529473564
1118,2024-01-02 22:01:00,1.2723805284550247,24.611415647791475,6.711696981883675,24.880347817044463,6.333766543283227,6.287854179883204
1034,2024-01-02 22:02:00,0.47977188321066633,94.98096358222723,3.3023042682057984,33.296216478016326,46.573469917318356,9.541203939189243
1197,2024-01-02 22:03:00,-2.465980932103922,66.90142745546144,-4.9473724299283495,20.805639750495594,16.37722919166589,4.923472836923898
1484,2024-01-02 22:04:00,1.1639526503356539,75.93545583851011,2.5232061091542333,-0.6209677763897945,41.09581855374958,7.947843536744919
1756,2024-01-02 22:05:00,-2.0015142941343607,62.01406319473793,3.983851690165787,1.3267829068690258,47.504878717417036,12.330816836872412
1058,2024-01-02 22:06:00,1.7182043157701878,86.7790363821574,-1.0137746374549375,30.517601904378452,26.010961779857787,11.663264846926685
1836,2024-01-02 22:07:00,-1.4996594489390809,22.65067697545687,-1.9505965363750768,5.3094204149904805,38.53158902157147,8.983849614274803
1160,2024-01-02 22:08:00,-0.4977076300745944,41.47026922217182,-0.8928635779152305,20.606692725959523,13.373922307539797,8.850433101113696
1690,2024-01-02 22:09:00,-0.8971787860924323,57.571868512215374,4.354416242767986,14.263623061545076,19.209913213198778,11.58543573595411
1205,2024-01-02 22:10:00,2.1528834880491408,26.128289305096803,-2.8090382759667127,8.663754226410767,27.69403760575779,5.791650778958488
1011,2024-01-02 22:11:00,-2.240733247719551,76.47253354613267,5.804924519942492,30.41354038550743,42.53801271613499,12.004134816569263
1489,2024-01-02 22:12:00,0.39386929430873163,51.49307312445126,1.3401223144241419,27.90474935011685,31.074828180099754,11.440004874452706
1275,2024-01-02 22:13:00,-2.1476303433416266,41.813439221451524,0.3002178880798825,24.07489980122468,1.2027313182674313,5.498240332917986
1692,2024-01-02 22:14:00,1.2287750167931204,20.270307744672984,7.108469375205294,11.770211579045135,15.308749822984106,7.275057542915683
1241,2024-01-02 22:15:00,2.4304687667668867,77.5864249399963,2.5909487415478987,5.191164580957809,43.26209454194898,11.14967901468255
1215,2024-01-02 22:16:00,-0.3923540767964795,86.70474470982894,0.6760084178639216,18.215272794916288,12.087817414278794,8.430268859161785
1250,2024-01-02 22:17:00,-0.07144643841014453,51.60324285451988,8.172320733409068,31.769684514794662,18.45961569543406,5.626304168187632
1810,2024-01-02 22:18:00,2.5645370188965737,65.13743816266924,0.5237744829921365,20.904923667288735,19.541774685353236,7.137841552728627
1125,2024-01-02 22:19:00,0.12594833189614274,38.21493007436787,7.885004244150558,38.65628394377479,7.8071914442937995,5.547798684390277
1993,2024-01-02 22:20:00,-0.07440937170263417,69.77581170241065,2.5629804769383737,-4.305313037192121,17.555621262699347,9.197514638076722
1216,2024-01-02 22:21:00,0.4699746162258247,20.970996665216042,-1.8798935381748914,39.925605162488026,40.88929387702481,10.35256857037429
1305,2024-01-02 22:22:00,1.1353784181777113,59.09151176790068,4.192272821666258,26.113407086141013,42.46978403475317,13.559365637868412
1796,2024-01-02 22:23:00,-2.358699749477812,71.53643854725539,-0.7201471059505806,32.47033077359493,29.086787451005698,6.607964196610035
1184,2024-01-02 22:24:00,1.9266631664490959,93.45534185837872,-2.792673017357073,10.072856549535489,33.96910628796117,9.352321721558877
1038,2024-01-02 22:25:00,-0.3869698352804445,50.506865369782744,-3.7020594290333078,17.875359763895,26.77517790299282,9.022978916500188
1222,2024-01-02 22:26:00,-2.5659089406150866,81.21521623848238,-1.37453996303837,30.864516154794913,2.3092009670805087,6.214537648537133
1183,2024-01-02 22:27:00,1.717096015189279,67.81496239548005,6.048319630032868,29.229226256514394,34.86457484908435,7.967812044337273
1494,2024-01-02 22:28:00,-0.7383001698823675,94.16096903400644,7.56998833563614,10.031549299567416,49.82788869261808,12.738527907100575
1426,2024-01-02 22:29:00,-2.3977950294296764,51.87021405275445,7.925812689728824,9.598460576071133,11.468383958625372,10.164680892919403
1177,2024-01-02 22:30:00,0.8026742372595033,45.52762718983904,-0.947775894350845,24.8265041310459,49.109344826784046,10.080149218864618
1918,2024-01-02 22:31:00,2.2807881206018497,90.9713598955315,4.914593994180128,37.01466316623976,49.88890267089692,9.303144512108386
1427,2024-01-02 22:32:00,2.3265210564839176,23.93955211266313,-1.5446891012760573,14.74536958033585,7.161578813822773,6.5566626415760645
1293,2024-01-02 22:33:00,2.745980848853839,30.910831434694146,4.341431709523604,10.882380968914719,46.31414549655172,10.32857567904955
1851,2024-01-02 22:34:00,2.2062327586001285,26.592354766723556,8.308164895625453,35.26091663062818,33.80907846440968,11.840163023595958
1150,2024-01-02 22:35:00,-2.9871544839271484,87.4487965261122,-4.386594760968779,25.73752276554613,23.371954040298824,9.301260456790544
1383,2024-01-02 22:36:00,-0.7185530015196586,20.848593869625553,9.778385015881092,12.472419086773709,17.298569802570924,11.728839922290812
1637,2024-01-02 22:37:00,1.9112554794330183,88.93257243976385,7.406318161876676,-2.4225696118492457,31.52709952179083,10.008216258239479
1812,2024-01-02 22:38:00,-0.8024819640091545,56.101423629701344,6.424931744405477,27.46701724215032,42.15505519005361,8.14936496567
1307,2024-01-02 22:39:00,0.6092910382782368,20.32202230831766,5.370443405676866,10.879892081067101,1.801707753276391,8.630512502777036
1335,2024-01-02 22:40:00,0.6379016842471921,52.131614176963346,6.554108333708175,-1.8245211002438122,26.81956733776672,6.303484271785216
1945,2024-01-02 22:41:00,-0.8098481757670619,34.94406728360285,9.918930340608188,22.553008926086953,32.54817281788723,8.174680984363658
1745,2024-01-02 22:42:00,2.4268435636877257,69.95203899777304,6.552869456688109,9.535309172222972,1.377604253950328,6.435954114418804
1891,2024-01-02 22:43:00,0.019370072316705844,74.34870319373172,0.27401177002490495,10.230542873973825,44.4649722200089,9.333017203648911
1374,2024-01-02 22:44:00,-0.21129476437499495,59.002205632399985,4.2088277940025485,16.56265588365517,47.59431698145179,11.574234894026585
1007,2024-01-02 22:45:00,2.9850824739713753,23.241562035173597,0.05384524239753663,27.28636452978047,30.663316557242293,8.478817877375871
1340,2024-01-02 22:46:00,-0.03899781556429982,72.49030434937615,9.550981648850062,7.434871493633237,5.938353615690919,9.71349856143471
1128,2024-01-02 22:47:00,-1.9296104884285137,87.3631026884417,8.502095992385506,-1.357433789949456,46.62734434522682,9.857065924704173
1775,2024-01-02 22:48:00,0.07841653718062824,77.62594218611213,3.514303411942427,14.099157464777779,40.26985415941109,9.315091932235926
1668,2024-01-02 22:49:00,1.8841004131195804,86.39663351642548,6.719106317401735,-2.5283559597622536,1.5245566297903512,9.41493124607806
1351,2024-01-02 22:50:00,1.6611619613896886,36.040761884070996,8.645304144576459,26.37708294514974,28.99996563278346,6.38358260933319
1357,2024-01-02 22:51:00,1.731490590650826,91.11103517251861,-1.3459960451516109,38.16595605651584,5.815412087342985,4.132681775913472
1516,2024-01-02 22:52:00,1.2481427039874706,45.775476051837025,3.692227853932069,24.644146344165925,7.1392131706517565,7.559091377063777
1494,2024-01-02 22:53:00,-1.4746930255998707,21.072385140159284,2.2257447887882247,7.3925702387884105,9.706246252277284,7.446323628610268
1085,2024-01-02 22:54:00,2.172504515041389,87.47133170632566,6.573870322644121,3.176607439192157,19.869805899862754,4.400260312857747
1174,2024-01-02 22:55:00,2.3606607922575904,95.34570151717814,0.6862378200074302,5.4752607085040434,43.83150475655581,9.697111153557456
1801,2024-01-02 22:56:00,-1.8350838202887056,72.44465579338791,5.634694595622875,4.972450142565469,1.650663092401811,6.423153102980698
1192,2024-01-02 22:57:00,-2.2172661806916363,38.51493043707397,1.044896335176067,9.122372772003205,34.49162739896883,9.950530464427958
1310,2024-01-02 22:58:00,2.853629811534672,40.13955714260243,-3.3338770303324368,-0.6193994842334796,48.231084373631816,13.25818294678919
1118,2024-01-02 22:59:00,2.209943781902208,57.32742987484956,-3.393178525875242,35.30735759408959,32.097548845503354,9.181362132130701
1217,2024-01-02 23:00:00,2.35941688325968,91.82648636811356,-3.2141551317021895,34.83042228982785,40.79869246440333,11.864988991772849
1426,2024-01-02 23:01:00,2.3182583077463708,31.967812491804672,-4.512201861017574,22.685631410568774,45.09843855655337,8.588297837978482
1969,2024-01-02 23:02:00,0.2501209442023704,86.07789356667895,2.99459757395158,-2.213583490713868,35.76841046002035,9.422372666841122
1413,2024-01-02 23:03:00,0.8784104199947982,43.30422469641203,5.078540229756024,31.180033332479475,33.02615563459669,11.270634667769764
1113,2024-01-02 23:04:00,0.27217711280184975,84.68689355432784,-3.0990739726146566,-2.219513731778959,0.996540520769501,5.561955476096836
1977,2024-01-02 23:05:00,-2.692761904858026,93.62169580812309,4.177870003324179,-0.21104493065906915,25.992565542769604,8.066496223182751
1144,2024-01-02 23:06:00,1.473018512116636,54.19950975954562,3.9661011738686796,9.638337668992156,23.514366756448865,8.176244836554657
1537,2024-01-02 23:07:00,0.03199220001528147,49.204052328442465,-2.7935892290470643,14.41616429495021,26.183010790052776,6.227161420963652
1647,2024-01-02 23:08:00,0.8862544487413784,84.17770551770414,1.0612389994189488,10.925003052189362,21.68077147301357,6.846979239349909
1302,2024-01-02 23:09:00,0.0158388298532115,62.358630590351524,6.3270356465647595,2.4353401440263776,45.33721998303409,9.176842587738772
1743,2024-01-02 23:10:00,-0.049132066065264546,74.75592387705576,-4.748659616719827,0.04583729567983674,44.4626014687223,10.329985132723804
1880,2024-01-02 23:11:00,-1.969265343133399,69.82633895689436,-2.795781741524177,33.673685201698746,6.372357912652142,5.6850197311955535
1587,2024-01-02 23:12:00,-1.3277177091531063,32.231107651583706,9.937425614871168,11.343155167836763,26.69135074526164,11.713460050893485
1986,2024-01-02 23:13:00,-2.0468838483362655,87.58322882316493,6.003173457235894,4.836972015017885,47.981993291538,12.689668960897588
1839,2024-01-02 23:14:00,-1.8260022262479454,35.6620089130509,1.9619541882888365,16.914611048051896,29.973341367560366,7.875122662097726
1344,2024-01-02 23:15:00,2.8378642825218297,94.58257152566246,4.447021181374378,-3.3429469757921715,40.10325416343379,7.260980977877213
1813,2024-01-02 23:16:00,-2.0813193253668096,40.045703313771824,7.693314558977116,22.012653204951267,18.73066510206377,11.852794057912696
1963,2024-01-02 23:17:00,-1.3843774541687541,78.71047786189935,7.634568783304552,6.182031408231914,18.924724877078503,10.967502864292612
1800,2024-01-02 23:18:00,0.5435379464315098,42.772431479487366,-0.129478468081893,21.918838635909598,16.351795439346667,6.833848262803517
1000,2024-01-02 23:19:00,0.6610714574198511,45.42283268694911,2.369371338178361,22.635632400064104,1.1900886849753913,5.54651366713466
1146,2024-01-02 23:20:00,-2.0761552215370256,44.800148222584426,4.570826447479655,31.415088611139076,46.250095461530634,10.826423601584223
1286,2024-01-02 23:21:00,1.7623045547112737,79.83138032208666,-3.921546252280939,5.345714002426325,17.547120784154817,9.185921946638045
1975,2024-01-02 23:22:00,1.7112172074769498,64.54520943755145,9.186948990861284,15.855908737867608,18.417689022875262,6.314954707686146
1653,2024-01-02 23:23:00,-1.5760937747766535,90.63619646779978,1.4911273849355942,38.28493021863044,38.00141567891925,10.445971488834541
1052,2024-01-02 23:24:00,-1.2680021839472373,44.58981753632359,0.5629349088689031,27.720617983807905,26.391966820827466,6.7286683170573145
1303,2024-01-02 23:25:00,2.6279271927569816,75.35940176453954,8.606505421747388,38.89047136079013,18.165903536404123,4.564270953214955
1068,2024-01-02 23:26:00,1.9540286758768683,80.23588797304885,-3.22570026870343,36.731457088469675,44.192509754362945,8.64359016132073
1360,2024-01-02 23:27:00,1.186782198375143,32.11856904239666,-4.4110880391933724,22.48368685628944,41.286422753346365,8.64700655656414
1601,2024-01-02 23:28:00,-2.506600670936397,52.04714858558489,5.275036184504108,6.8768660146964535,48.842398421156055,9.496010195074216
1957,2024-01-02 23:29:00,-0.4904155145845457,58.62539954803289,0.7750445215765627,29.06158704980875,32.08697963462872,8.824683474023203
1219,2024-01-02 23:30:00,0.35581123246096213,48.454991191549944,6.467137132451587,26.415366061553176,34.5358208901331,9.326899501462405
1961,2024-01-02 23:31:00,-1.8755322720973384,45.76900767753105,-3.9718308270986675,21.500055416082898,16.29252621774601,5.9605200424156894
1703,2024-01-02 23:32:00,-0.31064050735065285,74.91359151981135,0.7563571530307955,26.402315282108546,5.069041423810665,5.942315175898884
1965,2024-01-02 23:33:00,0.6061552649321396,37.269311812759085,-1.4701218193083165,22.611388654536295,5.385245061817967,11.338084486114012
1574,2024-01-02 23:34:00,-1.0357399193076047,76.75125962009031,6.094097994198959,18.37205603827809,32.3324290491401,8.092729946414835
1584,2024-01-02 23:35:00,1.6856689137029228,94.80353571125845,-1.592448343589428,13.717996675750442,5.752254684487068,5.230958681725675
1160,2024-01-02 23:36:00,2.0426974898328325,65.21580169422009,1.869180021615323,-2.9881231440151783,45.34066563119307,10.861894347941895
1680,2024-01-02 23:37:00,-1.0583431833955754,68.91473893915793,7.2831632670506785,33.95595635964315,35.22304584085514,11.27387994892225
1088,2024-01-02 23:38:00,2.031942926954743,25.514616169927127,8.730858031967044,33.94932621698856,11.387716324539605,5.424913369680641
1687,2024-01-02 23:39:00,-2.37854060338191,89.15815228942625,5.839086904986665,21.732129398601497,14.03266188506906,7.745559279331303
1780,2024-01-02 23:40:00,2.026374591735938,42.835822975989245,1.4384261729943049,7.054793732116934,35.527688499166224,10.754838794454573
1584,2024-01-02 23:41:00,-2.0834974099943,69.20409324228518,3.5797881211409965,-3.73410301824984,41.223584759293274,10.453825439796818
1756,2024-01-02 23:42:00,-2.5024370849416435,98.32897357958419,5.345349207287407,-4.93570381248616,41.98755636534604,5.5237491647842125
1588,2024-01-02 23:43:00,0.8506524266460671,67.64020804582462,8.123989398611771,-1.7191674624857516,30.09125589034819,10.252371623954359
1158,2024-01-02 23:44:00,-0.16837580546823405,77.9767589971502,8.328609771404375,11.194884685802425,7.846076115703038,5.0856252665090524
1488,2024-01-02 23:45:00,2.4473436024769963,55.62556945790015,8.964542372325205,3.477817569868499,40.93613911748043,10.615068335474287
1970,2024-01-02 23:46:00,-0.8208648234549045,24.82926748120459,7.160666483610733,6.927613853688559,39.60301207890559,11.577109463527481
1323,2024-01-02 23:47:00,-1.277086419374228,83.80794795918308,-2.798030960874998,26.48471697872194,41.78434353974524,5.699418844226767
1609,2024-01-02 23:48:00,0.0044094368651901306,22.799907301118854,6.214593000793647,38.16173984616209,7.967422646866886,9.456787924643951
1380,2024-01-02 23:49:00,-0.26432288538803217,76.05262631102832,7.218885603448266,4.304912935901463,34.2494515338403,5.546680910409233
1101,2024-01-02 23:50:00,-0.9334317226968705,21.833725851970954,8.168071415145755,15.953977036142028,48.016172279071995,12.915535979909434
1493,2024-01-02 23:51:00,1.1624477921899716,88.98441892613364,8.872253419267388,39.61657306747346,12.877473148853253,7.338680893979098
1643,2024-01-02 23:52:00,1.5573710034834498,32.61088286663845,2.637397202776711,36.925347920538044,35.86472853311604,8.161699509795586
1613,2024-01-02 23:53:00,2.1179038141808197,61.14171963540409,4.826390426864657,10.854233636315405,13.019979829887932,5.657725696194067
1018,2024-01-02 23:54:00,2.837139628262057,67.77205635865178,-4.856708350745464,9.386007105913743,15.424110796533041,9.725904389464366
1453,2024-01-02 23:55:00,-1.4000628472049732,56.603632589872966,3.591753515386509,5.89767881517616,24.31487699621012,6.508000900493166
1481,2024-01-02 23:56:00,1.296560894939769,47.261079147910976,2.0979757161090946,1.9931282423090018,44.75820677513764,7.493733419663163
1593,2024-01-02 23:57:00,-0.6344505870255288,57.42514369447774,9.434590670421992,15.702343560795025,2.0292244095988066,5.946752763686611
1396,2024-01-02 23:58:00,1.062491831706648,44.913260310492696,8.525639479040906,10.350423103303639,49.483101409691336,9.48061890330403
1278,2024-01-02 23:59:00,-0.14410985790467823,55.04978776646905,6.9640589415007845,28.517691724167776,38.626649765517286,8.862368494506928
1850,2024-01-03 00:00:00,2.96263861660759,48.71303927984245,-4.1450872321959995,5.6589926723729995,18.052966985613196,6.65179470328379
1364,2024-01-03 00:01:00,1.3734128147444995,65.29638588057162,1.0304326342499985,28.13495075590221,17.772594160423324,5.189553090217416
1330,2024-01-03 00:02:00,2.7149478026059466,39.033932979598674,5.440633332918402,7.9665963691888475,24.200763682548832,8.498330322568714
1640,2024-01-03 00:03:00,2.009817296887114,99.092524393121,-4.555088846535784,21.672795309140163,43.78637945033221,8.198939214586208
1343,2024-01-03 00:04:00,2.4174060669802264,60.06959627057324,-1.462793123707983,23.729354337762903,0.9940753078474349,7.248563487615093
1821,2024-01-03 00:05:00,1.8865151832880498,35.532966193160775,8.312607851771931,25.230164147514976,27.457657569523928,9.751555624201254
1454,2024-01-03 00:06:00,-0.24504521774453192,58.1653399653818,-3.0532884905086366,2.890254371676778,2.8987136120804458,1.8814256701128345
1600,2024-01-03 00:07:00,-1.4892692799186937,89.31321036198594,-4.229397434920338,7.722011637476244,5.868477292395327,6.847626870946422
1724,2024-01-03 00:08:00,-0.7780789472968666,21.74454344995165,3.708786344270038,6.075205843235494,34.564226633838004,8.929558611222596
1654,2024-01-03 00:09:00,-2.8785826041602975,74.36432952858311,9.196969231416704,20.927218495696614,11.792013369078838,10.643615233489575
1064,2024-01-03 00:10:00,0.14395900478800305,63.83742374351424,7.519371098629579,-1.591411897788491,2.1755807817800763,9.827765949264952
1075,2024-01-03 00:11:00,0.03034680162245218,33.564639549610845,9.621587570814333,18.321540248238254,8.295440275700807,11.162632310306396
1710,2024-01-03 00:12:00,0.15150278898292946,85.39811514439366,6.3028473054437395,-1.0639824960631188,10.51104037058885,5.5288313289089
1142,2024-01-03 00:13:00,2.8441873498323833,49.51076978992045,1.560546611268573,10.167519546990121,38.51212158594358,7.051070898314563
1916,2024-01-03 00:14:00,2.468724020729036,43.5041623052406,9.19924659384811,25.901774182800192,31.28371416002974,9.47421639367799
1914,2024-01-03 00:15:00,-2.029723330019352,86.25001534855208,1.3994991767996767,13.565382475529592,36.78268823271664,7.477434156350492
1827,2024-01-03 00:16:00,-0.7867048706646651,71.08200369533317,0.25141924516366476,7.615382772200251,18.554131752074415,7.772563100347942
1604,2024-01-03 00:17:00,-0.4562629232204287,91.86072669398595,1.7229387665115077,22.71357291545655,5.7453254412385855,7.653543310819683
1472,2024-01-03 00:18:00,-0.8368024928901132,70.39069629369595,7.209609315736966,28.312110061695023,40.2839761618844,12.420288572895833
1416,2024-01-03 00:19:00,1.7909757816234784,79.26541263456923,8.765403247733325,6.456322064766832,7.106301248894251,9.249822331509266
1304,2024-01-03 00:20:00,0.14422601920552136,86.91567170076902,0.36523164939513286,8.472995549314476,19.19582016735532,6.326759313786533
1735,2024-01-03 00:21:00,0.43259890182975,24.37917087279495,1.933711847983938,23.813226262798874,13.187684258978623,8.380679275550854
1496,2024-01-03 00:22:00,2.118081353927553,82.08391670955042,8.474909849565746,38.435046708126336,14.897089198436918,6.492314603588181
1290,2024-01-03 00:23:00,1.8355689204921521,69.09651854796614,-4.294345032069966,4.624219150139904,30.13264742067997,5.703713073893876
1939,2024-01-03 00:24:00,-2.206730863078202,25.560623721215457,6.758030411707772,24.44114360700443,8.301172402570309,9.469598517215138
1101,2024-01-03 00:25:00,1.2834875045018057,60.686233749497205,1.813266373515086,35.796542848077465,22.34910712455275,4.527049732499438
1985,2024-01-03 00:26:00,-0.38738322658778657,26.59664623871631,0.6477752657450688,15.788504426996258,31.970550702140308,8.849845269159129
1266,2024-01-03 00:27:00,-1.2321065816249972,78.8757761378578,1.7038193775525858,9.257990192289608,43.45876853142018,8.122647892394058
1866,2024-01-03 00:28:00,-2.699887074586882,63.720137111830645,1.2803601325236968,25.009197934294363,18.62425323345254,9.90178151343965
1967,2024-01-03 00:29:00,-0.07650263792729417,96.28588299298379,6.349279272817089,-3.585568708364619,16.002719895193025,8.941840214220619
1621,2024-01-03 00:30:00,-0.8673799156528119,34.65082972574159,8.919212833662336,11.20722477400183,18.455576527205437,6.389050976773505
1973,2024-01-03 00:31:00,-1.490921761941595,68.48267620163028,2.371837381698679,6.608831206770111,25.089773817478292,9.034004729327073
1841,2024-01-03 00:32:00,1.1680303775817453,36.92657076563931,7.491006786737669,5.107976625029259,15.723420228403281,7.075717633826169
1961,2024-01-03 00:33:00,1.616912323893522,69.12519877819187,5.979168035683578,3.0891668587133463,12.597558045350555,6.750462613207938
1941,2024-01-03 00:34:00,-1.5312628858234512,77.81197618886851,-0.039788216652847375,28.167848571367927,18.827624297380723,9.146588221428646
1776,2024-01-03 00:35:00,-2.7033153799239162,77.7843463463631,3.8097072178982145,37.9794907896684,38.913680313531735,10.381006995842267
1002,2024-01-03 00:36:00,2.09251620339141,85.20591925460879,5.002235125235417,12.314679039487427,12.71545787115127,11.336903129982234
1084,2024-01-03 00:37:00,-2.94024155277418,88.28401823666533,-4.647509421643054,-2.7903511891381556,42.2470186879016,8.303168237144014
1793,2024-01-03 00:38:00,2.622674963528832,26.181738101374165,0.9393332683636046,27.351031615266002,14.326816416897605,9.847680115079113
1327,2024-01-03 00:39:00,0.7657192438962355,47.461372565792324,9.889572637711852,19.21919505086153,30.19353715470943,9.45304689516393
1815,2024-01-03 00:40:00,-1.0689201887920783,74.96980162878445,4.558846406051403,27.564007623061364,48.55171648504563,12.011681220085547
1449,2024-01-03 00:41:00,-1.5211325425395827,59.88690299129697,0.013661039376641426,24.15568738895079,47.5944637005645,8.650225347461587
1453,2024-01-03 00:42:00,-2.9459660144131483,35.25407574038332,-1.2496394089890828,35.74461914335645,21.788186628761,9.456417754281157
1923,2024-01-03 00:43:00,-1.587171497934737,64.21676561333584,-1.8577759684886557,1.319808672711284,3.4690368880286897,8.483064018719952
1628,2024-01-03 00:44:00,-2.1736301908971534,52.594852221291504,1.0246211344781129,2.6122830366883694,45.141172847637904,8.643405960953286
1220,2024-01-03 00:45:00,0.6729973243388736,51.203062212344406,-2.1010146408858565,10.370615081041167,6.433107481416701,6.984172735431547
1153,2024-01-03 00:46:00,-2.0007264684371924,84.78029739485311,-2.9722072691970776,17.112496719885375,46.18510672996323,9.190852916389243
1664,2024-01-03 00:47:00,0.171779025219716,52.6078667065745,0.4609492664043833,36.657120145347434,36.6582672514839,9.606240013145015
1011,2024-01-03 00:48:00,0.5406985340668249,22.116360438433933,4.1049953896869,35.813390320748226,46.718532114788374,11.73508533099477
1132,2024-01-03 00:49:00,-1.2117498099185129,24.645067111287304,-2.8040122687080746,34.23424536712197,33.30305140953842,11.00317800478241
1993,2024-01-03 00:50:00,-2.7896103058876878,88.49952333532963,-4.334850892057099,5.0137120274616365,49.75612255578,11.363854501784196
1303,2024-01-03 00:51:00,-2.776476716314823,96.8480648010017,-4.480507729044627,27.835436974615853,23.40338387927536,7.286719223594006
1292,2024-01-03 00:52:00,-2.8419160068364944,75.07274691645661,-0.9892362134604751,12.257128484070673,16.548113236166056,5.077942201717011
1974,2024-01-03 00:53:00,1.4347480028192772,49.149463528006414,-2.1480156422554755,36.90323173934861,19.726266655922814,8.552966349659922
1299,2024-01-03 00:54:00,-1.0919417711142112,95.0880252635782,3.0888304043522847,4.65411263703507,17.57941771252777,6.214536747699898
1739,2024-01-03 00:55:00,1.7778011158059819,73.02424691005886,1.8358028057634916,1.3566078941781727,20.099784529449753,6.5269163268924695
1782,2024-01-03 00:56:00,-0.4096030569429052,87.54668393594702,-0.1285007849147206,32.90733285850808,44.27158508312053,6.957170353121143
1042,2024-01-03 00:57:00,-0.2820113950202172,81.26818432296075,7.503142512264411,27.26084178035537,29.643850644420393,10.335590384605439
1943,2024-01-03 00:58:00,0.07729561505744265,50.33114526180739,2.574204894947897,31.963975520072346,36.31232623901561,6.706762618696285
1342,2024-01-03 00:59:00,1.2781887382506234,58.29617606806284,-3.6270501187385125,2.1074524455157446,14.464875667339403,6.164388089080734
1325,2024-01-03 01:00:00,-1.3589828050217576,34.89057234944796,-0.5635346888945705,34.81567094872583,49.494547089875866,11.063472790502619
1813,2024-01-03 01:01:00,-2.2704759027988386,43.36112803525872,9.600088992948873,25.492916049121142,14.108663634553913,6.083193203894717
1497,2024-01-03 01:02:00,0.336344011148769,82.25005290292174,9.654659811370216,24.320236130435948,8.03535476420864,9.914373529057011
1363,2024-01-03 01:03:00,-1.0381342605435644,91.51827135064866,-1.179925466793211,21.21627383941247,38.93190980641985,10.658917936200325
1890,2024-01-03 01:04:00,-0.3450521179917754,77.95683386011294,-2.4914580680762914,29.41944185160294,41.969859213612445,9.22332240087223
1426,2024-01-03 01:05:00,0.8816802500238321,57.213895732531064,2.4353221932586653,13.702374124628061,19.7503837993049,5.222262604925648
1020,2024-01-03 01:06:00,-0.0352455531523761,26.920741515179802,2.2219737725026985,0.9769560669925257,27.099481932427626,10.99939088358349
1406,2024-01-03 01:07:00,0.7216729026050572,24.55583589587586,1.1520653090352564,19.266918992238846,20.764986381892435,9.991651106843552
1618,2024-01-03 01:08:00,0.26520001268176685,49.94604516902831,2.940358412409295,28.664588099810302,14.766705603434543,8.81278659959858
1335,2024-01-03 01:09:00,1.4387782316165953,57.105737501413046,-1.5170693222269875,1.9141353799447058,40.687513889376554,6.651847672829283
1814,2024-01-03 01:10:00,1.2356197062697198,68.72964977706374,-3.2760598768446925,5.080930042504095,37.87616407367341,10.217274566876473
1116,2024-01-03 01:11:00,0.2051393508517152,20.51916171095978,3.556921877146525,26.344552992978038,24.317898623668924,10.472247462445733
1123,2024-01-03 01:12:00,1.0734181251582413,99.1778312373045,8.988969951735625,7.134292034377696,22.831991027745485,8.24817816835382
1398,2024-01-03 01:13:00,2.2413576136356763,49.11511067232343,-2.9337608506955313,2.6473387263970434,9.090168369320722,8.139387114269885
1792,2024-01-03 01:14:00,-0.40637227327098824,87.84757310408972,5.5722208634719355,35.02264347873843,31.89994066604708,8.714418731391737
1803,2024-01-03 01:15:00,-0.5234215635072381,62.79733645323235,1.5684503107057752,2.2402910224370025,46.191519324866846,10.995178334383334
1714,2024-01-03 01:16:00,1.585473725114281,30.43515636266772,-0.5903511540679398,10.486686057130418,35.970310226606756,5.683062527088581
1050,2024-01-03 01:17:00,0.49532302225196423,83.80524420276174,7.796638275886387,14.279363157934498,25.362897664388722,9.054311751907159
1782,2024-01-03 01:18:00,-2.5739593186644685,76.78616599359009,1.8473754180577293,16.426299351567838,2.029059601930487,4.695821302023355
1323,2024-01-03 01:19:00,2.352672094146488,62.19488679433824,3.749680211019852,11.258946661921875,46.52111393153878,9.372983037709336
1788,2024-01-03 01:20:00,-2.815301386574159,61.1642473067024,1.645844304098941,36.06423247296088,15.471412467546221,6.605832420800727
1140,2024-01-03 01:21:00,1.4903781372584586,26.998368460074246,-3.781256274956707,24.63813495293146,15.0676307973735,8.764909330244386
1469,2024-01-03 01:22:00,1.5527648562258776,72.46791588590993,3.923570303502789,11.177259215021618,23.532843079665696,5.854892228029576
1786,2024-01-03 01:23:00,2.7186665116915822,92.89961246034397,1.282614625571819,11.097387379192899,21.51537956356817,8.26972061444263
1801,2024-01-03 01:24:00,-2.6751935495860755,27.45959353770867,-3.6986509089855546,17.632862463313643,48.12123990233247,12.241695522391284
1333,2024-01-03 01:25:00,0.5811411647069455,41.080916051912396,3.9371760162846243,-3.485155812366501,8.333871995684971,5.801552664351059
1892,2024-01-03 01:26:00,-0.43295657623768236,92.1846378753679,-4.851936019411587,36.69892774748318,34.487195523306646,3.9675826839198667
1963,2024-01-03 01:27:00,-1.0162022708427478,42.74751278558347,-1.8721941761811154,5.048921997131901,5.427483617488503,5.963265035002863
1372,2024-01-03 01:28:00,-2.458088638205562,72.3154937743941,6.716043053578186,26.3916654559999,13.917189166911111,10.119663687870766
1563,2024-01-03 01:29:00,0.3759247180278553,62.78545319545153,-4.431088627118983,29.997523615257855,36.13464520229261,8.569847012436906
1493,2024-01-03 01:30:00,-0.12575564595231814,67.70620840030897,4.700231470827081,32.232235683428925,40.22176734955892,9.545848654029001
1538,2024-01-03 01:31:00,-2.3726732510938544,53.263112126180246,9.245604193109859,2.4539039440379327,23.499333163496196,6.77939269909655
1668,2024-01-03 01:32:00,0.6749370425825001,43.99931764429689,-2.4321131274048984,19.151188139008237,39.488320911374075,10.58295637863216
1750,2024-01-03 01:33:00,1.427718721517631,23.88267605837352,1.2566779031436184,-1.2346537037058445,46.76283984278267,14.660527762296041
1155,2024-01-03 01:34:00,1.6036698063218893,79.54247514353312,3.6324654605649727,31.21565553910999,46.79579299476553,11.761504847981891
1290,2024-01-03 01:35:00,2.4322391295745645,79.68747697553815,1.7562375810076638,16.89031902812757,17.189475326096936,7.677912250912513
1647,2024-01-03 01:36:00,-0.5431755486673371,73.65805920629785,4.305665292726509,2.132007651556499,15.675778087705053,4.348435005465903
1143,2024-01-03 01:37:00,2.7184366117328214,71.49070304956965,1.0614628775049724,27.340552552362865,36.34958814438506,7.104098335252877
1105,2024-01-03 01:38:00,2.192576430496116,39.497370573402094,-2.772438064671193,9.902643193839003,32.73931568814893,7.822128509518219
1419,2024-01-03 01:39:00,-1.2209905738563658,21.7875947013033,-3.664334602633165,0.15279716920484088,19.674028902715364,6.853019208286991
1669,2024-01-03 01:40:00,-2.044301775903249,84.69723175083517,6.166647342657166,15.74832212471414,11.510797876852545,5.577133207737031
1657,2024-01-03 01:41:00,-0.3876636232319193,59.29108285566615,-1.420640757171428,5.586096941937164,30.959751193464683,6.534741819334178
1001,2024-01-03 01:42:00,-0.5886077522642004,44.54705045620947,7.711754691500852,37.759982608184906,21.56892572084593,8.495195335475655
1944,2024-01-03 01:43:00,0.454315831987226,28.154552542445607,6.145408657327605,11.26127460130498,6.692460736530969,10.966500230573251
1588,2024-01-03 01:44:00,0.5003173939664878,25.017727272111074,-4.258202234864575,20.7603807315925,31.998512710170814,9.070728406229396
1643,2024-01-03 01:45:00,1.4999219062798517,47.90933774361419,-1.9818332440439725,37.67624493056778,34.91395314842636,10.118156120988198
1089,2024-01-03 01:46:00,0.05933968923366084,84.37896518135524,-0.6201101516069265,12.717453395558227,18.275177302716166,8.132833711410528
1344,2024-01-03 01:47:00,-2.3710641543554067,93.49789994670644,3.917233732390603,11.115709319917993,41.61452491479163,6.036119625227977
1349,2024-01-03 01:48:00,2.1497480133186366,91.74010916904518,7.147405004727085,2.3082538176974197,3.776286854738912,7.26831269032713
1458,2024-01-03 01:49:00,-1.1414125008888776,93.6000667799724,-4.095001172623653,37.223660405459434,24.845898021474746,6.213213219890386
1262,2024-01-03 01:50:00,2.8277847618395526,92.61802745034741,-1.2558657218028362,31.033515025580733,47.82109018359359,10.25910192664032
1350,2024-01-03 01:51:00,-2.292839347921379,62.17798012803166,0.6431464356958134,4.945494505985144,9.604110521927923,8.676016128016187
1107,2024-01-03 01:52:00,2.7495070333950196,37.55325108455231,-2.249342681177506,9.970349248674935,8.698979672168452,9.653991829630849
1585,2024-01-03 01:53:00,-2.453929158704898,83.84372662694562,3.179381462595236,36.17103001368781,18.996964620612143,6.2254956918792175
1038,2024-01-03 01:54:00,-1.6137831723176432,37.097037988206324,2.1700371903746545,19.177581811352127,13.47739372468483,6.173170190255124
1908,2024-01-03 01:55:00,-2.7205203474807504,41.37658214052553,-0.25256536923260153,20.035042897264596,11.154516344219386,10.3012441941024
1158,2024-01-03 01:56:00,1.2306788798339694,38.66034574580388,2.7533033038053514,24.166501687812072,47.497168770457954,7.325324116031371
1582,2024-01-03 01:57:00,2.101792419430751,61.19859229566447,0.3373234652667083,29.297371805850915,17.307903885125896,9.374779804266856
1958,2024-01-03 01:58:00,-0.3955735091041177,45.746200653526394,0.1479110120093612,37.267849554894845,3.085919927597844,9.27731686666804
1311,2024-01-03 01:59:00,2.571132450254578,32.33248397002732,-1.0190671196451122,31.100128306151127,44.99910758531553,12.440129910320357
1240,2024-01-03 02:00:00,0.5417944305335975,56.25387295151059,3.1065690147158236,37.054713930880965,22.467477777677534,12.1498664311037
1937,2024-01-03 02:01:00,0.780042812679139,89.91257910281335,1.6617309167849026,31.927439116850614,36.823493936414735,11.358908117229598
1444,2024-01-03 02:02:00,2.072515210204619,65.64422839599777,-2.0551282380916436,-2.9104672723400133,18.43062763793873,6.208718218955243
1297,2024-01-03 02:03:00,-1.2191987696889666,90.26684847100697,-4.8055060865270125,0.28905792416238896,46.7649349462574,11.155395022220983
1951,2024-01-03 02:04:00,-0.8744056720342455,35.66977480633099,-2.736056890806209,34.82018165408503,14.461232746411529,8.03600365589492
1035,2024-01-03 02:05:00,2.435711515167866,33.35790989380432,-4.357480977521911,-3.7536597929634334,33.17205549673753,9.701389872493337
1083,2024-01-03 02:06:00,2.405780976232583,66.04617005587362,1.4739825045764814,30.737859196896878,41.23481174355249,6.706158005311627
1451,2024-01-03 02:07:00,2.858896657205225,57.06631212370184,-1.6235471913146249,33.24296793565805,11.972845946960646,7.677816514263841
1885,2024-01-03 02:08:00,2.4110298986500265,72.81381133175655,1.3068299878708682,13.695905293710357,40.09539098272684,11.889422062132665
1774,2024-01-03 02:09:00,-2.235767783799835,83.57014328214252,-0.05825189944986686,10.96846387704489,39.634572950709,10.286347411718712
1821,2024-01-03 02:10:00,1.942345716821924,80.10458365217411,3.070222160298501,3.748189860312232,48.21475773208403,9.568568893583933
1384,2024-01-03 02:11:00,-0.5409691313424356,95.3808938926849,5.8580024318290125,-2.798650775193666,46.148314577299566,6.9343627691822
1171,2024-01-03 02:12:00,2.9448081356756273,51.86051273256092,2.1897090720078456,28.542233033994712,19.491575380634135,7.5314730459899675
1375,2024-01-03 02:13:00,-0.1663142140271936,36.51093937985446,-4.070479085913037,-1.6822811998676017,29.568133342679396,10.219381541464914
1684,2024-01-03 02:14:00,0.32301649501332363,64.07301119583086,-4.73734277877638,37.51013326040144,46.27218664680118,10.213175690942695
1361,2024-01-03 02:15:00,0.17864949154079124,28.85944961529485,-1.8015325058369132,8.353455824877786,0.3183460758612071,7.36045811394006
1558,2024-01-03 02:16:00,-1.0695778208503333,43.10808986653051,1.3745126683128062,30.740994291740428,31.4047720896449,7.584967149392159
1890,2024-01-03 02:17:00,-2.5498674666424908,36.631044421051556,-4.326424570590991,-2.3142807033435187,10.846639155758764,6.562011668926338
1140,2024-01-03 02:18:00,2.3739073824115113,51.72509734376647,-0.08399292740166509,19.13254080933424,36.964423912126165,8.648804452928037
1886,2024-01-03 02:19:00,1.8160548751577208,28.89732600017723,8.305385618427286,10.709479169074704,39.843837586379884,12.421694057021218
1917,2024-01-03 02:20:00,-2.1628393166419846,22.547339563847828,-3.6497146722174594,-3.6499502669838435,35.67666592832056,9.985801849843927
1117,2024-01-03 02:21:00,1.6606096281004374,72.54352037040255,9.227747646543603,24.510970948412723,49.80429229947845,7.688487931594587
1276,2024-01-03 02:22:00,0.7550799963036603,68.81991826318439,7.850076632636794,37.442322440882265,24.01495553704305,8.263702802616796
1725,2024-01-03 02:23:00,-0.5451372724942662,76.66871488309289,7.476717340203081,-4.516125475862042,28.11113931845904,6.487583728760528
1219,2024-01-03 02:24:00,-1.4758731054266236,72.83091522170751,7.954877663144364,7.169661678110819,20.508721889989996,13.123471898860299
1904,2024-01-03 02:25:00,2.158372701013395,29.14357449139068,-3.7992460212052537,26.662258421390423,48.701759392451606,8.891222194126618
1025,2024-01-03 02:26:00,1.201129555764318,43.286310510051706,-2.7324785903195483,34.20641758187334,46.14554191564275,11.175931921176991
1520,2024-01-03 02:27:00,0.2864394568148212,30.362128792028187,-2.9844136015837677,3.5850628075035154,49.33317532949984,9.200064978541397
1782,2024-01-03 02:28:00,0.6574112033907848,87.43779216388505,-3.3313728387293606,-1.817744695755402,49.246071015021954,10.93153920404833
1009,2024-01-03 02:29:00,-2.453602907506914,79.75229242844186,-0.08433170701656145,-4.611136984831813,44.78329355642116,10.674487373726272
1983,2024-01-03 02:30:00,-0.15648143453284824,36.1221602334594,7.45325324425791,4.68428897452829,46.550788652784604,11.179584220406959
1377,2024-01-03 02:31:00,-1.837798243285788,47.30473923919148,-1.2205678455315612,-1.7907218575588613,6.082070524254821,5.4533207843830755
1632,2024-01-03 02:32:00,-1.7496979259470478,97.32919938113713,-1.3366748151161003,11.17219400961691,8.759048954654013,4.415297718860883
1636,2024-01-03 02:33:00,0.9678237737212001,67.53274863037211,5.1383313613091985,14.805659872923108,44.27086025817045,8.062916792261706
1681,2024-01-03 02:34:00,2.4675369110057286,84.09244778409258,-3.546123467949243,16.59657126469928,36.36734305844148,9.751530208416021
1583,2024-01-03 02:35:00,-0.5774603371299207,41.16728278149833,0.4041998854288593,1.4048189610073418,43.76193671745304,7.849376490404906
1151,2024-01-03 02:36:00,-1.7535043619268578,36.80423361434442,-0.5686053973366851,15.879462197196528,38.52467243212051,9.754422128845743
1719,2024-01-03 02:37:00,0.8924816234199255,82.71335430772388,7.70951296194132,-4.592676120986163,7.065219292860966,9.42696806096781
1048,2024-01-03 02:38:00,2.2271222781019064,74.86979641851521,2.7175191643818994,5.773948965492055,45.83662857171803,12.15095025003129
1153,2024-01-03 02:39:00,1.489912806734945,74.4782343369411,4.697103461829116,11.608872218919394,38.584303394214416,10.97043987599325
1858,2024-01-03 02:40:00,2.212543383219523,64.21076654633552,-3.064484926906472,0.32582091746049713,28.58322925924248,8.103624054790423
1292,2024-01-03 02:41:00,0.21932802606479607,65.08626742212391,8.933773908338653,31.630206879279285,26.6648422654799,6.828415698152679
1579,2024-01-03 02:42:00,1.5112574662151452,78.8558004245003,-0.16321768812343063,4.054557653866937,28.732553920866856,7.530054573588902
1049,2024-01-03 02:43:00,-2.159612643846381,41.60019848969562,5.602582567647422,28.970037024082053,19.5818054639106,9.974397636593547
1663,2024-01-03 02:44:00,-0.9103523078208511,48.22147726855646,9.319392698733154,16.325186775512236,40.18064504072847,7.726609516974934
1530,2024-01-03 02:45:00,-0.6627050131108652,89.7309416416044,2.629732924240038,16.588439191532398,45.45997328939659,8.59709398759546
1611,2024-01-03 02:46:00,0.06777447747620746,44.709216080972624,2.613028881007833,24.033745124753203,12.720459557721759,9.87853105270165
1059,2024-01-03 02:47:00,2.5744581615409423,63.70476571034392,-3.2412586466232214,-3.0075029765150556,1.998555610601386,8.102578487754956
1166,2024-01-03 02:48:00,2.245779361333046,76.21115712053472,0.8541333463469378,-1.455829699993572,10.226077460801532,4.4510291873829955
1201,2024-01-03 02:49:00,-2.192847046264893,99.99398614665412,7.786974083223033,9.707957039763134,37.891198237880374,9.26375335724419
1856,2024-01-03 02:50:00,-1.9632620887052208,54.823306519626556,-2.9734023935157747,13.7570125225775,43.43321254978356,8.03298261243821
1145,2024-01-03 02:51:00,-0.8541567024665317,54.2474301299955,8.762561958409862,14.347335873766887,17.49341908201015,6.429236720969565
1914,2024-01-03 02:52:00,-1.2555368046559565,87.4070703546934,5.009641215799851,25.459920887146062,7.704112080024654,8.444377483581086
1675,2024-01-03 02:53:00,0.6886257189375735,84.44024890078906,1.3143975258855765,-4.968274467373149,42.94084926567244,12.121127728751278
1969,2024-01-03 02:54:00,2.416656286587269,78.48607053876388,3.19747627788486,38.15972914358599,10.810678591691323,8.589713809272702
1992,2024-01-03 02:55:00,2.7737492500355208,57.05837099272231,-2.742550883949486,2.8519334939625187,12.169521885749058,4.990543773632465
1438,2024-01-03 02:56:00,0.9216177152113589,45.915129612857264,-1.7377506029340357,6.188425433735654,4.721368142432422,8.677470709903137
1241,2024-01-03 02:57:00,2.0289552084065203,68.69843860678789,-0.7038735939999077,35.75322330363235,45.52517859805599,8.931095539745726
1580,2024-01-03 02:58:00,0.1512132013847829,90.09786345053128,0.7726917726162172,-4.752886960870149,16.40349470453302,5.456783879480114
1686,2024-01-03 02:59:00,-1.7500383188397617,90.70219665668692,8.732829924894771,39.60877367015293,8.67488350023136,8.016297088726947
1560,2024-01-03 03:00:00,0.1481304725608643,28.679867605635074,0.513535374477355,-3.3819198967803494,47.68688157643115,7.802215116655574
1482,2024-01-03 03:01:00,0.33049560862590655,54.268022705052054,2.8575286057933145,0.4245483772101828,16.842468976709974,9.129999714592373
1107,2024-01-03 03:02:00,1.4547453852813392,57.177756495899956,-2.569607578732367,5.804802064699967,37.39954383492803,10.014131090908332
1225,2024-01-03 03:03:00,-1.6807020617559054,98.20922940190026,6.03959801578106,14.74247380508083,11.596739878084897,4.810134674616197
1672,2024-01-03 03:04:00,-0.7901377074796097,74.23984121940677,3.404212736000522,18.330319017201653,36.36860620029549,8.283624878135708
1630,2024-01-03 03:05:00,-0.8158351847126024,52.57971338096564,1.5986118697505791,-0.28766879741008733,11.684894771513274,6.391674033444795
1660,2024-01-03 03:06:00,2.756637574446989,22.08463087884744,9.207796983372903,-1.684674562053699,31.9232251595316,8.144072017501356
1976,2024-01-03 03:07:00,-0.3363302380396864,65.23081280793568,8.359762662127551,-3.5663433617404383,22.099065215768654,9.653556503859999
1661,2024-01-03 03:08:00,1.530563803788879,27.686078051068492,4.892669085167459,6.5537815303391405,39.95601769314954,12.554188425350725
1431,2024-01-03 03:09:00,1.5048682882466338,86.75599658782104,8.827186092347906,36.46898381178591,36.5405643682255,5.243628864898174
1804,2024-01-03 03:10:00,-1.4067348911805517,80.20149284562896,3.471726923996089,12.54291334995564,46.780732646169035,7.093527852989482
1654,2024-01-03 03:11:00,0.4312181362303926,56.8407327926543,7.404057275729002,29.380332644254715,18.893453188955135,7.538561001902331
1418,2024-01-03 03:12:00,2.3658173599118886,54.33686236333598,1.1419024627777938,3.558468754252784,37.741322820750455,11.805613983788154
1987,2024-01-03 03:13:00,-0.14881368325830335,91.78711724550149,-3.6988371297807854,-2.0894348423028095,48.445292235103715,8.270164367087029
1454,2024-01-03 03:14:00,2.6707050440552766,43.076668033450275,9.912228842936644,19.942590481764825,16.88182047596437,8.769502981716021
1159,2024-01-03 03:15:00,-1.7132506240550305,39.921596968541664,-2.5155271876014123,31.994158016672586,14.571211766328384,8.060545046601133
1522,2024-01-03 03:16:00,-2.5550453653558156,95.13579462606097,-1.2273494111151608,35.43069624985952,38.47563425656752,7.40311369323842
1649,2024-01-03 03:17:00,2.348723238868496,84.73966694027861,-2.5534491586274077,19.57920715907954,22.331517973863185,4.521859426948813
1968,2024-01-03 03:18:00,2.0860871877733,85.65004744537558,0.06219276968117615,8.231452781396394,19.99272304488527,8.64313442073532
1589,2024-01-03 03:19:00,2.9555392556030684,35.61550514207404,-0.6607979941049189,-0.07197146432326296,27.32606445129493,11.151058643408877
1076,2024-01-03 03:20:00,1.0763609286745561,31.463679314474753,4.016533728238523,25.05202844073834,46.78298387677509,10.388926145587373
1508,2024-01-03 03:21:00,2.6201275600028975,22.08236398537079,9.946900216289267,7.619656770313835,4.2841240423186076,9.32617878758674
1440,2024-01-03 03:22:00,1.9616941505046652,38.963320713494404,-4.212364167716473,32.97830910016889,23.337724607579524,10.787871006605977
1253,2024-01-03 03:23:00,2.066557998720521,81.93523933714599,6.67664669939983,22.230450330397957,5.596037149108393,5.134118687345999
1920,2024-01-03 03:24:00,0.41484942272560943,39.20307350113198,-3.080121133902702,33.649535350962665,44.19094437942416,9.61979406797748
1769,2024-01-03 03:25:00,-0.7058124124997347,78.3282626875901,-4.7024746305167655,20.49938545023181,6.921391939927297,5.842727772481323
1319,2024-01-03 03:26:00,2.6073484352596914,40.15266122939372,4.578652301735422,29.72840632169995,4.576199013239676,6.101524949591891
1802,2024-01-03 03:27:00,-0.4072969463046334,51.623399836053736,8.099728433040509,8.243731790999439,48.19134439011528,10.556934644490038
1262,2024-01-03 03:28:00,0.23291620349801434,98.65298319291267,-2.3555224002740704,17.63764556721617,28.21080779296796,10.23975520325006
1596,2024-01-03 03:29:00,-0.32331415724887336,39.58493850273085,0.12420676962921018,-4.126713219369053,41.3120572561757,12.35901333356455
1657,2024-01-03 03:30:00,0.3889098837611824,50.10965018386141,-2.4687469366538424,22.35242844956,23.56581346407882,8.842105384567727
1834,2024-01-03 03:31:00,-0.17696952604603666,44.086974437217094,8.597613539543756,19.018270640220393,21.83852834269667,5.945520797647415
1553,2024-01-03 03:32:00,-2.7121946485231447,28.769998906400183,-0.9445935137281616,28.987704509359148,45.58932700749779,8.358386278665611
1373,2024-01-03 03:33:00,2.2922891160461916,59.191531370465995,1.670693371091537,27.803018446872954,49.49464123048925,12.790206250636183
1636,2024-01-03 03:34:00,-0.33363708650538104,50.295253066640186,8.421119144246175,23.242765082570855,30.964740859909192,9.713712675983874
1166,2024-01-03 03:35:00,0.5336618910440922,75.59096686458241,3.2930380564400767,-2.4491563870609707,45.917598201028206,10.701142894146122
1936,2024-01-03 03:36:00,-2.1648731834520776,85.4075637561237,8.992747011530588,35.635436826748474,43.14965860659283,11.539482653369863
1752,2024-01-03 03:37:00,-2.9796729121041654,63.53997715965108,8.896756219705585,-4.189136409171641,27.246093434269344,9.110007322200838
1458,2024-01-03 03:38:00,-1.5282594381381422,22.57571376698695,1.9240152984058136,31.14704471901525,47.0610743562683,12.773930572685035
1998,2024-01-03 03:39:00,1.2275161928001017,69.51378849877773,3.735739191000558,16.570585807036142,10.58180249442186,4.690585499629415
1279,2024-01-03 03:40:00,-2.4048328193227286,24.431258401675137,-1.5452858943059464,31.80971033003334,44.253768798301415,12.610204544410065
1699,2024-01-03 03:41:00,2.4533246423188073,69.308505887922,9.858037282017449,15.928144317071137,15.536884907172041,10.317068290750978
1301,2024-01-03 03:42:00,-1.7098645838628925,74.80239594153508,-0.825250093823076,24.11220122823163,1.622726117090249,4.985026948397172
1530,2024-01-03 03:43:00,-1.7724383142493452,35.82141020940148,6.749604819714268,11.346947760189831,39.37566902624639,11.91077322044093
1579,2024-01-03 03:44:00,-1.910952230271027,85.54769189774169,-0.3054640976716101,28.465543126134797,46.50787411090266,8.137230672106304
1217,2024-01-03 03:45:00,-2.9161097221718117,92.88681052592389,-0.30436606865322435,6.437927880152399,10.917446086506239,10.144356067790056
1101,2024-01-03 03:46:00,1.630832810869408,85.04695712910558,-3.4420560994858085,27.371016034381853,26.75087081064145,6.157326675930933
1553,2024-01-03 03:47:00,2.250207187471551,44.408735216966576,3.3984371619486975,3.702219298474674,37.492400143194764,9.114700036215186
1287,2024-01-03 03:48:00,0.6849762156971932,66.93144099565075,-1.327514928076861,27.497545765272648,16.64801704188007,4.996555545539391
1166,2024-01-03 03:49:00,-1.8708001099208262,93.18521193529821,-2.7740786336357184,8.215208735897535,7.431225830060018,6.980276998348917
1620,2024-01-03 03:50:00,-1.2883320183547216,45.65317809782799,-1.5999995822489979,7.5384297421931254,19.673080226193893,7.516497985691155
1035,2024-01-03 03:51:00,-0.14443981581022047,85.602225781234,-1.2336026440395513,31.517227186537298,22.882846394507805,5.216734501842271
1743,2024-01-03 03:52:00,2.7260757097398045,20.758010500935722,2.5612518417922905,31.616168651052988,37.13682436214669,9.648521260282632
1740,2024-01-03 03:53:00,-1.5158917690935432,20.2917362227741,0.788845548333434,26.11310662864104,10.014324749552095,11.305465019486448
1352,2024-01-03 03:54:00,1.389875423519328,80.77693282711739,-3.8676457846705987,36.57588838408465,40.77409847981787,6.622912666249847
1675,2024-01-03 03:55:00,-0.3633106602424778,80.91580657016969,3.040428743437916,2.0287162005280273,25.158737575685965,6.268563459102907
1898,2024-01-03 03:56:00,-1.2129159098398692,83.1181750281835,6.816211773831471,7.119459409589682,45.204136758880956,11.061321194180087
1072,2024-01-03 03:57:00,-0.2645043778673175,94.40214703105299,3.61352741340993,8.230633897904578,28.332718017462046,7.583609439141809
1647,2024-01-03 03:58:00,-2.572759694752605,29.43250494562274,9.618103783776561,8.737885183045544,22.398043625859856,11.252817747214062
1352,2024-01-03 03:59:00,1.7921242255821745,38.558798798695065,-3.512746877832929,9.761439274793664,14.411002943794145,5.518635763378841
1890,2024-01-03 04:00:00,-1.5401884321021972,92.29799362990461,7.317285051371641,26.365412970370148,5.401495916992601,7.8726003101478295
1069,2024-01-03 04:01:00,1.3524727391578226,34.178895821788274,2.5853900484599963,7.184116449640253,18.64799493866491,7.743172470422713
1424,2024-01-03 04:02:00,-2.5899097713108317,74.57834140612673,2.823927663178422,7.866496968271665,20.739800402011404,5.712543637682924
1998,2024-01-03 04:03:00,2.7305913369941166,62.43704000326523,2.786499019743226,20.668656258217815,28.457518214904507,10.500831483534743
1707,2024-01-03 04:04:00,-1.8419100875658083,26.65549414812058,-0.1202175813854236,3.7011484778926977,43.00657297896086,10.927574652820804
1780,2024-01-03 04:05:00,2.2964524572424825,42.82109295532263,-0.13167478639621333,11.419937794620516,23.24436828097217,9.168427052528639
1560,2024-01-03 04:06:00,1.8568392576926067,61.62977731527743,4.477667599637137,-2.392682512275237,15.782797783186247,6.8277809894204395
1827,2024-01-03 04:07:00,2.8071595444884956,88.18800933470672,-4.328523719253254,37.86461986283532,43.67560474395033,9.815293652687552
1641,2024-01-03 04:08:00,-0.13265603432550233,76.6030791691739,3.8317906795270513,9.278845469420633,36.72251010009104,8.70512357075959
1955,2024-01-03 04:09:00,1.3643837630757094,69.75065291639464,5.868860773163732,33.251896011148865,15.420780062951152,10.87788652379292
1516,2024-01-03 04:10:00,-0.7757360577732957,59.682631195313185,0.34489440213126965,18.847551733149924,8.430590361047757,5.551448297980272
1427,2024-01-03 04:11:00,-1.893790571881837,43.89471870513074,-1.7396459081055005,5.269547077946598,14.62226752246009,6.667830174113093
1538,2024-01-03 04:12:00,-0.34154440239930706,29.539592905540893,-1.7991963091564331,3.704240830130445,6.2695170508101885,6.339806771061994
1159,2024-01-03 04:13:00,-2.0055059076692707,52.72608276528764,-3.77240519983151,26.273233519735637,45.1804752435903,10.297589074553303
1148,2024-01-03 04:14:00,2.8922677367183036,22.281479512903406,-3.6542102119038757,38.419096343513885,30.625170870302263,7.200688932944225
1775,2024-01-03 04:15:00,-2.4225210531557018,36.884471141348044,-2.4996819770811096,3.2381374238127716,43.18927604104436,11.692084926859268
1229,2024-01-03 04:16:00,0.5352703407157224,54.59867006981278,-4.712406424203693,0.19395475135353912,41.03600751337958,8.280969429895004
1711,2024-01-03 04:17:00,0.7587831315243356,53.488414853753206,-1.0064688871372356,12.419470543446867,7.7464555069670125,9.445444972161608
1561,2024-01-03 04:18:00,0.22847725724432522,23.54363447975939,-0.40397256128059844,12.721474612537413,22.20576313277737,5.898477521024192
1066,2024-01-03 04:19:00,0.9731153142710012,67.1248122820233,9.928318800341962,31.28138381613787,48.60596335288449,10.067392296929311
1811,2024-01-03 04:20:00,-2.3029153499286545,63.9747404682589,9.875316064841881,16.100018251733,11.766335683803089,9.424377418140626
1380,2024-01-03 04:21:00,0.33011114523174623,26.248344321673027,-2.1942672974437283,-2.1892465241461116,2.6069211002924835,5.617678093679073
1057,2024-01-03 04:22:00,-1.2767245732358308,95.45304419683515,-1.8045176285461335,36.430046126846484,17.365906369178354,9.785866318513559
1258,2024-01-03 04:23:00,2.64105637980634,27.95062231606881,2.378595558406488,11.793455209776045,25.59619575654259,10.250963133588609
1341,2024-01-03 04:24:00,1.5724299206383545,88.38673209898688,-2.768234993934348,25.08392787223913,2.8882846175737975,8.917890036389984
1837,2024-01-03 04:25:00,2.835086892958456,20.024778553200477,2.560591122372876,25.03697221998243,21.391021321525674,9.181786414023438
1129,2024-01-03 04:26:00,-2.7746635815588627,90.58248760363065,0.9908455720761147,-2.4646064642320216,12.745292049961868,5.460326774876529
1726,2024-01-03 04:27:00,-1.2892009489157479,21.577578576345005,-0.1306566342519142,-4.837790337921939,10.68468600195664,5.944177585753863
1171,2024-01-03 04:28:00,-1.827464480169906,80.62496255136928,7.339077562146629,-1.0383337245120332,13.26896593523264,6.468741317119697
1769,2024-01-03 04:29:00,-2.9330724761290172,48.93526490402024,7.421765499895864,38.043900983430724,5.359397468528778,5.140141296132603
1613,2024-01-03 04:30:00,-1.5460456185220715,79.05734401090558,9.818342004755898,30.729682706962564,3.9247279714443084,5.6529827471354395
1208,2024-01-03 04:31:00,1.0726559011225731,52.13961643399828,-1.6536782887762662,0.9405524526434519,29.83268950461233,5.750093426943063
1802,2024-01-03 04:32:00,-1.6134664671925887,25.672633786547337,8.324162457156191,22.66914392044688,47.39675295503456,9.946428162526411
1353,2024-01-03 04:33:00,0.05402067289570933,81.40053563162913,3.067688945108964,22.538818772918138,40.256529417089624,10.504422962332644
1470,2024-01-03 04:34:00,2.3269086897899918,25.700214825709196,3.8718914699852807,-4.974840774368391,41.71154277495306,9.60767229734152
1797,2024-01-03 04:35:00,1.1625475220944512,93.76963487689744,8.444398214987894,14.307892082103884,36.78057190745295,6.7587159382886846
1115,2024-01-03 04:36:00,-0.6322255805638082,24.07792286333291,9.1394619456748,27.029896177080012,47.80354196539155,13.045587050066638
1263,2024-01-03 04:37:00,-0.7651863665273502,58.346022221721235,5.902168865509559,3.4056781202817294,47.532468938056425,7.750695837654088
1661,2024-01-03 04:38:00,-0.26558511594909184,77.84275446806365,0.2176364790268579,33.290672439761636,38.93732527090675,6.345087507349798
1811,2024-01-03 04:39:00,-1.9377513536405617,51.45971718336302,2.34501984502758,24.71372023446991,35.82571830313243,7.702947414589557
1441,2024-01-03 04:40:00,0.8040046044959288,37.37867796739478,4.225807960811649,-4.68840663209514,15.333447875151222,12.28039141956157
1547,2024-01-03 04:41:00,-0.815083085372367,80.72727691168217,7.429600584791455,33.471138105011136,4.649202988366444,9.398223201306035
1452,2024-01-03 04:42:00,2.114192095572262,82.74357638309812,4.869215580663331,-4.126998671527889,4.73411190303657,6.819877354959363
1844,2024-01-03 04:43:00,1.5393159603468973,93.81559871634937,0.48171425031434545,34.956796187193504,36.839427692931665,8.983004803335417
1476,2024-01-03 04:44:00,0.6630789845529605,50.09320883448622,1.268206770404416,10.017348590644023,1.515855653008415,6.813940237554204
1286,2024-01-03 04:45:00,-0.8147866641029036,60.50013875978615,-4.243434469410879,26.43926148498903,40.838821523527244,10.670929964691865
1302,2024-01-03 04:46:00,-1.7404090099590936,49.05027542768576,8.86401790655704,30.434393592028307,18.38717481581434,9.38005484027891
1310,2024-01-03 04:47:00,1.6569111846337368,40.566545748109455,-3.6782148000576016,7.657096898077322,9.684818896963431,9.279838934175016
1207,2024-01-03 04:48:00,-0.08154540605348082,80.08263692300869,3.6989618602831715,11.039657503313933,20.438666383892105,5.148553497332189
1617,2024-01-03 04:49:00,-1.651499770935855,47.172147601356436,8.074778218582326,17.929378449504966,35.193284150237204,6.986869082795077
1445,2024-01-03 04:50:00,-1.8289523097599627,54.25195535938816,1.3129787427251074,21.22111893090588,13.828019634956888,7.956525443690066
1669,2024-01-03 04:51:00,-2.007594572991846,52.293892609922224,7.001882312670572,8.141885773472753,8.763556926825403,9.831126149964398
1632,2024-01-03 04:52:00,1.6629671772335701,77.01289805173967,7.057241194544426,39.65779159803696,36.92042542737206,11.264394578325595
1054,2024-01-03 04:53:00,-1.6260768881981298,93.42365008885439,-4.1023094212062965,28.16521029500224,44.04599710669804,9.53183649691258
1911,2024-01-03 04:54:00,0.15985358115118498,73.34048490459018,1.1821558859608245,7.336840441901298,29.31868553978058,11.124543847788356
1011,2024-01-03 04:55:00,-0.2907218341616611,57.7266076875386,5.365382300305653,23.819448607045626,26.240393503990923,5.799745383127272
1656,2024-01-03 04:56:00,0.4776653953697032,82.33640917911067,1.3353026360332434,14.591704051417668,37.768284988815694,10.192161720601302
1399,2024-01-03 04:57:00,2.262929402227165,71.277705929771,3.1775087226903427,33.71480011952791,36.65906187765587,10.345944954322567
1907,2024-01-03 04:58:00,2.206484340490384,24.84882856942508,3.9168685690996004,9.802753184956902,0.41329228706814647,10.227124944474612
1647,2024-01-03 04:59:00,-0.2935435690508421,27.65308691350733,-2.7315593490313628,3.453429466895967,14.164040482951918,11.002156259450171
1979,2024-01-03 05:00:00,-2.9078024955916604,23.033355525890666,1.1797180922279473,-2.9238683546733393,46.60744826470252,12.313717980887276
1514,2024-01-03 05:01:00,-0.4413371657141809,56.545306096505584,-4.573051674746512,39.293915434050135,48.01408813514206,9.297456888817846
1655,2024-01-03 05:02:00,0.6371612245448421,86.06827474711719,-2.7556087520698336,11.164975312620989,25.56332913420729,9.23201574842712
1541,2024-01-03 05:03:00,0.34658855458837046,45.04665354810817,2.683810950647479,4.9233310781013895,28.048491757697096,6.768852160252948
1236,2024-01-03 05:04:00,0.9080166348012328,50.732814647398534,3.603789969082154,17.12958130423721,0.13276042081856904,8.295124514858912
1278,2024-01-03 05:05:00,-2.075545605161499,92.75816866943126,-2.8064839011250653,8.123769492019699,33.6497667913248,10.54896149429562
1347,2024-01-03 05:06:00,0.8792105926843954,86.95227562533239,6.334289053186307,5.480501544554519,10.700548791105145,6.899287065577865
1626,2024-01-03 05:07:00,-1.9040902875373666,73.2038489906048,0.59481831806489,22.737302508965193,6.482803157523234,8.602307368752813
1103,2024-01-03 05:08:00,1.5031438841804938,41.344302567380105,8.80974893241508,-1.631821666387156,15.303738083882903,9.902138093125425
1629,2024-01-03 05:09:00,-0.9654743204239198,29.363318615075478,0.8149408495810979,17.904682733491452,33.27812023372167,9.279817824615382
1516,2024-01-03 05:10:00,1.259372600288721,21.284705814409097,-2.752835353510932,12.4344085605109,21.873035221866985,7.4199676536918835
1979,2024-01-03 05:11:00,-2.7128064065633577,28.56085380835367,6.3695568802113645,18.963818443644193,17.518008530381184,10.101405537946837
1871,2024-01-03 05:12:00,-0.5528398464545194,43.40771548991542,3.5170120065899333,9.419828041250295,36.367704526500034,12.491182275665324
1247,2024-01-03 05:13:00,1.230207133579997,64.14320508635966,0.8003225236623361,20.6644414416165,40.70463248209828,12.03750291669241
1363,2024-01-03 05:14:00,-1.6387769020110352,25.12000662019095,0.3393574514839237,-1.318165503143704,43.47320315646654,8.617843129282328
1320,2024-01-03 05:15:00,1.7717222687833356,30.898222265475923,-2.7384653966409345,11.927153024921282,22.293165520930526,11.066061559333269
1632,2024-01-03 05:16:00,0.784678398629592,34.48645618463529,0.11251941199017157,5.687437371076101,35.91961330048375,10.183329068413798
1285,2024-01-03 05:17:00,0.5253706328987899,70.5585674386645,-4.559837885324974,14.714037096481619,44.272148812462234,6.682702992795771
1148,2024-01-03 05:18:00,-0.878706874773977,69.26318391840995,2.5360287111365656,12.925124812290623,45.45442931109054,8.059535411205271
1083,2024-01-03 05:19:00,-0.10529117771329455,64.06125810977224,8.45085612720604,23.403264777251113,24.656857128529253,6.714189870951853
1965,2024-01-03 05:20:00,0.5840958058671184,40.04011397567517,6.929961943229907,23.294097767179306,17.83079548037378,10.891535826141297
1405,2024-01-03 05:21:00,-0.16522731651065747,49.689575297498564,-4.572182041936785,13.60141363429003,45.01928495577975,9.520701686212076
1977,2024-01-03 05:22:00,1.1898799436433602,27.73517730701944,8.218904894023487,3.1730420648445534,13.145380366415512,9.631356584183566
1455,2024-01-03 05:23:00,-0.39781840135824265,38.11684830064439,1.7848724332382995,21.1861141873161,39.86268734967334,8.499621881109691
1742,2024-01-03 05:24:00,-1.786360909547818,91.81641811780644,-2.136628018767584,38.49319164949624,45.44187959187438,10.328150476502246
1799,2024-01-03 05:25:00,-1.7163973031937165,98.37533971486627,6.28617932823081,3.344922597470628,37.01196810326977,7.075737925283828
1160,2024-01-03 05:26:00,-2.9651773869423534,71.81276685122357,-0.15689674734430525,-1.892336946592315,34.025022154621695,6.72131187956617
1783,2024-01-03 05:27:00,-1.1942537066479653,93.34586336187361,-1.2002236529472077,6.905253347141196,2.628790273525337,8.336396653591923
1459,2024-01-03 05:28:00,1.4935058428711177,71.419352032114,-2.5802238982767856,13.581415063041707,10.253302186074915,5.80477067764086
1549,2024-01-03 05:29:00,1.7649762530256572,22.65571888843759,2.2993286035033416,8.778478981905293,33.36182427752488,12.454728577777725
1499,2024-01-03 05:30:00,-1.7851947474254999,99.74100679891272,-3.599090006758321,32.56193692672034,39.28125985636036,6.520801346510862
1737,2024-01-03 05:31:00,2.754263981228446,27.916184134922794,6.784196936706799,17.186245261918515,3.2632095720117626,8.387389265361492
1508,2024-01-03 05:32:00,0.014416760880760382,74.61134411560485,2.0601186499961646,6.075754674668421,1.0510667404967935,5.953935844853685
1653,2024-01-03 05:33:00,2.5018724941110158,40.226896245983205,1.704646252283803,37.75895756031999,15.644477437074993,8.939781115626072
1803,2024-01-03 05:34:00,1.2405916911697865,51.35848903255681,-4.9721906527771855,0.6278268874562452,32.28325824714433,5.9102060531741465
1480,2024-01-03 05:35:00,1.3346005381344783,71.67473478407506,7.267957904628419,0.5310148845119613,25.65092788673059,5.851639380065826
1662,2024-01-03 05:36:00,-2.4897382721635735,54.91898794461656,2.392555885573805,6.037818664430839,0.5171298537474611,8.358465229229175
1113,2024-01-03 05:37:00,-1.680053238618416,40.04368471449026,1.5984177970202182,-1.545254525603731,7.665447206485676,4.8376601268405235
1748,2024-01-03 05:38:00,-2.947111000233164,46.755694950265976,6.420773279265857,28.824370808341584,37.63482265456377,10.617702595010023
1577,2024-01-03 05:39:00,1.2967658428604247,47.32384935385411,-4.056521763488587,9.07648753794872,14.953319083039247,11.724239688302623
1360,2024-01-03 05:40:00,-0.9333702694289401,96.7459123606571,0.5002068414280556,27.842709635785184,5.9477165382929185,3.7613228041363618
1340,2024-01-03 05:41:00,1.719915096458081,83.88904127387607,3.6360093633063464,29.32318604636714,2.6380849514782048,4.996082088540942
1769,2024-01-03 05:42:00,-0.9663826803778424,56.683901718352004,1.9086634410878158,5.688334783688292,42.537066826897714,10.176275082304986
1986,2024-01-03 05:43:00,1.9160025137931669,35.985673627309126,-2.275416651830384,18.326363743186786,23.636133218211054,11.897946470334398
1760,2024-01-03 05:44:00,-2.215810477510122,84.88128882101248,-0.5108523847953235,18.381647929951523,25.23356445631315,10.41863012781552
1968,2024-01-03 05:45:00,-1.9597610594549508,32.57459772866988,-0.4969916352855055,34.21139855516808,3.1609285802196623,7.325531327427789
1448,2024-01-03 05:46:00,-0.9547407624963808,36.83697737136028,9.879562041478405,-3.8466117498588788,24.480138266320477,11.73942534818334
1842,2024-01-03 05:47:00,-0.5490756667063601,49.28107134721209,-0.1070432179002676,9.256015464196526,32.324080413210034,8.619007606526953
1834,2024-01-03 05:48:00,-0.9077831349421297,90.42785566815921,-1.9222690618655154,34.71202211561596,6.227652463482409,8.701111278725826
1179,2024-01-03 05:49:00,1.5818821951393192,30.54293349072882,7.339557296562196,5.6561450222491345,45.135534034795654,12.862843942937713
1701,2024-01-03 05:50:00,-2.4182916442397118,29.778735428362086,1.3175688250541295,1.1595995385904443,39.189063859459814,8.677348855230619
1406,2024-01-03 05:51:00,-0.8926978821690716,59.517999064421275,1.6579554173057618,20.926259272775656,40.11406565451565,9.641632246975858
1665,2024-01-03 05:52:00,2.0234399970927566,42.11284328749397,3.233335952436059,8.76445428689536,26.873000547969777,5.9732273402096325
1195,2024-01-03 05:53:00,-2.599217536426968,65.49823533185278,3.935337958937673,16.028252197140926,16.762701860826947,6.340851455878056
1465,2024-01-03 05:54:00,2.6540610460281444,56.13093477465788,3.8583340061550917,31.900574454013146,32.05856589081193,11.150221511897685
1310,2024-01-03 05:55:00,2.917901053632077,54.796728508097345,-4.482504163834341,18.431363878737827,11.345970387051349,6.588603874059672
1261,2024-01-03 05:56:00,-2.4685909570495195,28.95783763895946,7.282636493469292,18.21504021971674,6.9305473798360255,4.279853428210287
1418,2024-01-03 05:57:00,-1.2523648664655782,31.283975219987212,-2.0772077138774305,7.518220406292601,26.962697852334834,9.010573695956971
1405,2024-01-03 05:58:00,-0.7655960037878629,85.68628619574801,-0.6148680832420874,30.67895040148509,23.983446788968298,9.795893535857935
1938,2024-01-03 05:59:00,1.6583482119163566,90.87061900573956,-2.398557199689868,28.29165808215705,7.599091540525216,7.2261155040870095
1142,2024-01-03 06:00:00,0.5755608727004029,38.77468263082002,6.506149863038166,5.535423159636089,26.567153252479173,9.138228971860881
1341,2024-01-03 06:01:00,0.8661942029554042,29.076840121981526,3.7548698893812933,9.400203387046222,27.368766718784478,7.569648248238146
1315,2024-01-03 06:02:00,1.545058936911036,24.27333375476085,6.32944229128077,30.48826868461935,43.588587295111786,13.535553603500025
1100,2024-01-03 06:03:00,-2.2921260033778457,68.66380909935174,4.800976081439506,11.097301082129047,37.98458180976895,11.117024617637696
1243,2024-01-03 06:04:00,1.9992567414615738,77.22825700001644,-3.437620483708972,13.16018271518945,10.956526656459411,5.58376443314623
1489,2024-01-03 06:05:00,1.2337188250808637,49.824799136256445,-0.47750336223492074,11.398552206504359,40.914807891682685,7.687387004902248
1011,2024-01-03 06:06:00,0.4640503511782219,74.37406939925117,2.60897739385182,2.273463693302965,48.453806684550706,7.881880079326686
1238,2024-01-03 06:07:00,2.3384120086983398,77.03670524476209,-0.425824528529545,10.340344078730858,35.85931368042232,6.967604671285419
1560,2024-01-03 06:08:00,1.201838123302843,94.82738251175243,-1.8904414339082534,31.132088639671373,39.37145757287726,7.880850628640368
1041,2024-01-03 06:09:00,-1.7898002242138475,25.18989102680858,8.047179535998996,17.098390946969015,13.394847669782662,10.070896222063443
1677,2024-01-03 06:10:00,-0.4215277135459994,35.383337858486385,6.2167551282306395,15.61978674741863,49.59593720479832,10.175119710526483
1593,2024-01-03 06:11:00,-0.03574279838560024,25.48207900775905,0.1783009083126501,2.035802932412338,8.902087669167432,8.469049497516178
1428,2024-01-03 06:12:00,-2.668694239497566,89.43951466688884,6.475185439433478,2.9906427338737798,37.56791768927542,8.003349989423008
1802,2024-01-03 06:13:00,2.7278250801603345,83.40697280268549,4.413079276678419,-3.06724260424464,19.821442935645532,7.954030684204255
1157,2024-01-03 06:14:00,-2.228536435218729,65.97136564974713,-4.943213995514048,-4.3720010814549335,17.907766446843624,8.493530798382999
1215,2024-01-03 06:15:00,1.1847676033603616,26.693072804094655,0.7039303901745244,16.960631713279696,14.329445558320083,6.549665404979899
1669,2024-01-03 06:16:00,0.03738621654528096,41.86498869229757,-0.6426875120850433,13.415455984583424,22.108933764562515,6.9222946238776
1461,2024-01-03 06:17:00,-2.8462065006934645,43.817587844681356,-1.7313706744115471,7.391990731520778,39.564642693905,11.026436150650657
1133,2024-01-03 06:18:00,2.54848485518617,64.85945568123337,-1.2261590889373264,39.552094315813676,47.05453174513935,8.399753253429685
1066,2024-01-03 06:19:00,2.111020852913599,40.64351152293724,9.135472698632839,12.909828804452758,20.87028834877734,8.670204174165917
1847,2024-01-03 06:20:00,0.1455475674230131,25.83678911303639,2.294756019873059,30.498110460922717,32.61841488517342,9.134668745854256
1006,2024-01-03 06:21:00,-1.6263459831633285,78.46098414826395,7.715630773361793,4.474551699920054,39.43238473733462,12.595014893561393
1947,2024-01-03 06:22:00,-2.2702626559194345,43.92641693243291,-1.7867427177052617,6.116854387393735,5.076834816477088,6.103809959973173
1525,2024-01-03 06:23:00,-0.8196451234072404,56.18993416186405,-2.3839430053107753,20.57761152331345,48.03112896475709,11.815567367178506
1072,2024-01-03 06:24:00,-1.467430313723457,30.21333079858443,8.331843824708645,-4.818727863401293,10.660509893593504,7.98496346816844
1398,2024-01-03 06:25:00,0.040147206037792316,84.20386427156637,2.4355702867370175,-4.215854214099498,45.76245722925732,12.104666705221751
1404,2024-01-03 06:26:00,2.7984557767405738,65.24255015392461,8.427281879686195,1.3998424517287669,49.331482101683974,10.37089253238472
1674,2024-01-03 06:27:00,0.4497209593778484,92.12685009678903,-4.0545672069308765,5.040446846393339,5.110189859079732,8.176266538085814
1577,2024-01-03 06:28:00,2.339586335340588,59.63772504522667,8.746532832644617,18.753228210989732,44.648088936939416,9.059341920516985
1858,2024-01-03 06:29:00,0.9052730249746634,95.31405374543039,1.2316797451333459,25.88032438672569,32.081372757614936,8.518987025455269
1129,2024-01-03 06:30:00,-0.14852084047679703,91.34945635050607,-2.6694426886722833,9.034539879461155,40.914544143234814,9.34403182601178
1930,2024-01-03 06:31:00,2.1276453764002277,66.11678851673872,5.250740341527912,5.758192120170287,5.54397305915435,6.566780897967867
1465,2024-01-03 06:32:00,-0.1717913389620147,94.71147505198907,6.953540249413855,32.02650303219945,41.72967286289095,7.278356542644913
1205,2024-01-03 06:33:00,2.211769023062166,45.84709978356418,-4.289379086278994,2.3249643106304116,31.339112501715267,7.358743667270717
1787,2024-01-03 06:34:00,-1.2505393825454083,49.251373016336906,9.807939616280292,25.524694977604604,25.57987391094459,5.879908337360993
1977,2024-01-03 06:35:00,-2.2271215574220715,23.638236104482957,5.455403309742705,36.90987323871419,28.045630739834323,13.008437522353235
1767,2024-01-03 06:36:00,2.1318867861776303,67.13607254110825,-0.17897012513233523,5.449490960923324,37.24893732947226,7.408044207465174
1265,2024-01-03 06:37:00,0.5244909827560007,77.75391759431467,-2.730593064569141,-1.0865585517732663,14.952072778996591,5.747071466043534
1536,2024-01-03 06:38:00,2.3345543894937606,81.88153521936826,0.8879712201732213,39.08915023072047,47.17951437884959,10.359518477545363
1961,2024-01-03 06:39:00,2.626963241954299,31.985302883688263,-1.6915150916206128,7.184820825456324,15.451064934872177,7.476207605101256
1792,2024-01-03 06:40:00,-2.678229657771305,55.532725785000025,2.412298353971437,7.404844407700219,43.86629938499868,10.374063107371505
1252,2024-01-03 06:41:00,0.00581581115321006,34.14905696751325,6.728390627354914,16.769753110209866,0.7043635309556683,3.920408413549041
1821,2024-01-03 06:42:00,-0.7502127055528245,72.97018790833991,4.901955834258299,5.397594657076578,45.83235527994984,11.948013519913959
1288,2024-01-03 06:43:00,0.7551503824207026,32.63570979374145,1.5390235717259335,39.67925599451061,42.5937332048739,13.530887291816384
1163,2024-01-03 06:44:00,1.761547183213941,92.33309471648599,-3.215841131299257,-3.066535135870521,6.296603097301051,7.762579214407648
1094,2024-01-03 06:45:00,-1.3164587041537863,38.45077165291307,9.357353835520104,15.316288551953871,36.87245422273577,8.921221955349056
1781,2024-01-03 06:46:00,0.34079030623902984,43.31218130305959,-0.9444421182426996,19.67560307783501,18.76834259136486,10.006135960536744
1832,2024-01-03 06:47:00,1.2523714794293976,88.07250577207998,-0.8324818118747404,16.012788607626206,24.040935563668,6.500037495662386
1109,2024-01-03 06:48:00,-2.193413502985596,56.677408811657905,4.682533327577987,18.423533778829153,3.5228026369982706,3.0421150097968805
1335,2024-01-03 06:49:00,1.884401435707601,21.919675664005844,6.557644332206541,39.4410614897679,10.70743222401667,6.761020112837194
1821,2024-01-03 06:50:00,0.6366575991178385,59.56690009621166,9.762291479760243,34.46057127415559,47.68693712569634,10.939446495929747
1237,2024-01-03 06:51:00,2.6972246226819108,26.763466830409843,9.537463909417093,8.879965568325023,20.955729304061457,8.560920499735117
1380,2024-01-03 06:52:00,-0.9628264852158406,98.82757749498485,8.70640786348121,19.81646721358474,1.3989143101534365,6.450234878035218
1435,2024-01-03 06:53:00,-2.351124345976808,67.04892563644819,1.529703510750247,-4.986004436203962,25.802397649265668,7.4708947357414495
1898,2024-01-03 06:54:00,0.03900720622155163,40.522609408878274,-2.4999551036532788,13.430605061817339,49.735486767316935,10.390222222609898
1482,2024-01-03 06:55:00,-2.485135369743367,65.09741436380942,3.767068049299416,2.374340028788578,16.707749281764976,8.603826798389791
1936,2024-01-03 06:56:00,2.8171591399440405,26.149368270540386,-4.741152416798479,27.01122658490469,7.14655678828206,5.897620329372345
1901,2024-01-03 06:57:00,-2.7678902504568508,83.99130434150536,-2.056267415069098,4.949030993512517,32.21331609360395,9.983705037985048
1024,2024-01-03 06:58:00,1.521023406643848,94.02624430913309,-4.962059048078531,28.700304048022375,45.99923462665642,6.766156236028449
1652,2024-01-03 06:59:00,0.15061438885346412,89.95555105649277,-2.291961311426918,9.09219252910328,42.97155661518065,10.973856808175498
1116,2024-01-03 07:00:00,-0.7882760850102679,47.340608183885024,2.121356850943841,36.66228795901191,32.883677073858415,10.035136277809608
1481,2024-01-03 07:01:00,-2.604947012948072,46.06144957146948,0.8998646664012391,15.043747076560582,9.288958036942729,6.10441154520581
1391,2024-01-03 07:02:00,0.7330015450416463,22.807008897304,0.5394484738995882,32.778297385323214,39.23955724549043,8.483087908771118
1916,2024-01-03 07:03:00,0.5113219763457315,72.11202869607334,7.4642929590079365,23.26747013675559,41.17877553765779,11.110647501634222
1993,2024-01-03 07:04:00,-1.3147003615944015,62.792382735183594,5.124944569685169,38.98291967065616,42.49243424636887,11.406858544072048
1963,2024-01-03 07:05:00,2.461330208461873,56.74770970618731,9.04647644306659,28.422523782043804,20.256671244881204,7.3633203318811855
1536,2024-01-03 07:06:00,-1.1753399559429787,92.61047626677656,1.680116360165087,27.746649504012353,20.502061345712804,5.4418920740312355
1078,2024-01-03 07:07:00,-0.301647536447363,33.43031208662771,-0.9165548678607234,6.918969210219336,7.842339561719723,10.153614042788078
1579,2024-01-03 07:08:00,0.2625747355119339,20.773301335214587,-3.159731929499667,17.718688793764315,38.6570695105805,10.95615394074973
1172,2024-01-03 07:09:00,-2.3986087309422834,25.865316169661234,5.08041093527719,8.05511599085373,36.887588681761855,9.978552859956594
1955,2024-01-03 07:10:00,2.592970315281794,37.86971502618951,7.626116327074854,-4.131795334171834,5.077510730718894,7.790003717405631
1011,2024-01-03 07:11:00,-0.7527830852937534,22.662843941076556,-2.2439095360736556,26.976339969305506,1.1046976257797516,5.6889137576410285
1799,2024-01-03 07:12:00,-2.5153247167539385,60.22749685145084,8.181291167688043,5.61264248669209,47.59082430901595,10.513593164571342
1127,2024-01-03 07:13:00,-0.6762529579480203,45.127236418686245,2.8941430254299956,12.879581365425437,0.9616936029973121,6.645131506099393
1607,2024-01-03 07:14:00,0.6012152825554842,34.43864064545061,-2.8387905178857213,7.808745422823982,31.467073095578282,11.643642008673275
1091,2024-01-03 07:15:00,0.08191603092797717,80.00672599589296,4.642949873526323,3.9836135408642708,22.73671119969396,8.051532128969521
1652,2024-01-03 07:16:00,1.1672518442236441,36.3561060986024,2.800791123058202,-1.9796304027310945,38.892933026170496,10.62357373434838
1542,2024-01-03 07:17:00,-2.667096347592536,75.00840807950345,-4.577246790309015,10.205045894707885,4.477664017870697,6.933629311440959
1845,2024-01-03 07:18:00,-1.2927563383676632,47.94119246781111,0.9886480708993632,-1.3214784415458851,34.1504423954185,11.77495719741979
1531,2024-01-03 07:19:00,1.915383461040614,60.94622085300436,6.771819894143665,19.314361318145032,30.785633312419833,10.065162424600121
1657,2024-01-03 07:20:00,-2.520637873251835,94.70936318810558,3.3313563013316063,-4.116915330733793,42.694349370979914,8.291846336649998
1988,2024-01-03 07:21:00,2.132915728175745,22.988130785265028,-0.7693831060620422,37.30089458392869,25.975402194883014,10.794452081938484
1827,2024-01-03 07:22:00,-2.4486234475373623,60.02116059819695,8.929626450738246,38.491375875370444,36.441774879239325,9.611221208502194
1446,2024-01-03 07:23:00,2.006725289350177,88.35383682620946,-1.4333144293421012,8.709423173336605,21.935394813818935,7.781898869204103
1389,2024-01-03 07:24:00,-0.8352695935276397,67.03793986962788,-1.2089598960107582,6.708758836291146,49.20052865016841,6.974318613113303
1671,2024-01-03 07:25:00,0.6732543795432946,42.14964135721253,0.3195901942039461,-0.3017660134189466,28.014612217781178,7.885552751102633
1860,2024-01-03 07:26:00,-2.0826773061120107,51.814490811602745,8.418067918841926,35.72135169613009,37.701604693956924,9.216987754803611
1042,2024-01-03 07:27:00,-2.6029876696489147,74.42125029828597,2.614380931382745,21.40887663849569,4.73746378667824,8.737838522119958
1253,2024-01-03 07:28:00,-1.7043707758791895,91.26495154510424,5.232685888387433,22.455621534914794,23.191520758027853,7.2852173400720055
1129,2024-01-03 07:29:00,-2.2328770925478265,23.28530989972893,9.643962587654208,35.31354081708991,3.3154399731899185,10.125684751932912
1059,2024-01-03 07:30:00,-1.1255646139222093,25.723105751230115,6.7494444533854665,35.98540572354693,6.173377782120011,7.6350521151144495
1662,2024-01-03 07:31:00,0.08629947906612134,46.004121888767,-2.4109982202336013,32.27537513697299,25.356155494089318,9.812112325777719
1466,2024-01-03 07:32:00,0.5325567813900571,38.62237475499832,6.825308935599649,29.80487024948475,17.680010885419946,8.11640317535591
1286,2024-01-03 07:33:00,1.7392086442784578,41.194470897792485,6.225057238390283,34.47585500349927,23.04516853403469,8.441002889694419
1516,2024-01-03 07:34:00,0.9374393594901518,37.701599890070476,-1.5107450828416158,34.418677300803516,24.8575949640358,8.252813502755776
1466,2024-01-03 07:35:00,0.6525499507773178,35.66600390841262,-0.1197525366857608,11.589018532235475,8.071535159068743,5.460010216546996
1929,2024-01-03 07:36:00,-0.5293078350853522,30.44991734954334,5.651923597946153,38.80260489905429,18.35498773825256,9.456226008821615
1777,2024-01-03 07:37:00,-0.15714939023916763,94.71633054361904,-1.4241035889821214,26.910949592217513,43.043816155542174,7.966319815803292
1344,2024-01-03 07:38:00,-0.5128750236589132,31.535157112492243,-1.8771969649607105,11.65942453056979,42.84488784210757,11.772918634520433
1641,2024-01-03 07:39:00,2.0529961803682983,36.352301981242896,5.552091581954967,14.892228277397901,24.581787640342487,7.07469438107731
1381,2024-01-03 07:40:00,-1.619997284709601,39.70125791846286,8.208932392296454,25.920897622666207,37.482388716487456,7.300652610639578
1778,2024-01-03 07:41:00,-2.9656744107482123,94.64118985043365,-3.8747497606681995,11.249450933560563,37.702280459450975,7.407876483606444
1689,2024-01-03 07:42:00,0.9079193833574357,80.45713068808678,1.6886160288716914,32.195097040900734,2.3009273453447734,9.234773132085518
1252,2024-01-03 07:43:00,-1.7852268981670116,83.17595442524117,4.107628304935117,1.6628629536164343,30.583471220332957,8.527770744979485
1926,2024-01-03 07:44:00,2.3406908178588557,28.380660763079845,5.14415178748102,35.84174344199332,40.245875645881505,10.38465850093894
1055,2024-01-03 07:45:00,2.1542779782399366,86.90479000125373,9.942938685622435,8.553888032647407,29.739162983104396,8.745001517204896
1462,2024-01-03 07:46:00,-2.539635768430765,52.65544654539344,5.240379404750811,1.872075340440892,27.12348451204481,7.130557946493536
1456,2024-01-03 07:47:00,-2.361669567515536,41.0258420969911,4.302311694957311,33.61109266507105,26.607664017319003,12.527398173218268
1982,2024-01-03 07:48:00,-0.02897044652000247,66.06000668162484,9.846012284635028,5.775845752110451,25.446664250300536,9.70403260071797
1082,2024-01-03 07:49:00,0.655335976616128,85.77463246533871,-4.089977894327243,32.95280821223206,38.93757807981596,8.128904142151534
1904,2024-01-03 07:50:00,-1.3505499751065555,82.29217208599275,-3.8834465577035266,8.331898155190425,32.15737044315213,8.640069396920692
1098,2024-01-03 07:51:00,1.3007863001962239,91.19979860649056,3.410237896361263,37.02389294443705,10.853592849374767,4.861144842500119
1148,2024-01-03 07:52:00,0.5694961255132291,94.25057488123551,0.37996921524386273,4.858493791059006,21.72407698579034,10.031581773783387
1328,2024-01-03 07:53:00,-1.0510553415086719,39.049765714219966,-3.549537293794161,-1.8657504017599407,26.47839999543212,5.902869101204039
1155,2024-01-03 07:54:00,-2.8477710717461067,53.90863153354174,-0.4032665586081414,37.1439023504075,21.005647778692307,10.295961363667274
1189,2024-01-03 07:55:00,1.5009016877911066,21.1702831364056,5.11531731111466,2.45315840096438,11.9553172684749,7.203056840761912
1493,2024-01-03 07:56:00,-1.7114780050495038,90.3457327412048,8.209224455299452,37.485964377502384,6.324561711836437,7.248454070275422
1882,2024-01-03 07:57:00,2.00684246077577,32.36577211798141,-3.585132850151687,32.07898075532514,5.953885053114044,10.10818994885014
1262,2024-01-03 07:58:00,-0.4782584396744687,88.91798498741554,3.1021759372615634,-1.3133574627514255,14.884766378175048,8.702480401170849
1079,2024-01-03 07:59:00,0.46246465579059226,46.350985758927706,-0.5582665280536716,15.031083952432098,20.192492136349095,8.599818268327521
1399,2024-01-03 08:00:00,2.2376923824540116,49.45068719849105,5.009892449407095,-1.6970153839197972,34.17559443937944,11.35331054307679
1763,2024-01-03 08:01:00,2.18173800551972,23.130580358708748,3.2417724168626023,9.84039540753151,49.247355768879956,7.862357199504689
1608,2024-01-03 08:02:00,-0.7708825485385606,46.15030318122557,8.90066509033269,10.817638520799402,44.878061227088374,9.040641759137296
1259,2024-01-03 08:03:00,-1.7466666437109413,91.06909462410113,-4.434741695751678,21.98349986474081,40.70351929877719,6.803490138555928
1771,2024-01-03 08:04:00,1.6508764663715683,22.04379208972833,2.0505591241021204,38.91530055294006,40.70542990964434,13.22188611067582
1614,2024-01-03 08:05:00,-0.4015187783872127,52.50619784373803,-2.1086066697393653,2.639354804840158,29.84364185513704,8.533413490731157
1551,2024-01-03 08:06:00,-1.8477480386459755,22.51197038501929,3.051725629963686,9.811793413696545,12.712707966266862,8.976049510298113
1784,2024-01-03 08:07:00,2.426552053902901,49.67387400872519,7.803690161002647,21.419612239653873,23.649816447477093,9.459320791147993
1100,2024-01-03 08:08:00,-1.8113748345534757,33.8112512624233,8.669747916790879,2.7139384893818725,7.213445245991605,6.842618813963158
1358,2024-01-03 08:09:00,-2.8451569908526135,40.177471461469764,0.9734749482580272,26.98193480164236,28.364887028496035,8.065507897652157
1379,2024-01-03 08:10:00,-2.87832015739548,90.20786985291352,7.176707848987386,13.164687214886676,1.2477360057757079,5.975529255286865
1819,2024-01-03 08:11:00,0.7338921387255857,54.88393764975128,-0.7923788791174182,37.73075330358927,9.554309601561307,6.301091557545479
1220,2024-01-03 08:12:00,0.9700503643051821,41.903839312152975,-4.90542580521229,23.344192534707677,35.643506668700105,6.881673298640063
1819,2024-01-03 08:13:00,-1.1337497696580965,67.14707023604382,7.828585862844534,11.338632004454276,13.916928456097011,4.718730392947625
1419,2024-01-03 08:14:00,-1.0799340645176196,31.36855678660659,-3.2088163639007803,27.37629044809391,21.056115903306203,11.306982048994678
1123,2024-01-03 08:15:00,-0.9630365096403435,40.75132859366847,-4.7358331495557735,32.74395600954781,41.61984226460595,14.075057945311789
1421,2024-01-03 08:16:00,1.080951280553272,63.69983740823108,0.30696495051922934,31.02158938132758,2.3234468123395793,5.5791112745237985
1230,2024-01-03 08:17:00,-2.6511972538390287,39.00184334784551,0.6906998443743619,6.824397735790772,1.234428592146905,6.120023890099407
1689,2024-01-03 08:18:00,2.574698116147954,74.33021899206986,-3.8416974384159124,13.764250846698658,11.526458754990848,4.3813242261144305
1062,2024-01-03 08:19:00,-1.6648737349353213,59.319304180761804,7.2127396972670645,15.347994746372724,34.25372416955372,10.734987864804742
1484,2024-01-03 08:20:00,2.9980392314525535,81.75912562037527,1.0838909531250014,12.477252647756899,11.88242968299259,7.601337398410511
1627,2024-01-03 08:21:00,-1.970863837276878,95.85956285779748,2.3488542065439155,8.988861228511787,43.19855050798689,7.26470245397174
1702,2024-01-03 08:22:00,1.6292787438742646,29.26439114779262,-1.0306209807075244,28.873650967660645,17.65722511881003,6.28258924037361
1573,2024-01-03 08:23:00,-1.6595247304222498,46.77320079876359,2.672601285198967,-4.449909045582002,14.247208608481378,10.348689822253512
1767,2024-01-03 08:24:00,-2.514919190140476,45.56392503027253,6.500970859260004,8.209490298644688,11.722363642396008,9.348442069043518
1482,2024-01-03 08:25:00,2.249599946103893,32.09463354698034,8.592740732507753,1.372776563780663,28.741120710043532,7.229118499216789
1518,2024-01-03 08:26:00,2.152507555145352,84.82425098667767,9.557944011027239,0.794619215497625,42.829932746562505,10.216477978840228
1154,2024-01-03 08:27:00,-0.5785776453023921,80.7902963231032,1.4008588690204595,7.463140010386537,20.362509196442787,6.142014551592911
1091,2024-01-03 08:28:00,1.214376855242561,58.75403766675192,9.850507881526887,29.296889100177182,12.70059794010987,6.959944495406146
1981,2024-01-03 08:29:00,0.3423955961035028,63.02166222356877,-0.5756643241597805,38.62398410852951,21.10122494214838,9.916355420098723
1525,2024-01-03 08:30:00,2.1177366820424925,24.7635310401997,-4.895360970724098,18.157830994349446,45.24900871423087,10.92567940419022
1454,2024-01-03 08:31:00,-1.1096641840880734,64.44058818616365,6.514255658464521,10.253731790961304,16.793425332181872,7.258772384134493
1740,2024-01-03 08:32:00,0.1420343999939111,83.30732192157092,-2.3234652718820206,32.31267098399891,32.821820810024505,10.552577303222948
1597,2024-01-03 08:33:00,-0.08776577277269748,65.90620588670858,-4.213177428142057,-1.9803458629287762,16.55400265702859,6.60262862861774
1644,2024-01-03 08:34:00,-0.8765650424588474,41.224509609633515,8.860133838965481,-0.8074426154437306,33.77041570403322,10.500929209474457
1509,2024-01-03 08:35:00,2.3487303873382332,73.40386178674697,6.877162457454803,10.541484163717001,44.06243635959575,9.570977956919785
1182,2024-01-03 08:36:00,-2.004732452024787,48.919074397219816,-3.4600279769261553,15.178382476210793,29.968082766253094,13.218322914105611
1385,2024-01-03 08:37:00,-2.102948162875823,63.58986274285882,6.653652285764997,30.902704117661834,47.377354730118554,11.714809278473517
1573,2024-01-03 08:38:00,0.4614572119365081,59.00522906231398,7.659995461404945,36.63687727011053,30.115707817030156,7.443880724811878
1730,2024-01-03 08:39:00,0.944965379909652,50.49400007721441,8.579524977738565,18.907444074630273,48.74630708307143,13.278318887128602
1404,2024-01-03 08:40:00,-1.832284474052609,77.51023843153081,3.1554110119953993,17.30401013070737,36.21414924617785,11.611665283372478
1245,2024-01-03 08:41:00,-0.655695346472255,90.71008895887054,5.55118105792144,4.585495858556538,32.67413664699096,10.503275101641314
1741,2024-01-03 08:42:00,2.679383057872462,20.417001478153995,6.433589184415164,15.303169466499249,41.508679716330654,9.76152127069819
1590,2024-01-03 08:43:00,-1.520295463855956,94.68932153842938,5.329584027341603,36.563990407332035,0.653529550824428,7.9207687137373295
1660,2024-01-03 08:44:00,1.010164212704364,60.921210886657995,4.702504304583904,12.680479132301716,12.936748235864874,9.668713724209676
1649,2024-01-03 08:45:00,1.440896362185545,76.05855042906121,3.2133887916682546,4.480711951043309,10.882922842141953,6.152081482574666
1470,2024-01-03 08:46:00,-0.311227803209043,88.44996529407017,2.1879318129335417,10.17827631423144,5.633813595656802,9.535486608427068
1825,2024-01-03 08:47:00,2.625155920557498,57.36829538514159,9.941875293472458,18.156757568582805,46.895553245467916,7.864744557977003
1887,2024-01-03 08:48:00,1.4199404113127425,86.79792586919122,0.06341170633234672,21.93632637698069,6.63700636185808,4.745518896643276
1422,2024-01-03 08:49:00,-0.25245252083461267,34.20958555641618,-3.6759684433317705,14.459344583807614,13.215549751210373,9.549868937440554
1900,2024-01-03 08:50:00,0.4160112106565639,32.733402758385154,6.475554475054414,29.134128079313612,16.824682722105077,7.900553149277682
1064,2024-01-03 08:51:00,1.1556806605506038,72.59770950849229,-1.7926343319575877,21.3004021948018,31.268935405792647,8.951726593702794
1012,2024-01-03 08:52:00,0.5531410825753094,89.61144044413898,2.9904003942805852,24.927166030525928,38.396465733839065,6.66243801146949
1212,2024-01-03 08:53:00,2.2721855029564555,91.39409420288315,-3.5629772509914397,33.83135160750537,30.273331999013525,9.931494671902257
1985,2024-01-03 08:54:00,-0.8586680263175932,71.49923667017973,4.289257912251859,33.95598566226938,37.47282398699799,6.678885157445835
1241,2024-01-03 08:55:00,-1.2006855596651704,62.0391384167454,9.160111058548333,4.157874053594414,20.165997793929407,7.156585417781982
1492,2024-01-03 08:56:00,-1.7169666630284142,46.511447015721295,5.840570689104366,23.05051351746924,49.789334022269124,8.520187446318538
1212,2024-01-03 08:57:00,-2.773302191612429,98.40003324794651,-1.7819783266007976,27.248838746874704,8.587606989100383,6.4850382602196746
1692,2024-01-03 08:58:00,-2.741916213719668,45.57565493330004,9.567070679332911,1.5633828967383003,20.048034419687944,11.134544428216262
1337,2024-01-03 08:59:00,2.2203311586556964,79.53488857852746,-0.3936960346317768,32.92464266765133,41.62593240920667,10.253860944698385
1996,2024-01-03 09:00:00,1.070358878435444,62.55854399240006,1.5492247973703162,3.121143790509908,12.413333867706713,9.365185025577773
1172,2024-01-03 09:01:00,0.9631944926189169,68.68098740202774,2.471755305592012,30.967574047368572,37.567066478344834,7.698156338621581
1671,2024-01-03 09:02:00,0.6878569136093162,51.47844404709009,9.860781150602092,2.2659590480552243,18.277591644171302,8.097907913671406
1163,2024-01-03 09:03:00,2.095314868164629,97.18585003777983,-3.9666289892122517,28.38003415649505,8.962054140920058,6.531948027067156
1464,2024-01-03 09:04:00,-0.1183984460062355,65.7345860879417,5.4509244165335495,1.6666590498998692,20.22668918567626,7.0333170504578515
1994,2024-01-03 09:05:00,2.222464971349802,95.0230104367032,0.4289631353910375,12.04731898863109,39.260946473148614,5.190292144229725
1496,2024-01-03 09:06:00,-0.8433298429065648,20.60731329391313,-3.8251202134634097,1.4582260062432368,5.686561858731715,8.897573558480435
1699,2024-01-03 09:07:00,2.5602450260345435,65.81364665528967,9.025474864492846,7.182179334698336,25.85346748209398,8.198809058024674
1394,2024-01-03 09:08:00,1.191941880487441,77.37495117802172,3.8478747871459795,39.30316498090681,37.093685263031425,11.157854247081646
1702,2024-01-03 09:09:00,-1.4569371838534364,79.60641369297744,6.302770113831636,-0.15459547687773423,37.603445027364685,9.647523606286748
1916,2024-01-03 09:10:00,0.3845095301317505,92.39815054253451,-1.394218466430805,13.290917188804968,19.54037703411168,4.684751586130442
1307,2024-01-03 09:11:00,0.19818336892953337,20.3521287203029,6.4231138394413545,25.46137033984853,23.37527512126815,8.783381956910365
1767,2024-01-03 09:12:00,-2.172607069617996,20.026412740758115,7.427131600348249,-0.7430643321221382,42.85262073132734,8.926353502407325
1182,2024-01-03 09:13:00,0.5474574345036847,57.78107686361722,1.4624409582171447,-0.0935155661209981,10.498054189160213,8.447790987569736
1628,2024-01-03 09:14:00,-1.1112862576982523,22.34349640042965,3.5793470912194802,1.4468292635743571,49.63036413924302,10.337581883152708
1793,2024-01-03 09:15:00,-2.685907399142385,97.96260429298997,9.57808802394332,24.02438701148605,21.01993484546053,5.210719833310194
1509,2024-01-03 09:16:00,2.691936946239389,37.76521396331135,7.700944625616383,35.92016130906429,13.845020815322856,12.06773985171687
1707,2024-01-03 09:17:00,0.848942214385727,57.81317834918758,1.6727509160224638,32.16952542858932,0.22970764129874174,7.0018942907259865
1545,2024-01-03 09:18:00,2.261513591225082,24.89101040097789,4.968607881337688,39.23748577108713,6.338652895390318,5.770291363393347
1563,2024-01-03 09:19:00,1.0563360300795193,61.763873293700684,6.763472152037696,21.01620480697272,37.84980030919496,9.266106053253694
1623,2024-01-03 09:20:00,-0.8580978471593221,50.39649001179268,-4.635067691326273,38.266478707818365,32.49661890679884,7.1455780929729205
1763,2024-01-03 09:21:00,0.0761284339728685,23.5728023101779,3.8254897993790564,8.722037434695341,12.400669447305905,9.93432934652737
1593,2024-01-03 09:22:00,1.0544805620830626,46.80994133569798,9.767929201190626,13.967706723072958,46.357455550028355,11.72636074919355
1743,2024-01-03 09:23:00,2.7615139512086255,51.31488161782845,9.20770974739497,12.821861558475835,41.800831502213505,11.774723276762618
1226,2024-01-03 09:24:00,-1.4779832452698212,99.1937193019952,7.486605921436665,-2.8689133874493065,13.536764184087259,5.735129018730635
1744,2024-01-03 09:25:00,2.2498623517447065,36.63086975355004,-3.4067886030397205,32.33673708432513,16.571384808446854,6.692857640353409
1732,2024-01-03 09:26:00,2.5444668317656163,63.58236922960798,9.910621787742276,-3.8876815088434116,9.319206475264373,7.636930009148638
1435,2024-01-03 09:27:00,1.0224930879537393,98.9852439358903,4.143072297069239,27.844431298825526,32.16368655699664,6.6393895569971635
1924,2024-01-03 09:28:00,2.5875997644080266,83.36153663521081,-1.6563762585576427,13.317915219486881,35.08675730864245,9.818152042332413
1421,2024-01-03 09:29:00,-0.6127284751357891,99.46940007056712,5.114030344214749,-4.71885277653909,19.854467346760412,7.560275388563164
1553,2024-01-03 09:30:00,2.718097056242657,97.46386517281354,7.847853431195219,8.047610628825975,36.88421926416613,5.976372094989868
1020,2024-01-03 09:31:00,1.216697262995849,59.16316336753234,-3.3150835872854625,10.575746316347228,49.579175910780144,9.381308108541678
1553,2024-01-03 09:32:00,-2.7479653954871286,75.71006798964527,8.74657214934137,38.411611197700694,30.636215545688575,11.017641310284912
1396,2024-01-03 09:33:00,2.441236990914317,28.835450155292087,8.803064221284927,24.748559392335522,32.49926440242416,11.731759881981725
1624,2024-01-03 09:34:00,-0.09316314580084484,55.291906003744145,-4.798033906530232,19.460721617776315,18.754735039827324,4.7366321511644776
1104,2024-01-03 09:35:00,-0.2380380913330029,84.7214833813358,8.504786824950914,0.717275389119612,0.6282591241206724,2.15665350867112
1191,2024-01-03 09:36:00,0.39879963587780587,60.42682567817147,9.202268773602343,12.599695278076759,47.700676321372235,7.999069933941257
1016,2024-01-03 09:37:00,-2.1036927193726322,76.21592262537855,-4.434623045294822,-3.39060408798344,38.640000799406685,12.044621802624878
1119,2024-01-03 09:38:00,-0.185003708595608,79.66010639874216,-0.5875051473792396,29.275843831256545,34.80884950106299,6.661174801555491
1392,2024-01-03 09:39:00,1.9867633003064746,40.27753129943151,0.5966126022418976,2.324951598718653,1.5875467834969093,8.547794332655092
1424,2024-01-03 09:40:00,-2.907105245174908,90.05594983540524,0.23335708099585162,21.749606542588047,37.97470603329978,6.6324723250963835
1128,2024-01-03 09:41:00,-1.3624970380537722,56.78579447273432,6.385048559052837,26.472619221534337,33.53720372716584,9.966897615153998
1129,2024-01-03 09:42:00,-2.985272481336935,36.8148082897235,0.37156688835800544,11.492910746814353,28.488415391596643,9.936462667102164
1571,2024-01-03 09:43:00,-0.50573214510091,89.2332705430755,9.348682148421135,23.46669184447488,31.21767541039389,9.747812672515998
1559,2024-01-03 09:44:00,1.369893062962408,53.425504488500295,9.92488937957107,29.390478774100714,45.92647091430359,10.028589022574968
1028,2024-01-03 09:45:00,1.7926309746877713,80.02499507037757,-0.2477169394063008,3.2855707797694684,0.4338506930076538,7.674203444033967
1096,2024-01-03 09:46:00,2.671138566762039,63.842645777727434,2.632011298097603,22.038714797686815,7.932910894830646,5.821379554185194
1009,2024-01-03 09:47:00,0.651027677824719,50.54974017876003,3.365587604500112,28.0247410948391,44.74838412372594,9.733866842263136
1241,2024-01-03 09:48:00,-1.4722388000826272,84.79011320308555,3.6910424495059253,11.067164023748166,0.5097122585271595,9.008059063366158
1825,2024-01-03 09:49:00,2.5448876948201935,66.75759453156904,0.6131349129294943,2.312102115244536,45.191443529666316,8.634908148668998
1955,2024-01-03 09:50:00,1.651894523282257,51.24496819416254,-2.5100974706175547,7.875220950599056,1.5786294071695444,8.919352697828353
1231,2024-01-03 09:51:00,0.4465708980188672,28.767829626810162,-4.181591874033085,36.9883600077923,38.988955528706086,10.339773960007768
1788,2024-01-03 09:52:00,1.1738412943136156,91.63562510133663,-3.404770015252518,11.085157964467168,44.55706823584006,6.870317800299005
1283,2024-01-03 09:53:00,2.5458981300445753,22.837566827333326,8.519368563907618,-0.15347355085030845,30.665110201972453,9.423751513998484
1714,2024-01-03 09:54:00,1.2743641708375302,89.0549878694445,-0.7943749006923939,-1.2773071557802007,32.10790853214785,7.770311332716629
1758,2024-01-03 09:55:00,-0.789752954491596,48.796921990652436,-3.847655251834332,3.1222779584729707,2.6231302232909766,8.1687093423057
1801,2024-01-03 09:56:00,1.2781692137345804,71.14710108011246,4.3529454931652936,0.7380551060388276,10.623471810465194,9.053077415916167
1775,2024-01-03 09:57:00,-2.758331023587673,93.77597790685482,-3.8703927310807207,17.276964698071133,44.98364172780089,6.526293278914461
1954,2024-01-03 09:58:00,-0.6815066290165124,32.13652924031187,-3.949205904964636,10.639814987902401,41.20342952975339,8.49741011821849
1725,2024-01-03 09:59:00,-0.5620618089265244,65.35603805110482,4.323557588068322,32.86325446074689,3.071428985057565,7.650181972367486
1199,2024-01-03 10:00:00,-1.998970593474992,81.15462898961536,3.87092866297796,34.648533959404794,40.6679570390314,11.373428995197827
1944,2024-01-03 10:01:00,-2.861487116689379,80.6067066175246,-4.377840695750598,16.29757245495009,21.231876916596413,6.716770240321433
1078,2024-01-03 10:02:00,-2.199712580173543,62.05055316796032,1.9071675165542317,34.98371970540675,28.08006111580788,10.263787519869828
1912,2024-01-03 10:03:00,0.9277289747823305,69.97915679251665,1.5365246185905193,15.270773742895443,5.509432352824908,7.740167736800593
1955,2024-01-03 10:04:00,1.813732898182125,80.60215953062756,3.200336945538325,23.888295577541136,19.992337552875327,6.098177927202117
1854,2024-01-03 10:05:00,2.9292209563618448,87.28221102059294,6.067670656551812,2.314067469148787,21.802034647169577,8.86406599982643
1855,2024-01-03 10:06:00,-0.9218189813490341,80.94504775006911,-0.7579992865670881,-2.6337847180156033,33.50746842929461,7.742205397874202
1172,2024-01-03 10:07:00,0.5962753335666102,48.32039545449941,1.4917042537571543,2.203832938215881,32.91101163666107,6.674405280821846
1466,2024-01-03 10:08:00,2.622869800890731,99.73811208461865,6.891140265414474,6.333035613043288,27.488836569948862,7.900065095998963
1580,2024-01-03 10:09:00,-1.9977493119710843,54.76021549754435,8.83834585690853,28.79418518681554,1.6691547381109693,9.256176077796393
1415,2024-01-03 10:10:00,1.3058735180564565,21.957176220714672,8.369844595748171,2.8077359107661763,8.158903135750792,8.780312730259526
1939,2024-01-03 10:11:00,1.5298723988949794,49.00935612683696,2.164464281410626,0.8794612991214414,8.097431717437734,6.594905160815781
1448,2024-01-03 10:12:00,-2.4661467847839695,30.222636365907462,2.812986955031528,36.74242206082519,44.39784838393813,10.493515679935765
1086,2024-01-03 10:13:00,2.1674963110983905,29.71540925827,2.9365816322823903,25.996109005477386,45.09531278918781,11.87162441131521
1100,2024-01-03 10:14:00,1.8786302826650632,42.52280320855155,8.030733545612271,16.298751357772623,40.34426291688734,11.502115659962268
1007,2024-01-03 10:15:00,-2.7995819605353933,24.270039534180867,7.599092604070012,-0.7264223052908649,8.826480595704627,7.6391255690751665
1844,2024-01-03 10:16:00,-2.4534935107196914,75.08097507276504,-0.3270120718198237,33.33059102071103,42.02356603259572,11.315825566037267
1199,2024-01-03 10:17:00,-2.705238636648886,25.919110736152405,-2.5572546586694713,-0.1283706145011001,9.460960240754305,7.203462152580542
1504,2024-01-03 10:18:00,-0.9915388092038269,36.263164434876494,0.6846184223815239,22.49709392842851,27.776071773114836,7.797638156872221
1086,2024-01-03 10:19:00,0.055733944079556785,27.431977159529552,-0.6739042512589828,25.04544216796691,36.72043011035881,6.965973306258247
1042,2024-01-03 10:20:00,0.1940863677277731,25.053418472242484,9.261710872223642,13.006246231749426,2.672894172232864,6.4931253961218705
1384,2024-01-03 10:21:00,-1.393999441383344,41.420133243163335,-1.0112648084202265,36.00475262520588,29.936672821382377,11.801528473291881
1620,2024-01-03 10:22:00,2.4695813193616445,65.7519174128296,-2.281899774095967,-2.7184724730941268,12.63156267717311,6.799512425174094
1434,2024-01-03 10:23:00,-0.7904232607685211,97.17484451574734,8.492185938388232,31.815260760941015,24.943038067472823,4.5458940154609255
1407,2024-01-03 10:24:00,-2.726699064207885,90.0445323479685,-3.7028209346589347,19.92074792161899,19.25672265607043,7.228597199543894
1482,2024-01-03 10:25:00,-1.1986373307516818,90.07471403562599,-1.096009228603097,22.50416759834271,34.360266737138275,7.360512272654538
1663,2024-01-03 10:26:00,0.18665653526493298,34.08536288301261,1.586667910008826,39.40715031170576,24.510597551792415,6.065027240135147
1016,2024-01-03 10:27:00,-0.5506690644706076,41.19257547982561,3.926610672395231,21.219151140302017,15.151348440904345,6.704461981068952
1644,2024-01-03 10:28:00,-1.356944885404445,26.111465343624456,-0.08490655440040484,30.866259350307686,45.52690134315755,10.380540491438863
1147,2024-01-03 10:29:00,-2.2120605014140953,82.2774671932148,2.4435099538150755,1.908884457389684,47.956775770523166,10.956898549681284
1276,2024-01-03 10:30:00,1.9149870005773781,25.585304118844956,-2.0175322035409025,31.4180316449418,40.11519166325927,9.830079806399269
1231,2024-01-03 10:31:00,2.9768714527451507,64.53565366566826,3.614111803382281,29.24828082508749,29.078975699911435,8.01900099185891
1825,2024-01-03 10:32:00,-1.0227471988567076,39.830045785916056,1.1172521241948923,38.56495330154582,44.23158424446046,12.059867766722649
1926,2024-01-03 10:33:00,-0.7102737349403765,39.47565072229958,7.738895309026756,37.10697857361942,30.1234971632944,7.25388708289075
1365,2024-01-03 10:34:00,0.7082251480617421,99.25800441980842,1.2360120008297857,4.629394548013247,7.5266217506625654,5.772144918706597
1227,2024-01-03 10:35:00,1.3106488484132477,80.54238455828299,1.6572312682307535,15.921990816894766,0.969626095953254,5.249141955863587
1650,2024-01-03 10:36:00,-0.6478227911784522,86.955148663284,3.882624840136188,36.0167430177784,36.32313689382051,7.515309746666917
1435,2024-01-03 10:37:00,2.4295771018908914,65.75861482752101,-3.152449938845878,23.834428136844007,37.64902290445536,10.882053239522294
1398,2024-01-03 10:38:00,0.3600239353735102,89.68114299149994,-2.648072349405784,15.866517742279157,46.29871675445666,7.764347492135589
1210,2024-01-03 10:39:00,-0.2976595415644141,71.63924313330824,6.853566208408605,-0.09775572796261756,41.22945206505869,10.953091547800657
1390,2024-01-03 10:40:00,0.8800365189594306,95.69389638370762,-0.8987183129067944,10.82909052563033,32.01516024358624,5.1667776370950635
1498,2024-01-03 10:41:00,2.7168230894950387,42.50708688365094,5.27045393392684,24.93579771191106,9.596141431771267,6.428857525041456
1539,2024-01-03 10:42:00,1.7673137665302328,67.6255636626316,-3.538595450341968,29.961151687772364,29.743119082081705,10.92865961925856
1562,2024-01-03 10:43:00,-2.759921216789254,75.21050783495137,7.327699904770197,15.122511130416367,21.790789377921076,9.066741533716002
1490,2024-01-03 10:44:00,-1.0061405355602422,51.43498440222453,9.823421663784357,-2.4869978145012666,11.682212616334782,7.482438127309715
1441,2024-01-03 10:45:00,-0.17673189029266378,90.37663859232426,0.6053641781167656,23.49274820212887,39.976542470842816,7.641941065519444
1260,2024-01-03 10:46:00,-1.1128945667453685,98.38425304833235,2.5829515287234504,36.471387650119745,7.5628387123058705,8.45113160182583
1772,2024-01-03 10:47:00,1.2011253649827394,59.501559309812926,1.640679697597034,17.33848370074675,31.553924766986363,6.943491957236682
1349,2024-01-03 10:48:00,1.9576148991754865,51.251252384347126,8.412816229585353,36.77911155801818,30.57662048310884,11.487186944775342
1351,2024-01-03 10:49:00,1.38807057111163,57.7550342845167,-4.850989434546806,10.934532564814388,15.250333336709762,5.378066286736056
1519,2024-01-03 10:50:00,2.935999720969652,88.21893965855453,4.801889817457541,34.886459647138864,21.519033138383232,10.739179626966244
1319,2024-01-03 10:51:00,-1.3647141126418254,71.6374740414534,4.785524092052992,30.38528886844827,5.916929479587937,5.635104669280907
1137,2024-01-03 10:52:00,2.2499369701465284,23.581789801447606,0.7357751244692965,38.278369747300125,1.374092593301305,9.360760775256951
1549,2024-01-03 10:53:00,1.5997359910469173,63.373592835657185,-1.7099953682447815,30.59595558446926,0.7496377577651544,5.343880620460042
1622,2024-01-03 10:54:00,-0.8269274546511234,21.384009819277587,-1.4047597787744648,9.46658873337109,8.79869704476792,10.585311507159116
1991,2024-01-03 10:55:00,1.4047472619418118,82.28282968027244,7.006961818208367,35.52553872846929,43.36195609689624,7.44896720434477
1367,2024-01-03 10:56:00,-2.3755442614905182,46.2649818833971,-4.008453554375614,25.137898440751258,26.178176055031898,6.038607358356716
1219,2024-01-03 10:57:00,1.7360008940433138,57.760598569386346,3.457362194115385,2.2931196583556748,5.944086041649463,7.159738314017725
1336,2024-01-03 10:58:00,0.19398361552261578,83.89424847261056,-0.3973909553260171,-2.931571411728793,45.284204727859404,6.946252635325308
1222,2024-01-03 10:59:00,-1.246258963744481,23.715905382860925,-1.021282812975194,11.463052186672837,28.487549493993445,7.196842372254399
1647,2024-01-03 11:00:00,0.9346638107050809,32.68332284732884,2.5860649829655387,30.408886737925485,1.4914878771367115,10.087974387786938
1767,2024-01-03 11:01:00,0.8497199922864542,51.83683011560919,8.467922594196505,22.819656795111367,38.1601728605613,13.21304187966725
1359,2024-01-03 11:02:00,-1.7430826636824017,38.39401308364485,4.271378785559962,18.72072218782039,23.72441414448951,7.866299137899775
1920,2024-01-03 11:03:00,-2.8176155111308434,47.03211406200505,6.829159416329853,-4.832256443438383,26.689872026788372,12.123656180233299
1328,2024-01-03 11:04:00,-0.3982644785899567,99.8539790313972,4.010256688943215,14.597531594443407,30.700020095452903,7.805392997335802
1961,2024-01-03 11:05:00,0.4170712160665273,86.03315500590486,5.46573669809111,2.097552492636197,4.813074678894213,4.496304373249061
1462,2024-01-03 11:06:00,2.259631670223591,90.71214519680868,1.486114731899434,15.455532870093453,47.39223529127168,10.246947280472773
1945,2024-01-03 11:07:00,2.5693007738855664,94.96437068526203,8.889724528122759,39.629664489452644,12.844083809636539,6.680837104837359
1962,2024-01-03 11:08:00,0.1728313089405984,47.27487042513565,2.5290853065874144,34.5792470403968,31.129427905751665,11.469649189256756
1560,2024-01-03 11:09:00,1.5228209026112696,43.76615662371782,3.2766200384014468,8.978377184796148,42.79259202286708,8.360928713164276
1803,2024-01-03 11:10:00,-0.3641803660320182,38.72499940576599,2.874482548822744,21.70783268333193,16.662684998708926,8.493690057766445
1381,2024-01-03 11:11:00,1.4764929394373585,86.40935290464981,-0.25716469752622295,17.594285503626296,31.41489269489769,5.961828685776296
1835,2024-01-03 11:12:00,-1.7711908503649985,74.3641489828148,-1.5314234660122148,0.8521152346607268,49.44496962351212,8.460886129689529
1589,2024-01-03 11:13:00,-0.7736115911788115,38.893758598630185,-3.892475538266675,39.541293211683296,42.60478090094656,7.618049361408673
1616,2024-01-03 11:14:00,0.8053679928816888,50.15950633683639,5.772624730038229,14.132882047598088,38.98630571050018,12.44984587981752
1168,2024-01-03 11:15:00,-2.891052206357527,60.53694111462386,-0.6608710524444383,17.75465666823232,22.021080039010535,9.38426938251468
1216,2024-01-03 11:16:00,1.3347678620337238,62.251204581900296,0.8379694479341078,24.141969053992298,22.618350019232196,8.865585848234456
1377,2024-01-03 11:17:00,2.013213007609001,91.09821828413718,8.79892244089319,3.6195039908778064,24.328440685563734,6.72247715807717
1118,2024-01-03 11:18:00,-0.6051500334362911,50.445290635777305,3.4967102411781052,5.000197106182135,34.55253778253593,7.370721056450106
1189,2024-01-03 11:19:00,-0.31234549693701386,92.68192244004099,-3.5438290414409264,3.6651291338396828,7.302427619155824,3.9168940032599524
1766,2024-01-03 11:20:00,2.107693273299186,55.30940482558317,6.994178692357746,12.300949455993777,43.06529844525486,9.671382898411046
1369,2024-01-03 11:21:00,1.6539278119562004,79.7098139833883,-1.1580410133581682,3.9854630405974145,1.0021443047404142,5.591899605629249
1777,2024-01-03 11:22:00,-1.27110306579975,94.42034559880449,3.2905876396927383,36.68781855740752,8.582657671262634,7.657048767720149
1148,2024-01-03 11:23:00,-1.0561433606307662,92.6060563170613,2.649722122959859,27.144132085760837,24.142536184918313,8.25866920260207
1675,2024-01-03 11:24:00,1.0732693943435798,24.556229383654493,-1.4288173647217892,35.40260061503392,12.680635282675656,4.7329929251435034
1651,2024-01-03 11:25:00,0.3791885546889673,36.456343598125585,-3.263434478081284,33.18178586395892,18.34252675431614,5.369499014441643
1858,2024-01-03 11:26:00,-2.0266225734210184,58.15243404258201,-1.831075902575479,26.64183782035442,16.69589628767795,5.051384324262562
1487,2024-01-03 11:27:00,-1.1404205446250015,54.52434319624858,-3.539933006540516,5.923578508382169,13.52134016097997,5.63749518664674
1769,2024-01-03 11:28:00,2.3998996612719248,71.27133318697656,-0.8655797157184821,22.689348892890784,19.07579016600529,11.165304331422734
1373,2024-01-03 11:29:00,1.1290466203335807,95.57672406603298,9.959462661061968,3.3834487285870303,25.31388963220837,7.825705410597817
1780,2024-01-03 11:30:00,2.915845906113117,28.992376902235904,1.0313839786207382,0.961422182962492,23.870304185741062,10.484234408891082
1692,2024-01-03 11:31:00,1.6020751798846167,56.14869321073924,7.9583258700251545,23.465885887867284,40.61492741642656,9.223084458961484
1159,2024-01-03 11:32:00,2.651846592861541,35.39288303097115,3.237665381935921,23.108151709223947,15.476438497857753,7.210125760943558
1350,2024-01-03 11:33:00,-1.7028685567771475,91.5286078718358,4.998746190005994,2.0479963908769747,14.167332707736392,4.897763139133275
1911,2024-01-03 11:34:00,1.6289092489015546,97.16641486413222,-2.654780453741657,10.859246385156915,25.27199463244098,10.50011692192592
1287,2024-01-03 11:35:00,-2.8786948791132154,58.29613455122801,-0.8779119886703688,-2.0173471764426916,2.4919238781807387,9.129258067751053
1287,2024-01-03 11:36:00,1.0245601302692036,28.32082381825126,2.6566513454338834,27.207990115872356,5.679333643862539,5.750894131876491
1891,2024-01-03 11:37:00,-0.18430633127855156,82.82357333781385,8.217151513402609,39.437304312889474,40.174090597354606,8.413244195035924
1225,2024-01-03 11:38:00,-0.9194395684795884,75.77130803939193,-4.356679461725897,28.29577699412654,24.736102147177952,7.414833597277294
1522,2024-01-03 11:39:00,2.1744261137585346,48.37366612882484,2.6037993934858132,32.98684763089486,3.4201155619453023,6.309307976495355
1521,2024-01-03 11:40:00,2.125606155945184,90.99259791751707,-4.234816812373551,16.435445902812372,22.07510790588893,9.836535323008674
1782,2024-01-03 11:41:00,-2.8661897706081385,98.06655118261658,1.8523401467392384,-0.6987163474962355,19.973392013602588,7.443496474720487
1272,2024-01-03 11:42:00,0.657030734696586,64.62830793041563,4.433022389989553,27.697293512738632,12.382110642618287,9.22674230797155
1935,2024-01-03 11:43:00,-0.7930066540742615,65.25823290754339,6.170847871424611,6.5434090058866605,18.66795194253901,4.9186932466098146
1401,2024-01-03 11:44:00,-0.5060339909973051,43.80108040910223,-2.9220199210905995,12.473227896588831,9.498934614282565,3.8551033133721444
1182,2024-01-03 11:45:00,1.9922444353126556,66.76048287866513,-2.5013707480797787,26.63946624828295,22.508072306890817,5.840545597852547
1968,2024-01-03 11:46:00,-1.1409613708339303,55.171385641987726,2.0509738253768592,35.715303678801206,20.485552763823698,4.887325011302765
1664,2024-01-03 11:47:00,2.6582928638257206,44.17528215424415,9.97054686968611,16.881207204966238,30.41426748102232,11.20696986524105
1487,2024-01-03 11:48:00,-1.9221970417671554,25.374815721912107,0.3407025348514514,38.27225078930477,47.11100046338065,11.790440154245145
1826,2024-01-03 11:49:00,0.9763345402090664,40.21662877672999,1.4129114104436544,18.395658773230185,9.354579233309355,5.987728228313665
1845,2024-01-03 11:50:00,1.0326304020825887,35.828371974213155,1.4867011422182728,0.5129701808413287,20.930302493930068,11.239712930159506
1123,2024-01-03 11:51:00,-1.4868290314324908,63.36335876431591,-3.7894876796435684,18.32951856214288,28.154804533316927,5.933342339943998
1984,2024-01-03 11:52:00,-1.0514963461967881,68.13360174108752,6.61258217934993,33.728246767208525,27.394863068632723,7.599449478469549
1625,2024-01-03 11:53:00,2.0087909554796424,68.68573794448132,-1.2034771336083883,19.212030990594396,33.10089746068212,7.252311090769276
1789,2024-01-03 11:54:00,1.5708315297297144,51.054480083654326,5.555005853243799,28.648990653808774,13.469725923009307,6.55671511623086
1413,2024-01-03 11:55:00,-1.0254247181114426,53.698378694839676,2.126348182533861,19.658092533604393,31.76408456425257,5.986484761812808
1979,2024-01-03 11:56:00,0.2037392816096033,86.7390743712512,4.176696133290761,19.572455216780515,10.138390147677542,5.758374111631579
1724,2024-01-03 11:57:00,-2.629918222481427,58.098625081372994,-4.190425452575056,7.814240558376937,6.360231737956044,7.553989478315814
1171,2024-01-03 11:58:00,-1.7475247056082246,99.02186657096979,8.349485266248493,4.056721805008598,41.599085511262615,11.099036320222506
1287,2024-01-03 11:59:00,-0.08507664683760563,55.16937840070919,-1.3421484587042998,7.551345813009423,23.739621388442735,6.238372540097466
1434,2024-01-03 12:00:00,-2.4841575883247304,71.96647556942712,5.051430812512555,14.837705091571593,19.924138570252886,6.9730783072396685
1685,2024-01-03 12:01:00,2.059994129351625,24.029039919471664,6.970286680992427,31.431554981801426,46.43288053188217,7.932240147203319
1112,2024-01-03 12:02:00,1.3080372606458877,72.26719395350486,3.100580759247956,32.304599828673716,35.51689368615813,9.47239358868603
1887,2024-01-03 12:03:00,2.661802023890969,88.11411155320049,0.060010331179362275,2.3520017232723127,33.88872574391947,5.290204221791519
1916,2024-01-03 12:04:00,1.1608014357841627,95.3966270826637,9.668550617216152,19.87847113694388,9.793560382347385,8.706081745570788
1994,2024-01-03 12:05:00,2.6424082335731134,99.78564893118164,-0.8234043009395657,13.721247533354259,10.54198461895103,7.122869364533861
1121,2024-01-03 12:06:00,0.32707533414578993,42.57429165193865,9.229935056849056,20.69210765371735,24.20675765815663,9.237809936017296
1543,2024-01-03 12:07:00,0.6013116663718163,66.02960518605735,-2.6566379947290235,24.143052415766196,32.64995805573808,10.068201847522184
1221,2024-01-03 12:08:00,2.8618263277575657,56.05743884257179,0.838331972835153,7.582539672348517,19.824098789043585,6.384734683576825
1630,2024-01-03 12:09:00,0.852774881185562,65.10539844601368,-2.9225662377904666,36.36590718737162,3.3028448631143297,5.122016912890608
1038,2024-01-03 12:10:00,-2.81528058683552,32.59623657518773,-4.96639290389456,37.09516697509079,34.18314368954191,8.406925773195905
1496,2024-01-03 12:11:00,1.3428166597831392,88.49196580767531,-1.0961218940528767,-0.25890158528244545,38.7101877518679,8.807811847029981
1779,2024-01-03 12:12:00,2.4328121528244937,92.76551546756701,-3.6918439862156793,26.635831650229854,47.22069358071457,8.15212316657824
1232,2024-01-03 12:13:00,1.7734814987659595,55.972933049033806,9.795182846355207,-3.5045572237273213,20.497509458244675,6.7593735360464136
1942,2024-01-03 12:14:00,0.5029996357525359,42.43438892588615,6.424799769277039,-2.9046290941722033,12.976597967468136,11.185162908248254
1529,2024-01-03 12:15:00,1.0278210785610984,31.266674212240986,-4.944428055169868,38.10099613373598,46.297819472643866,8.686454650144436
1148,2024-01-03 12:16:00,2.94115073551003,74.70118598222436,-1.6453012276461183,26.2683910691642,35.78542819470324,10.206299501720714
1396,2024-01-03 12:17:00,-2.45602746894397,44.97854716965882,5.051863619255755,9.604373343162246,3.292916499088419,9.90719566786036
1660,2024-01-03 12:18:00,1.0034689717994372,92.7630855930711,0.9782816974713171,25.14449504856508,29.043364295845397,6.592068449350117
1637,2024-01-03 12:19:00,-1.299613832576437,73.6809979875896,7.477638445663409,33.06257727941566,1.523480304873927,5.047902231985146
1903,2024-01-03 12:20:00,0.8405423795170206,71.65482601393926,2.5729116756359742,34.190656438508675,11.403549082241721,5.263081809050043
1301,2024-01-03 12:21:00,0.6457414553036327,64.75216927185926,4.804771295986438,-4.076609943912559,3.6405491706067434,7.3308937593868135
1359,2024-01-03 12:22:00,-2.0792590073510278,23.66210715429805,3.9555609639172093,31.820260333461896,10.324079711017278,9.347838622776543
1237,2024-01-03 12:23:00,-1.759520125558565,94.55379485484696,4.572533509354514,33.39412217769697,24.547142882623767,10.53666277229635
1646,2024-01-03 12:24:00,0.729777468259281,70.2349994639568,-1.5485171925922985,21.80065922043368,15.013437593871341,9.607755084918152
1662,2024-01-03 12:25:00,-2.2306203161773555,99.52495867064883,0.5993415880928747,16.595672959751006,4.491830267142879,6.252420767981662
1235,2024-01-03 12:26:00,-1.408914749218063,62.988512381830965,-4.240561207032629,-0.00504872610680529,24.154809299554056,7.1645725856359785
1735,2024-01-03 12:27:00,2.0114732864280143,76.80887135249705,3.814547720323132,5.782622785100461,35.4535677944804,7.522760582374384
1202,2024-01-03 12:28:00,-1.0374509639901683,24.496764629297772,1.8888769311366342,17.07183038494408,2.750951773028165,9.369097333748845
1255,2024-01-03 12:29:00,-0.07163906238202244,70.53889414587287,6.410742235286083,33.92858700280796,44.131882633858304,8.145139597202721
1597,2024-01-03 12:30:00,2.6468420108750417,81.17196892722859,-1.9042630306753683,31.141046055969532,32.68818472961897,6.529670208590832
1661,2024-01-03 12:31:00,-1.6371054669783223,82.28114358820459,1.5521817410170264,17.316831141343137,26.020129631229274,9.53918082849565
1234,2024-01-03 12:32:00,-0.6622438958519377,81.60893217842283,-2.288818504139207,30.35321602737156,19.876211163780837,7.107148224495037
1344,2024-01-03 12:33:00,0.6387466532612738,38.10261018349341,4.20968837872663,29.458001875740337,19.725057360517226,11.333292988410298
1533,2024-01-03 12:34:00,1.5320335770238334,98.03187820841808,7.720453847671781,21.05569081149733,16.844383155310588,9.398036844000083
1859,2024-01-03 12:35:00,2.409920320276231,99.6145696499951,6.481648726734775,4.914645404438504,5.874894806088877,5.0878991851840905
1796,2024-01-03 12:36:00,2.4928379254410906,26.0476700129281,9.162969589463309,10.660169594193228,4.0541701823620935,10.243764503113349
1780,2024-01-03 12:37:00,1.6598404462357372,94.91571382494058,9.575886727953865,2.3829047586588175,15.510631228755056,5.909753603183948
1465,2024-01-03 12:38:00,-1.6300149804401374,43.155935544349546,6.58050801372986,-4.678227210975833,33.386495813980204,8.28952050617977
1769,2024-01-03 12:39:00,-2.851144019744605,75.14272654007718,-0.6979087192961204,-1.3763555896353563,14.490878444019673,6.606695556745846
1540,2024-01-03 12:40:00,-0.6973564178662572,47.04887365889057,-1.7110793417702261,29.18315354769061,40.63202113639495,6.506407621397307
1212,2024-01-03 12:41:00,-2.15070689407306,97.42034586984973,1.7132355182341552,-3.493123215462602,19.07650319454387,8.537953729665482
1462,2024-01-03 12:42:00,1.2623258846297887,28.120308664282838,9.90825541865681,12.993368746635625,31.59655988157529,8.270115120870988
1435,2024-01-03 12:43:00,0.9667835209543005,59.81974535651008,1.1900203122573307,39.36011492523787,21.652480758285115,7.520354271362245
1282,2024-01-03 12:44:00,-2.736170150271271,54.243823355365976,-2.0139738414159685,30.785764801459905,24.94154193721306,6.260149547885971
1561,2024-01-03 12:45:00,2.019562674785707,46.081876182238794,9.165143166748615,28.777792226762386,12.58301243685118,9.635699004799315
1606,2024-01-03 12:46:00,-1.5075404022529064,71.64271927041189,0.7887696639403412,7.361894558791912,25.742067009454566,9.666894706298955
1462,2024-01-03 12:47:00,-0.40663754705374666,30.4844594737334,5.363483308414464,23.877859702488625,5.6215882101418035,5.611582889498015
1406,2024-01-03 12:48:00,1.007602412734455,77.33299345069575,6.8222946792188015,17.442033145797232,19.399702295864802,7.425418510852231
1087,2024-01-03 12:49:00,-0.42348727888647986,98.44736990438298,7.647338530893011,23.072098059325743,22.470218092832706,5.715853471584477
1043,2024-01-03 12:50:00,-0.3522731832003396,84.36469715749041,7.319205806841856,14.611725354707367,35.22939768103347,6.703109014880508
1460,2024-01-03 12:51:00,-2.6062320279855578,88.80134023276364,7.543702944999701,18.89333681364129,20.071036775947647,8.90997553738428
1277,2024-01-03 12:52:00,-0.5913387044399769,48.7709394543202,5.014801413668213,39.47783120579567,33.305256685617316,9.283433050244808
1682,2024-01-03 12:53:00,1.589087359319901,45.9909285184975,1.0574660390868988,9.819078475358411,8.81334494703796,6.489298861805833
1420,2024-01-03 12:54:00,2.491058023119587,61.36386837521066,5.009302810957557,4.740374806794835,1.3587796970455779,6.514353226905074
1700,2024-01-03 12:55:00,-0.5190171776197694,23.658129180981817,7.551015010898698,15.182249927382532,25.346778801984986,6.970740161181457
1352,2024-01-03 12:56:00,-0.4584850387255268,95.6286507565226,0.25963696936631564,18.594422977407383,23.746152051825124,8.63283115453184
1695,2024-01-03 12:57:00,1.2157626379419124,31.502813841295378,-0.5523801456193986,-1.1467023690323366,33.520649500882065,7.5814440016822005
1514,2024-01-03 12:58:00,2.6566320066316598,92.24104313344739,0.15560825657745259,31.268740998035653,15.745908600832076,9.905420867860517
1702,2024-01-03 12:59:00,-1.3976343585638387,26.686577760028456,3.269250940440525,13.992375446270167,1.5902814250387878,8.610887699859818
1629,2024-01-03 13:00:00,-0.35913476077237894,85.80999421428481,-4.213341877790832,13.593407522396468,36.206123281892694,7.298253909549211
1018,2024-01-03 13:01:00,1.775839461313807,32.15700207025721,6.6845622852526,24.64779301074684,47.11635857464583,11.726200493805205
1022,2024-01-03 13:02:00,0.6581614162442309,23.050529127317816,-2.917220623246971,29.795995000688457,19.773751004992135,11.248528240470266
1412,2024-01-03 13:03:00,-2.3364819362162716,77.5591560207527,-3.007420148238518,39.36731214001616,30.595276250242616,9.135064100712855
1029,2024-01-03 13:04:00,0.7663964133735943,42.421224013954266,-2.035112909658425,2.8083864322864827,27.279891902575432,6.912740957017207
1806,2024-01-03 13:05:00,-1.8795222924160386,77.15969222274796,3.6539115245874747,10.55000575541092,28.343472781205033,9.023157490669934
1107,2024-01-03 13:06:00,0.06129560447042515,64.40682003782558,-0.7164743629406605,2.5715770931431265,43.38207305100227,11.719638380361673
1366,2024-01-03 13:07:00,0.17461960596263104,28.70459121840525,0.5213549347982838,34.63847627022665,36.8432049379194,9.163384812947898
1280,2024-01-03 13:08:00,2.257220173349909,94.57040586409309,8.974736664671918,19.682195739798242,38.51234196417121,9.523595791250388
1127,2024-01-03 13:09:00,-0.2250343559253709,56.18513398107821,7.708032699654778,33.359804306737765,4.592871516682835,9.105170438732438
1228,2024-01-03 13:10:00,-1.3233454665846347,78.75578222389504,7.782857996571737,39.335138097130724,7.420702694718236,10.078816221565216
1110,2024-01-03 13:11:00,-1.6142019107038106,60.08164576125001,3.664627499889818,19.759300637551416,33.198900421301175,11.956329903917284
1135,2024-01-03 13:12:00,2.245511260106017,68.34891799689638,7.9969922093572094,0.31683186358226223,27.06884348356411,5.531492927754398
1361,2024-01-03 13:13:00,-1.9739348734906297,44.22188738853539,6.678487380108303,11.257047440350462,38.73648818763874,8.992628937667313
1185,2024-01-03 13:14:00,-0.44478863470113783,36.02882432027602,9.298552043665934,-3.371481622910128,4.744358658014454,10.012132346082868
1655,2024-01-03 13:15:00,-1.876961310438318,63.405616272645425,-4.034473924671267,33.218542612131145,28.367707346210196,10.752657307878236
1583,2024-01-03 13:16:00,1.6398242406862522,55.21751783768016,-4.569092995191007,-4.195087627689487,24.35486292077453,8.939861378047988
1128,2024-01-03 13:17:00,-0.1537641601522859,51.20905707471465,-2.3745508891416334,21.648324555847353,42.74887514024924,8.373488146468086
1875,2024-01-03 13:18:00,-0.8931378566591279,73.80537560756984,8.936272307619634,-0.2240021341688978,9.438733744699682,9.974560887786469
1260,2024-01-03 13:19:00,-0.8334021562411991,75.24053056089087,4.083476589313689,-4.659897137262698,17.500785651099342,8.212172465433664
1514,2024-01-03 13:20:00,2.113285240337877,23.67360448730104,1.3916877654292135,6.5267699017632115,7.608525895869805,6.117687194827596
1448,2024-01-03 13:21:00,0.32264372576662836,47.09955953949377,2.6906659221422764,19.833348686690304,22.641451724381877,7.78770644418695
1899,2024-01-03 13:22:00,1.3072071067875815,52.941164018110186,7.44406882341505,-1.6210439507950394,44.08215004972102,8.315746668087714
1103,2024-01-03 13:23:00,2.382231097504107,27.75137289313345,8.936649937058862,22.66995473410876,33.549640538619855,8.299177375342712
1482,2024-01-03 13:24:00,2.4104500562438522,38.87206933586307,5.945482514663649,25.23964995118325,37.24050925244096,7.569483870034111
1223,2024-01-03 13:25:00,-1.028945673972821,24.131343777820533,6.397717494059444,38.63641450510534,4.75751021994316,7.140458392967246
1831,2024-01-03 13:26:00,2.7147075788783113,99.69936788936165,-0.1943293375424302,35.479168617465525,22.656094138066152,7.314756619462831
1873,2024-01-03 13:27:00,-2.8507447079123676,78.92457623758756,2.005527929118088,20.505599616047583,41.94965078264611,10.272059448503608
1865,2024-01-03 13:28:00,-0.7389866339030062,26.996012520220294,8.27815290206749,30.701416391949714,41.8902324700518,11.462367954555138
1490,2024-01-03 13:29:00,2.374793145053049,21.619950383207367,6.7890116510886624,11.363848674114639,49.40220768618821,14.00891870211452
1472,2024-01-03 13:30:00,-1.3521787210981024,77.54302401218241,5.264063776920215,21.357049722860047,26.349437371787236,5.654152610622367
1009,2024-01-03 13:31:00,-1.3615112980720898,55.135373254613356,-4.021297461678194,13.150937647142605,0.20336431635183883,4.7464885225416635
1404,2024-01-03 13:32:00,-1.1842662895086677,82.94373672516608,-4.407391708190677,10.166879277042591,44.963118745907764,12.002426795694813
1895,2024-01-03 13:33:00,0.6738803090815333,93.8780830254707,-3.0438358532900747,27.743776864372457,47.814216090697855,8.093877933761668
1301,2024-01-03 13:34:00,-0.3700033463138772,67.94403112130979,3.7208664879675,8.350174492903564,46.39453555858243,13.471639569780066
1230,2024-01-03 13:35:00,1.3604090181200554,34.968673833380244,3.0458027101172487,12.124852150228474,38.61837172514337,12.589834962773214
1730,2024-01-03 13:36:00,2.3694638553879948,82.5755228837162,9.140362398205808,11.522720698635077,10.674556050108487,7.388196140261592
1922,2024-01-03 13:37:00,1.045196249657164,96.46493945394995,5.421394600650945,34.16815422338039,7.038948043650243,8.724402893657288
1065,2024-01-03 13:38:00,-1.773199678814547,66.41850296479647,-0.5904107398186103,2.66820114779505,35.07421157349238,6.958607275015512
1936,2024-01-03 13:39:00,2.5960914141630127,74.55979578245868,-2.5775555927645404,12.166410638454092,7.10710812934964,6.696874046417462
1111,2024-01-03 13:40:00,-1.413042759915129,46.99797560293384,7.74299858992573,34.954140627796995,47.670451680144964,11.372073391859924
1012,2024-01-03 13:41:00,-2.1006342280310513,50.5222155728249,1.8943615553353625,-4.311300835463748,22.346805762090845,7.053330506081946
1392,2024-01-03 13:42:00,-2.4601963268342346,78.77235982824511,4.80204246113273,37.65401478976511,1.637671493366522,9.11654334415423
1499,2024-01-03 13:43:00,0.3803024439969933,94.22168787254553,3.4771540988620426,35.45051889079676,7.614620666345874,3.8022500034375555
1931,2024-01-03 13:44:00,-2.3174252251160894,70.31907097794817,-3.3881548079504746,13.803166588410182,14.595010856304606,8.029982297376897
1597,2024-01-03 13:45:00,-2.1673446953242155,83.18783267882779,-4.144124244772595,24.386137620975827,35.21735962666256,8.712761626995714
1233,2024-01-03 13:46:00,-1.1998171164270202,33.73080139322984,0.6552728457462029,39.5979997279902,36.89088700745382,8.881577004323244
1601,2024-01-03 13:47:00,-1.310081941893217,36.95672722063789,0.4232544631857653,19.972676967779957,10.729957637377098,6.157184903324104
1313,2024-01-03 13:48:00,0.6254370619928538,62.562774946671205,5.106971694533595,-0.6395588849476237,32.46292102315072,8.933189000059977
1565,2024-01-03 13:49:00,1.900471676836089,34.124335379427244,4.483006136517426,33.41384560886852,1.6881856825166162,10.323416813549468
1011,2024-01-03 13:50:00,1.5680979372173542,70.79960561767389,9.534113926959916,1.0368226550743662,5.232360965033558,4.583729228613503
1208,2024-01-03 13:51:00,-1.4250932717011395,43.332254831575916,7.871492541573575,6.577224502268335,26.797032679567312,11.842422429908934
1973,2024-01-03 13:52:00,-1.5281370120841204,83.32260949335137,2.448737886629317,34.308190887665646,35.22079963031976,8.798168215651083
1013,2024-01-03 13:53:00,2.794749180641806,84.64882772914747,2.500380288440433,6.5213145326846345,45.72692613771016,11.957316698240327
1632,2024-01-03 13:54:00,-2.9505825504482392,57.102996460428244,5.111938436690416,28.5288668793737,21.94384856671945,10.801383251427039
1417,2024-01-03 13:55:00,2.278323198361295,34.46485080301082,-3.2886412584008666,15.14531554414883,6.085657736349789,5.505138959549276
1436,2024-01-03 13:56:00,-1.8016288852655702,71.7419968865546,9.998358469470887,29.188702553454306,46.455933880138325,11.544001759185305
1376,2024-01-03 13:57:00,2.6837059385386066,99.42296146108691,2.7821215186543595,5.455851026763442,21.928140496199735,9.315878338179598
1019,2024-01-03 13:58:00,-0.9461562910348817,69.80727183540186,8.64857310863455,13.880448623150578,24.923907722213166,8.585459866146678
1586,2024-01-03 13:59:00,-0.35788935664048616,22.861975257120626,9.510345019783118,9.317260236620651,42.73603226971819,13.271164754934903
1911,2024-01-03 14:00:00,1.242723683666286,21.38351806136661,3.724641098533981,6.206981889191566,29.33040671093588,9.756491592388391
1754,2024-01-03 14:01:00,0.5260143088395619,45.628957639384495,-3.44977028712837,9.14934395828542,15.142367713439313,4.865939728887553
1734,2024-01-03 14:02:00,-1.092364021759063,35.66270454883239,3.600187126299568,9.534648950431233,27.084943842950338,8.680226925325432
1069,2024-01-03 14:03:00,0.3229854952069413,85.04409657146465,3.9646365574898006,37.99201871453473,31.280568778477388,11.116045875998001
1823,2024-01-03 14:04:00,1.3842413061773176,87.58445336288004,6.837897051599965,18.995364967634632,44.5010144913477,8.742953839495918
1210,2024-01-03 14:05:00,-2.7459903245850477,40.689501704838094,-4.276560995076408,15.792348474738962,11.818240127062749,10.674930559848846
1100,2024-01-03 14:06:00,-2.9328041684657755,46.05158215599141,1.994730507926409,17.649335645658354,28.013013627599612,11.135571038123718
1697,2024-01-03 14:07:00,-0.25159836556265214,38.89975741720917,8.841553875052197,39.825893923303845,46.03290202558411,9.442330700097278
1131,2024-01-03 14:08:00,-2.208980293178915,92.67060378970112,9.869486180179802,24.41150972010641,2.369092247501723,2.638466648698043
1622,2024-01-03 14:09:00,0.9860657487882865,60.21194676978258,-2.1292598186114353,26.656898865870456,9.808933860517042,9.45941928209858
1380,2024-01-03 14:10:00,-1.715685262635395,72.49096352656159,8.058984891025528,9.112982329314606,17.38111422764495,7.248142156829612
1131,2024-01-03 14:11:00,-0.402893359225974,53.238566935968265,-2.8062415755403385,16.219196948554128,33.955573138486066,8.803798697945654
1019,2024-01-03 14:12:00,-1.8139743787543863,70.4811354803625,7.617616518518457,3.28294252746106,42.10817888052935,10.077455250014857
1905,2024-01-03 14:13:00,0.2909015144947471,50.86843013773888,-0.8408340879850469,25.833525506079976,10.038625357050718,7.13695175333288
1535,2024-01-03 14:14:00,-2.303679243692587,47.17427501833804,9.394378990737136,10.502253658894897,12.410553453819492,9.6579209348518
1226,2024-01-03 14:15:00,-2.8613588832751184,70.75840585387841,5.432451263509556,28.672976459284087,41.18194326763257,8.856182504305554
1153,2024-01-03 14:16:00,-2.6932101713598167,67.28496624391914,0.9866590208463926,4.5922589560722145,7.502340978072437,5.36012350879784
1804,2024-01-03 14:17:00,2.7255506490918595,43.48223633343597,-0.7854000513775059,13.15763626906768,13.132729434660401,6.879000918144531
1741,2024-01-03 14:18:00,-2.1462826883343853,31.947876025557875,-1.4714370878833192,16.2032952982634,36.66140993696686,9.927951966934451
1468,2024-01-03 14:19:00,1.2508695188210108,49.48613550705101,5.211884904993777,2.4936409196590423,8.391323868481207,7.0038123803802135
1821,2024-01-03 14:20:00,-2.5924427746630423,53.21581113135274,8.436865038653224,-1.8684007501437847,41.41887288177585,12.869105208153103
1999,2024-01-03 14:21:00,-2.351037886588907,70.29474667396839,6.324129544215156,9.268046379331247,24.57677822218643,7.216986061570179
1870,2024-01-03 14:22:00,0.053257508456008296,93.1623010909491,7.521873070248134,19.520146458678145,22.433846571975128,6.682207250498036
1404,2024-01-03 14:23:00,-0.210774419073938,22.89478380263401,6.720756514518058,24.370552685548294,6.849234555961992,9.13153239733752
1201,2024-01-03 14:24:00,2.7094818566392176,39.49288100334759,9.68721499747029,14.13721044528836,34.014948466220574,8.61018745772781
1037,2024-01-03 14:25:00,2.6690127181244243,35.497275382364826,6.367073902394873,17.512492589727046,44.21165180523016,9.128622712475105
1941,2024-01-03 14:26:00,1.6776518552547905,60.18355269550269,-1.846572222945893,19.443683848434762,34.63618342594467,11.967868328238806
1771,2024-01-03 14:27:00,0.6126109807640985,54.376064563452786,6.873976982117723,18.03598694718596,15.912541682057912,9.743912502649625
1187,2024-01-03 14:28:00,-0.2702380956419339,78.32300990561507,-0.16895958522798704,-0.9352150014368519,34.9700534438266,8.708257089453518
1056,2024-01-03 14:29:00,-0.8629287940294734,39.39327300358911,9.936997939942872,13.225046472158226,25.54612871408415,9.586603471427782
1940,2024-01-03 14:30:00,2.6825252818533327,67.55986925998069,0.6500893015021987,4.194914049722087,42.70114887358397,8.698450149076608
1019,2024-01-03 14:31:00,0.6174528685481135,90.70858108799675,-0.6080936622915516,19.01811884303894,23.03639025322216,7.614924458754616
1272,2024-01-03 14:32:00,0.4744351661159669,92.85421919346437,-1.4117602173663268,29.113431352656576,11.941402329336233,7.257945205872001
1118,2024-01-03 14:33:00,-1.6085932693865108,96.70276837800249,4.877719780875546,21.076883468749447,5.152685447899118,6.36389730989442
1582,2024-01-03 14:34:00,-2.7198130926893214,81.86089216639908,-3.361683674187032,4.981983316008364,14.125231415207002,7.0321249645418495
1515,2024-01-03 14:35:00,2.6711314785572666,92.4790325007132,9.303398225994579,4.349059851888322,28.220640303151296,6.151545289407453
1220,2024-01-03 14:36:00,-1.1175884469320765,38.762469758821936,-0.5853098203529425,-3.3350841312929855,8.585122276550944,6.687725819342618
1525,2024-01-03 14:37:00,-0.34446586005324775,35.806475548038165,-0.568990834422916,14.187139696889076,2.084080583184888,10.028856723099258
1514,2024-01-03 14:38:00,-2.312160338485759,20.519046702442118,-4.309008564394113,14.478769127309402,22.497268303314257,8.212519614674516
1727,2024-01-03 14:39:00,2.0215459794557518,76.54754859432786,-1.3097372318963876,5.639635540121054,17.43686271823834,6.745557533879413
1740,2024-01-03 14:40:00,-2.8342090028644162,94.99737502509956,1.2846903351435648,29.391631045701715,21.077492189164694,5.758717005539896
1335,2024-01-03 14:41:00,2.0039445725945786,34.95482760333411,0.544095853363312,12.391901347155027,22.761257189678993,7.139030540359775
1697,2024-01-03 14:42:00,-2.158289923272199,70.95548603415031,-0.9047011784566967,25.123062913392957,38.32691648952696,9.571660649319643
1054,2024-01-03 14:43:00,2.319384675786912,79.7167807377422,-4.3888424324120265,23.803164950070038,48.05025007898722,9.08216423715834
1499,2024-01-03 14:44:00,1.3786358240169445,94.20913881184453,-0.49127939591536407,22.213320537791866,13.187993421895515,5.976978077909287
1899,2024-01-03 14:45:00,-2.0119784249561694,71.74881792137774,6.6749640739468,35.8629772217788,47.12570408808721,8.000053968850068
1887,2024-01-03 14:46:00,0.3949079571568088,97.62349861990019,1.5818842796420682,-4.284944789507639,11.495943449899116,9.119183699544738
1765,2024-01-03 14:47:00,-1.1240621138686833,47.57385128100382,-0.6383697860192958,-1.938321012045035,37.77176081918811,9.090936974603675
1535,2024-01-03 14:48:00,-1.9306014065304993,47.99428270171261,-0.4281179877806327,27.49632926574943,34.09916782037279,7.512143086495058
1161,2024-01-03 14:49:00,2.15509319646665,63.441000801147645,3.316563647408511,10.90866635406147,2.705888602249184,6.518990812386756
1669,2024-01-03 14:50:00,-0.5788634009566236,50.68015048927257,-0.465609833913879,39.3935077895144,36.27359797132113,8.539910341296629
1593,2024-01-03 14:51:00,-0.608737713807705,20.11405826300261,4.461959797992918,4.7385725139652966,45.06602231441462,8.738683117575139
1914,2024-01-03 14:52:00,-1.98067995116028,78.54176200695899,9.841817705876727,3.2538567141289185,46.51809260757995,10.577716105046559
1158,2024-01-03 14:53:00,-0.7016059434853279,80.13736331827867,-4.382354033692915,21.469982106735305,34.291150879318664,10.16328244014756
1187,2024-01-03 14:54:00,2.2297010779731012,79.75796837494164,-2.46894866453947,7.574137549990198,39.35074302155412,10.951586211916057
1059,2024-01-03 14:55:00,-0.8212277370621845,47.60165332883733,-2.313386820664639,10.322184328105957,3.669938315930518,5.659368315670641
1914,2024-01-03 14:56:00,2.7096213749987283,61.78315786489375,1.7060547689802252,36.44609457922795,8.146507042302412,3.657916589628636
1816,2024-01-03 14:57:00,2.6778533952503247,48.79788145413356,-4.378719319199384,-3.8190799108523072,13.197735156007598,6.56030227488559
1318,2024-01-03 14:58:00,-2.130608044155924,21.28291200245166,2.1628236661377507,18.9066738962747,26.613784804400172,11.343127755808238
1877,2024-01-03 14:59:00,-1.9361324788641308,64.9959153017135,8.933871371149849,10.070474260879074,19.373612800198316,9.864380141587175
1210,2024-01-03 15:00:00,2.1760444219913353,29.90085328672088,-4.82653866960947,10.569638917898011,32.891038287508415,10.660933176723093
1405,2024-01-03 15:01:00,-0.6434344864516848,26.403305927315248,0.4740830077777147,6.151396444974225,22.339870470605412,3.945846185337835
1663,2024-01-03 15:02:00,-2.973756106301944,80.43992549574298,6.413406581664471,1.0682539050174507,38.773609793497634,9.577521702933936
1108,2024-01-03 15:03:00,-1.356769081767774,20.76049619344845,-2.682582494992774,-3.448325222372342,35.708045291977456,6.807350735721685
1075,2024-01-03 15:04:00,0.58577395917336,96.72067548869809,-3.836614962101868,39.44629778079793,37.389341741023706,8.89994347965684
1541,2024-01-03 15:05:00,1.7955957957598079,61.22042912900615,4.461678058939578,24.71647113010394,41.4595553021901,12.62626507948682
1313,2024-01-03 15:06:00,-2.199668297440443,98.64131445649187,-4.850736364257385,29.97423879971631,41.727698502570156,10.311973432731804
1997,2024-01-03 15:07:00,-2.336751813499588,24.639805797816674,7.0265573675457365,-2.0748965315027172,38.999663787120916,11.340375863532774
1116,2024-01-03 15:08:00,2.53255592143399,66.68236390927305,-3.9972086965085185,-4.332316392285032,3.3897364532461878,6.196309608900414
1926,2024-01-03 15:09:00,1.5068902069354957,47.9461628780729,2.865313891305413,22.012990929374997,31.197847238659687,12.155581814958545
1867,2024-01-03 15:10:00,0.5386776046684707,87.47859942514286,6.101915653415908,27.572412515508326,1.0874926558898228,6.473638420678787
1703,2024-01-03 15:11:00,1.615120739975568,48.897818818742905,-1.3698351688028385,12.768981980141426,37.21357607777675,7.77920920167516
1018,2024-01-03 15:12:00,-0.4268738321601693,40.83900632458793,-3.4468975711589374,12.44897989077674,3.1467812223012865,6.104442489484981
1431,2024-01-03 15:13:00,1.5507344838547592,88.60425016799306,-2.365658503721658,12.301578459740092,49.16242825533669,7.636898660666528
1684,2024-01-03 15:14:00,-0.7691820523527855,49.97224733226088,7.820253579025126,1.8740131582459423,30.74250264736171,8.776103011111346
1739,2024-01-03 15:15:00,-1.5354325650443859,21.346665588844917,5.586704374780359,28.926108004033097,9.18170500513971,7.725213734998928
1349,2024-01-03 15:16:00,1.3740805277578119,51.2231280671467,-2.0285292617735333,4.683672955317487,23.46714752728367,9.229749521794433
1182,2024-01-03 15:17:00,-0.48196624705639035,72.36178152087535,5.741811956964918,9.598472318933101,41.351181088399244,7.985314887673652
1112,2024-01-03 15:18:00,2.888262625957169,40.348763104510546,5.629272553130301,25.20668819045126,9.081898366088573,6.591242319911565
1182,2024-01-03 15:19:00,-0.9030889061513943,54.55900739401258,9.965876471589407,-4.99528801408354,26.88509597508041,10.50897251397804
1480,2024-01-03 15:20:00,2.530364523186396,24.53721106257804,0.8733403528886869,29.481573368199072,0.2786803020375253,8.977612248995197
1145,2024-01-03 15:21:00,2.5977752914024768,67.04742332111658,7.972802412141563,35.459263672004106,39.442469818862975,10.479700155815063
1830,2024-01-03 15:22:00,-1.5488823176115232,80.5035939088315,1.6966402895922252,-2.6772181131529433,9.810919297501355,4.514953284515063
1627,2024-01-03 15:23:00,1.7893270895280802,53.065004912088824,8.466403354254503,21.62307129071281,19.420191764311156,10.81533760559893
1112,2024-01-03 15:24:00,-0.4015529691326094,53.618610624116805,-3.6259925135157607,13.380653641645317,26.559160658622716,9.737941196149889
1762,2024-01-03 15:25:00,2.505148363382088,27.062599886793315,-2.3703105481213385,-1.4691473872937486,7.328591100682617,6.6958484816215345
1475,2024-01-03 15:26:00,-0.2992543641885672,36.1552691609586,7.749315446000349,25.70039442941324,46.340875256667346,8.921576677281776
1762,2024-01-03 15:27:00,1.465822304024197,32.37402425023301,7.289504861580925,22.554338020030137,23.49342632461631,10.842114314689564
1302,2024-01-03 15:28:00,-0.19819554501721282,58.535021492923036,-0.41849312214518797,23.919714724738814,11.665999768363378,8.77452499716623
1970,2024-01-03 15:29:00,-1.633195465722863,62.34044327606001,3.9519747720018152,31.60729142666699,36.783624268925024,12.42738834296278
1824,2024-01-03 15:30:00,-1.8038992263318823,95.9152105027408,0.7404958315305414,7.911353902442272,44.72125002349558,11.32678444135785
1117,2024-01-03 15:31:00,-0.4474128344619266,25.858520342178714,-4.84523976044718,25.468063214547183,45.64227865552764,10.687421892566542
1812,2024-01-03 15:32:00,1.532967942085289,67.98943785240377,-4.608438101493094,28.44929625624748,21.61358359011742,9.334426090884824
1160,2024-01-03 15:33:00,0.6304289110846009,62.119882186259304,-4.1861545177763535,2.596673406997253,18.03711756371461,5.210509485516648
1400,2024-01-03 15:34:00,1.1317757394032597,61.29864783486633,3.9110823148836804,38.06800937780987,46.4699451381702,8.11901267712785
1197,2024-01-03 15:35:00,-1.3060418956083453,89.85274299062611,-0.8115839704170815,10.299147010965978,2.736624189759601,4.709482288422115
1259,2024-01-03 15:36:00,-0.11138792425436694,36.443077655638916,-2.840775525276642,27.116870191675503,37.551951325342316,9.892864502027026
1659,2024-01-03 15:37:00,-2.7336284101840382,23.26186194730972,9.116966626658314,28.93090568286471,8.957690429670555,9.426640422732929
1751,2024-01-03 15:38:00,1.9051944957487237,73.7817206107354,-3.180219993781762,17.681391368786905,23.32851444590407,9.952724731320835
1046,2024-01-03 15:39:00,2.939352973439248,47.61259713087841,5.109725746373165,0.7922787758882492,47.68924335147702,9.186679842657883
1986,2024-01-03 15:40:00,-0.5587256242519745,21.407193297001967,8.412402742339879,7.40483195879095,29.099291482530884,9.119324055167706
1398,2024-01-03 15:41:00,-2.93421808121074,40.109920583233105,-2.542554991423254,5.541112854792678,26.219693487801738,5.679751261783985
1709,2024-01-03 15:42:00,-1.9812441626943158,44.74614193734495,-1.7790547665692729,18.33890484629147,3.1838578537652515,6.765842104281559
1558,2024-01-03 15:43:00,0.9151612665025128,69.34707014273937,3.6072030036393556,6.757099194865315,13.939293300279727,8.092973664770994
1077,2024-01-03 15:44:00,0.6724759092231549,33.80686352394177,2.6267302956819654,19.604671463100907,0.25225003587404493,9.414573544968686
1123,2024-01-03 15:45:00,1.7271883175132636,53.04434783627184,2.8154112532940125,7.969303947416487,43.762786164434594,13.663065062015912
1074,2024-01-03 15:46:00,-1.476695934233591,58.5980355534266,3.32017141027133,-4.955938984539498,32.27824841267529,6.798097427177644
1870,2024-01-03 15:47:00,1.5817914932828039,56.73899130912727,9.248543739415664,11.346553020217517,5.9895804965316195,6.334322209506368
1136,2024-01-03 15:48:00,1.1279041291420189,97.91526133334254,-4.19242937049575,22.30828839351187,18.237287180773627,5.329272190973263
1601,2024-01-03 15:49:00,-1.0631130137169402,23.64033902322369,6.406727810422288,29.816354944179075,40.5896255256809,9.393200229906538
1399,2024-01-03 15:50:00,0.272928888341772,96.07745491619195,-1.5124036638989997,-3.723599255901129,7.1011295920591015,8.901384212774719
1836,2024-01-03 15:51:00,-2.1163571490100397,66.55497711952266,0.6051650525857308,6.62408503044667,11.590238684129442,8.313665765769922
1504,2024-01-03 15:52:00,-0.2846129793865044,83.65821719758706,-3.6606331555240397,39.34579540214504,27.116185503753563,11.165679031574758
1499,2024-01-03 15:53:00,2.287184037333846,54.431409441286036,1.6844015373031542,6.78169248387475,7.332837649501396,5.1443786825514
1572,2024-01-03 15:54:00,-0.47285172104765527,56.30703050055843,7.063288784126822,29.973894544229566,19.19704631550239,10.397608927768976
1137,2024-01-03 15:55:00,2.0374002388525323,90.34611992126588,-3.5188949220056758,17.921812828339498,49.10817362508302,6.1074492094695545
1049,2024-01-03 15:56:00,0.5415201915581664,91.67475970335217,-0.8659460266955152,0.49782928249091274,27.2381813434194,9.576554721562967
1770,2024-01-03 15:57:00,-1.8487397213858594,39.09511051450381,0.5959256301553753,23.9530058047774,35.10623628425179,9.496167254421447
1972,2024-01-03 15:58:00,0.48663746818737863,35.939350286769454,-3.441511953685365,38.48533835144665,33.19772430774081,9.461018424335165
1618,2024-01-03 15:59:00,0.03589997494238073,59.69881390959608,6.4347521496540026,34.90730647370493,10.664629644163348,7.061334829680125
1624,2024-01-03 16:00:00,-0.608151988821696,92.02216217021532,6.804205423261381,26.063175452741792,42.321058006917006,11.258218708699959
1861,2024-01-03 16:01:00,-2.282217362903578,45.7884074724941,7.53842496669952,18.04667201246678,6.190302741328755,4.0570101512689565
1253,2024-01-03 16:02:00,-0.4997480169166213,72.1611692271305,3.7584430720947726,9.369985249729666,46.08759724489304,7.971002501494556
1629,2024-01-03 16:03:00,-2.563425742562237,76.65213501924809,2.6085823128156385,11.063498195489775,10.881986725051702,10.02705466864033
1709,2024-01-03 16:04:00,-2.4073856916074927,82.29397319153247,-1.0617133179313698,10.579303339918951,47.741739895473394,7.824994042370722
1848,2024-01-03 16:05:00,-0.5045008024037037,65.11395663367706,4.827369509358217,36.49368913459265,39.918376811019236,8.495861669985134
1876,2024-01-03 16:06:00,-1.1677111081892178,52.19641426231757,1.668452284833152,4.509060656279669,8.63206377355925,7.15820945594864
1562,2024-01-03 16:07:00,2.553265955173341,97.36127910391784,9.561646091160826,12.01134287577841,8.104094259810596,6.552529921614684
1756,2024-01-03 16:08:00,-0.7457651677183765,68.90646026422822,9.522692454616848,14.438345603069852,4.318019012420799,10.800919275511491
1914,2024-01-03 16:09:00,1.5471487324326008,78.28521693066166,8.57807697726344,13.400544791887192,12.443033928883557,8.899049408054484
1425,2024-01-03 16:10:00,0.18148515819745636,47.59862765567027,0.40133707021497944,-4.811078847176619,32.989427120802304,8.770511596804596
1546,2024-01-03 16:11:00,1.224514011854013,73.5959344802464,0.5195868303108861,7.193810961201585,26.063092721825054,10.22662132201036
1301,2024-01-03 16:12:00,-1.439304101907605,40.62381297313007,7.790097460655737,17.435584865002838,30.706204415913067,9.399027516990797
1921,2024-01-03 16:13:00,2.6514298370299745,39.607753402290896,5.937023976121992,29.222199181465776,1.6539161457056353,4.198824989736842
1580,2024-01-03 16:14:00,0.18053098148654367,77.1777761447541,5.565414547270656,20.626329342126425,4.0905719340009234,5.143101121539546
1348,2024-01-03 16:15:00,1.987944427711498,61.711578901034805,-0.8058348337382633,12.318790206307806,34.629504903303754,7.947661646154504
1831,2024-01-03 16:16:00,-0.8097258391433191,74.66212883379117,7.500229173317138,24.93133946044159,42.41062633476538,7.520938093923994
1932,2024-01-03 16:17:00,-2.398731905696853,41.55507925984733,3.6913085839441475,24.965194354370947,18.035146667170437,11.35778389390038
1979,2024-01-03 16:18:00,1.0422698863250925,67.89786728453844,1.7029836135785965,6.156610723696264,8.407472158015635,8.346911888677909
1048,2024-01-03 16:19:00,-2.953442109975453,55.514691976249004,7.981331861621138,-0.3301633772306909,15.48694028483853,6.602897534438472
1916,2024-01-03 16:20:00,-0.1482421406069503,67.75682294764223,0.9131464567317105,31.14325787558984,20.66029526017497,9.346168683591301
1073,2024-01-03 16:21:00,-1.8431885840012445,43.27037857953755,4.808887178016484,18.84020707001616,31.54378280409795,10.861191268318333
1703,2024-01-03 16:22:00,0.764253026612173,77.2360770919299,1.9885777300620848,2.943614287623541,20.532723886817916,9.86841506281393
1260,2024-01-03 16:23:00,2.876519238827113,84.47434929275724,3.8910670925658426,6.7931979600462356,44.86235211607038,11.787852617951538
1355,2024-01-03 16:24:00,-0.21358256207612403,40.793317908617894,-4.391802925272821,29.48910216628167,20.120498496976445,7.155551195299479
1581,2024-01-03 16:25:00,1.9049895391540002,44.04964478845137,1.916727447645762,24.397257307317503,9.150538596298404,9.602889240068066
1601,2024-01-03 16:26:00,0.04670512170672625,72.89234157752745,3.3473696124516135,37.532495381624884,12.492395874233887,7.862287961194744
1259,2024-01-03 16:27:00,-0.02495981337585551,75.64681394428354,2.390790021244089,15.922633668164078,23.3117964745964,9.067281494244718
1637,2024-01-03 16:28:00,2.5825409590726665,76.327974751796,7.711155587602283,-2.6516016557427857,39.144887477573036,7.634063722088004
1742,2024-01-03 16:29:00,2.339795212480089,74.61588038206695,-0.333140378122752,26.519029034018452,43.48340263711156,7.4391928117790425
1294,2024-01-03 16:30:00,1.7148027911278465,51.4246173562031,8.261147965068107,6.470983973594107,9.346006898234824,7.735754530766302
1930,2024-01-03 16:31:00,-1.2224654800992953,51.588293952294265,1.051929548603356,9.573454905591088,0.27324819515202703,4.860731775505449
1640,2024-01-03 16:32:00,0.27005049434364325,40.385409891550516,5.4179009839098455,3.849171419504559,43.483499703851976,7.076096804831964
1791,2024-01-03 16:33:00,-1.65661660016589,32.546695991709036,-3.699159079890534,8.902092979773483,11.487003707058475,8.257849560861015
1312,2024-01-03 16:34:00,-0.3364998117207616,75.40619035175246,-1.9976887464676594,32.326621402606804,41.100970716170124,7.1489525846115525
1611,2024-01-03 16:35:00,-0.09472160544125607,27.455102877785027,6.417490167119077,20.952098725489098,27.582320681196627,9.411590585096167
1837,2024-01-03 16:36:00,1.989840241015985,95.02338294294253,-4.8150697169203935,-0.08808155274323859,20.265365595115195,8.302374769879664
1808,2024-01-03 16:37:00,2.3761701919499583,86.1349042937161,9.52791608720649,21.39716530262042,7.423178718948394,11.1794372437656
1181,2024-01-03 16:38:00,-0.512279625621133,88.60045919658049,-2.1405664840517726,23.510350999920874,33.634650795137546,6.674560449008944
1685,2024-01-03 16:39:00,-2.8937733295605765,92.53350516921522,8.519559793676848,34.81706610817912,40.92605266068767,6.019459743332588
1827,2024-01-03 16:40:00,2.1706430387361273,52.688397657859205,2.739175423394286,33.684044961893036,23.108596360129606,8.825545718669208
1363,2024-01-03 16:41:00,-1.9543279289918358,87.73605786803208,3.46863050345695,-2.1706197692095537,22.373131859935363,10.778105088173831
1187,2024-01-03 16:42:00,0.7312917833423613,32.64490402333195,-3.7380231804346242,34.00141427393785,37.788427042743216,12.75260029155965
1568,2024-01-03 16:43:00,-2.850174597395213,21.731343568658854,0.47828131236051696,-2.7101869695783005,25.05591878945885,8.262148879828914
1542,2024-01-03 16:44:00,-0.6029611484366146,82.791311573108,-2.656717088292479,1.935489289568915,39.30206797898199,6.617669196234585
1595,2024-01-03 16:45:00,2.9157618126920983,25.983731839755144,2.888972415414141,0.01975009341663103,2.8004093412086446,10.894022905194658
1663,2024-01-03 16:46:00,-2.3958383933771814,99.08197338607373,3.260982185079243,3.176375828002019,42.89576779915924,7.667806158429633
1984,2024-01-03 16:47:00,-0.4578410880021462,73.98371436812448,5.645004243764655,31.146789740606053,13.177325152176318,5.826189819546791
1547,2024-01-03 16:48:00,-1.157100298860287,80.27597681936844,8.17417236884775,25.87537050940478,8.542811711465442,5.712519886371799
1724,2024-01-03 16:49:00,2.430528740329586,39.664308502229275,2.0226972440479107,25.91330967977454,1.7114460227473123,5.792953531925367
1925,2024-01-03 16:50:00,2.2160406474441308,73.90923151357505,-1.4995944487909005,36.49574284055363,41.72024764225927,8.20860221138668
1407,2024-01-03 16:51:00,-1.573807438162627,23.45759498039658,0.0035749216247431548,12.633296459798594,3.099753014698621,6.850953380983443
1875,2024-01-03 16:52:00,-2.512873277697413,87.02605759388807,7.706347194084058,-4.852065059950392,47.72607774928777,10.114342913047986
1617,2024-01-03 16:53:00,0.7628303643667049,33.569927442525795,-2.812047723818578,23.789580343103886,28.285616602655,12.16587017266955
1413,2024-01-03 16:54:00,-0.9817877286977414,75.78864534670164,4.408841175080237,34.063347389154195,34.964290927865164,7.143507304823895
1341,2024-01-03 16:55:00,1.0325063436363786,37.95844009861827,-4.803711742357847,38.93170812524702,36.29299006062849,12.196426938353019
1219,2024-01-03 16:56:00,-2.807281463593113,25.47625355408342,-1.3149600731863593,11.375172864218666,14.704955989399751,5.145638325105239
1902,2024-01-03 16:57:00,-2.1996045889350633,58.519494283951545,3.8711274625218923,31.996848479939267,40.34227156069286,8.62761911291878
1162,2024-01-03 16:58:00,1.1182333966358602,33.542896821823156,1.8461806000400616,33.21524714523972,47.31740973365448,8.898347629627743
1950,2024-01-03 16:59:00,-1.7257760681850134,78.35551906612397,2.40324235364847,1.4997028489259154,18.555570370285444,10.678968956475067
1219,2024-01-03 17:00:00,2.1455260545744093,39.00526747067879,4.90843075689409,23.41743498650494,41.78393459313984,11.520335639241189
1269,2024-01-03 17:01:00,-2.648454673739187,47.39780449886631,-1.481209633721488,2.7913044613391165,38.62478678400958,11.293427585663272
1631,2024-01-03 17:02:00,-1.7071081032865523,65.39514010115784,-0.7879258951024646,15.098386816916218,29.52083401599632,10.546099236649257
1905,2024-01-03 17:03:00,2.9913614909104123,42.797462206184925,5.266873111417695,34.567011364255656,18.44403730134766,9.450357373545812
1847,2024-01-03 17:04:00,-0.4015433844792442,50.239049296796935,3.0743711131580334,30.526020047086483,20.81774616374262,11.738769253313583
1399,2024-01-03 17:05:00,1.217793981267861,85.24974168323094,-4.781197636117586,20.6652755664286,15.449665108524412,8.986413086298395
1181,2024-01-03 17:06:00,-1.904021706857918,34.336787964882056,5.054916929281617,31.391912395440954,21.370896990283345,11.171472878644868
1990,2024-01-03 17:07:00,0.6592124099132262,26.576127158554694,4.301380611284172,1.877237897980729,49.48238322424183,10.404495578493792
1617,2024-01-03 17:08:00,1.3566364102165114,46.268622810641546,-3.8208863930258934,3.771371541398304,18.234397010317355,6.0069768353269515
1728,2024-01-03 17:09:00,-1.1131401848009368,53.950141361110255,6.2127924226147915,4.398915620062198,33.30893670217268,10.35615805796145
1204,2024-01-03 17:10:00,1.9733826718552665,63.41274257092542,2.8315218842060608,29.920609992839097,16.04836102239249,5.664876166467018
1581,2024-01-03 17:11:00,0.6205054708336997,49.79389569400056,-1.9287907406456055,35.093447704289275,23.38572201087829,8.823966685687015
1555,2024-01-03 17:12:00,-0.6652619423098187,83.19293601782441,3.3903455217464096,20.3276344198166,4.28032252082602,6.833637903299606
1840,2024-01-03 17:13:00,0.34585436005895165,23.14555901347786,3.931877712565049,38.10872311310539,38.185388371192715,11.819320872020384
1812,2024-01-03 17:14:00,0.4605650846155456,54.541403055884636,8.801780937853557,27.761361304245725,33.08511991700339,5.597265767375937
1227,2024-01-03 17:15:00,-2.006788243836804,50.58047317251237,6.132166383267556,20.3657725228103,17.439501906685564,6.921508505575965
1695,2024-01-03 17:16:00,-0.5836057807982034,71.80627926454872,-0.4711346826320115,22.521573708372813,26.289749639977863,7.636331387014571
1618,2024-01-03 17:17:00,-0.9394164718830416,97.30210015179168,-3.2280054865371115,33.229036896088786,43.62386961785166,12.473281609321903
1595,2024-01-03 17:18:00,-0.5945836645252438,60.83003253030897,7.797761081211712,-0.9418681660597645,2.3171925114868994,5.019784471647418
1849,2024-01-03 17:19:00,1.5666635309115478,98.95014775533764,7.69101531813169,2.5607869149273164,46.517803187711664,8.119134243759914
1249,2024-01-03 17:20:00,-0.10476955519996434,44.1799515930558,-2.3703497791406414,6.983274269878674,23.592900163371684,10.377078236830695
1874,2024-01-03 17:21:00,2.6418969194355864,22.46945060339688,-4.0680322220317,35.2649135195636,42.996804734775836,11.4261062333186
1440,2024-01-03 17:22:00,-1.2379415198493828,33.25305339811302,5.677969747240583,37.52252370042949,43.08799794233232,8.100045133234717
1532,2024-01-03 17:23:00,-0.5057785302904261,51.60999078196539,5.838727462547261,11.027674681089785,3.0297426124317375,7.066616743982496
1195,2024-01-03 17:24:00,1.721740862874249,45.306712735084176,-2.3428436944193143,36.57357517050594,39.10156913752262,8.235144820708173
1689,2024-01-03 17:25:00,0.27614755992450135,27.764330478670214,5.023177893361831,19.6081510435217,36.670082566049686,13.431830896916173
1928,2024-01-03 17:26:00,0.2821688785466865,54.61280861525735,-0.8161438295460677,16.29731848804417,2.2553579955375227,6.046954302391896
1986,2024-01-03 17:27:00,-2.679959021968899,47.04926173276502,-1.0907445804679394,32.474410506831994,47.0328397307894,9.157333915433469
1518,2024-01-03 17:28:00,-0.6084020236892651,29.809537636595074,-0.1322309886448627,19.573754659863237,31.763956979068347,6.033414436635684
1069,2024-01-03 17:29:00,-1.375597605469605,43.689370448952715,2.8059454977528144,15.451703449054634,8.45994702963793,6.209377350791711
1638,2024-01-03 17:30:00,2.996010736986692,90.91488442843124,7.066808849929341,-4.28164230783494,6.24254999908988,9.805126458409028
1398,2024-01-03 17:31:00,-1.1498695762061384,44.163909239147216,2.479656263344393,-4.419605191824131,28.14245231813639,7.603760428257217
1977,2024-01-03 17:32:00,2.306979208763181,77.11643385936412,-0.5293595656388845,23.24161300560076,3.03582979704353,3.7241149239613756
1671,2024-01-03 17:33:00,1.0574024102428652,68.96376637262046,8.25961448067774,-1.696238111888774,8.304043767524858,7.539942319469984
1759,2024-01-03 17:34:00,-0.9545015448474574,54.17449299266974,-4.1736506383645295,28.162538893131845,47.42776505820805,7.1865430716657075
1202,2024-01-03 17:35:00,0.26120627024474175,39.122050944293534,6.956372258471205,23.00536584814008,37.262568850470835,7.5941636083742745
1147,2024-01-03 17:36:00,2.043215279695163,49.52117594767564,6.765726368827835,15.597828972046944,30.713106691578574,11.46919534790056
1471,2024-01-03 17:37:00,2.3002097881854713,67.36857707768343,-1.1967978476848535,26.9411639400259,10.520099276409319,8.381034840048
1654,2024-01-03 17:38:00,-2.037636749963129,48.060257179948394,-2.025572262195805,39.688210501125184,11.003938964587253,9.627307099877573
1943,2024-01-03 17:39:00,-0.9625611527509825,37.19171468593855,8.120508422433959,6.086054813463418,22.346883296983613,9.569573556088068
1198,2024-01-03 17:40:00,-0.98866091871857,29.31701991133057,3.383069403404864,20.067506506626724,37.72730787616144,11.448963722883978
1916,2024-01-03 17:41:00,-2.747731223544332,90.38135503276523,-4.30982963552878,32.92851577932351,0.2960872436669887,2.6798588712618665
1425,2024-01-03 17:42:00,0.589426559111379,55.22503806015245,8.36248774700714,-4.240629295710818,2.3093358063827263,8.70319208585627
1665,2024-01-03 17:43:00,2.1289203179531277,70.0166657394344,0.23508976533510673,4.15787479161305,43.51856987583988,12.739931809613
1491,2024-01-03 17:44:00,-0.7105536730468933,59.23282889094442,0.13234830715039614,18.443139527195036,40.72187753393103,10.277729692261838
1887,2024-01-03 17:45:00,1.4402156699050623,89.80532146863708,4.649319057398099,19.85107112196252,34.76458948521486,9.616322305021841
1895,2024-01-03 17:46:00,0.7662024816044397,63.75478819585687,4.919664141978638,-1.1150031176439015,25.02664738327217,8.739146499907378
1141,2024-01-03 17:47:00,-0.7461075870419949,58.46251343592907,0.29974181242622144,13.334328654988571,7.341826216031991,9.533720856462487
1312,2024-01-03 17:48:00,-2.1536412030462175,93.96807923373701,-2.85081608154679,18.39031410937815,5.201436245638376,8.551583059035874
1164,2024-01-03 17:49:00,1.2559431166558035,77.57516768362837,3.2840464505450857,14.033906446465512,45.27827874190285,12.998771100207742
1313,2024-01-03 17:50:00,2.1273910136474425,28.923992587748586,4.377687470128603,26.5268315111707,19.18783979311253,6.632744260758891
1020,2024-01-03 17:51:00,1.115126954408951,34.21635689574512,7.903335475884605,29.711374988996532,34.81655860101955,7.436524967582077
1081,2024-01-03 17:52:00,-2.8927290957910916,82.96982903515536,2.266599810475988,15.711772866554966,22.864284306156087,7.324512350378415
1580,2024-01-03 17:53:00,-1.7026026336540525,86.86810569439635,4.685441193523328,14.154687752715095,36.5733531016997,10.66381447124724
1130,2024-01-03 17:54:00,-2.5831200906988085,63.61526632722372,-4.183867582761872,26.74136518537553,9.74611317984816,5.7361086690761605
1598,2024-01-03 17:55:00,0.4223165974573604,64.35641822933114,8.417843503092428,19.988606149920514,24.279939166469866,4.084954430038281
1729,2024-01-03 17:56:00,1.538866073042474,70.55463702811556,-0.09176280189946784,34.1697750976286,18.90563101476812,10.409573969487969
1932,2024-01-03 17:57:00,-2.3365248775880434,55.12926194261116,4.483316865134679,16.651576813660284,12.328179653860571,5.120397793022109
1983,2024-01-03 17:58:00,2.0300269235603112,74.41592987871232,8.740774469698623,20.844736405247325,29.925785776311763,11.233225300078583
1304,2024-01-03 17:59:00,0.33305387037289913,28.678500605313253,7.157886765470305,0.7962341413318743,26.894967388097108,7.513108080806438
1914,2024-01-03 18:00:00,1.1398140728503492,96.9023393893909,4.565557862167985,32.619875883022104,24.834992393125646,10.888117556578377
1370,2024-01-03 18:01:00,2.828411091651877,80.01238590359374,5.554117421051279,14.003145925771118,29.596026583491124,9.091264151779356
1856,2024-01-03 18:02:00,-2.497914070513816,70.49393632072055,8.813576739474644,27.35784817551948,7.212285405390571,9.546975618753049
1852,2024-01-03 18:03:00,2.407344137866735,45.305764560758455,7.1813977022019255,14.326723708650892,18.59036187592753,10.959463084978735
1383,2024-01-03 18:04:00,-2.2433838240755444,32.87643899653833,4.1478859080573525,-4.954449661838348,16.301246243537893,6.376221581813432
1907,2024-01-03 18:05:00,-0.6422471601799065,52.74743710631557,4.880540593144396,13.018461261988094,38.48185349559729,6.344393077498869
1444,2024-01-03 18:06:00,2.108632177986686,72.92613924592467,-2.7909736375218213,1.6375987785354695,1.8826313396943253,4.533857082998046
1424,2024-01-03 18:07:00,2.4375254204272094,70.69677947384888,2.0525151965589954,12.937678568575013,14.168361533296668,8.898028191255309
1160,2024-01-03 18:08:00,0.03823004127087204,50.61129240524572,-0.48503528474500346,9.460477310244695,45.922886078195646,12.977284297473258
1177,2024-01-03 18:09:00,0.5646278296525509,69.06291150665038,1.4795595174987453,4.114632040402061,15.087497380875954,7.695161331390744
1628,2024-01-03 18:10:00,1.248884007591343,85.0998636454038,4.933703102961344,0.5697443724823357,7.679783829785732,7.180919951982866
1707,2024-01-03 18:11:00,1.996552010716285,22.102781787008567,-2.762733595973666,27.78525500122327,37.891535281576694,8.086297678692935
1894,2024-01-03 18:12:00,-2.270932982774003,56.049683834422055,-4.739360545081146,28.968713603485092,2.4874251074648166,9.781754469256287
1489,2024-01-03 18:13:00,1.8604158493753662,80.68441827734328,0.9538660484909443,6.924887734772087,21.373360508673414,11.303327427094764
1326,2024-01-03 18:14:00,-0.11234309693029942,63.691557637070176,-0.16723528267914212,17.283560112256847,42.78235220628869,7.366483518897463
1597,2024-01-03 18:15:00,-0.2962594493509858,72.1180870343256,1.3064808955256089,15.883192635710401,47.70933105464065,9.828902765649648
1288,2024-01-03 18:16:00,-0.4566014880180105,61.33411140842736,8.96831380553471,10.98614069756508,12.526085871976868,5.037577049823973
1592,2024-01-03 18:17:00,0.055269511476255584,99.34996357458488,5.606261518222656,7.493673180853971,14.880491465103775,7.190120932202254
1663,2024-01-03 18:18:00,2.670303320367621,24.369722919123056,-0.08811838101259717,3.371428420676219,28.40583013344435,8.767870457776379
1572,2024-01-03 18:19:00,0.2892226367529096,59.28358574179018,-2.3108176664494535,34.28016790308892,11.404922760921544,6.1442779268918795
1572,2024-01-03 18:20:00,2.7190652295788356,27.313323929161413,4.277174413854047,32.4990619445805,7.6221289205018925,7.422444347101198
1353,2024-01-03 18:21:00,-1.9182592163061565,32.78284496908563,4.863643772642547,13.773073460652245,21.356477401792354,8.822176616767438
1027,2024-01-03 18:22:00,1.3448158729957989,50.64306803346095,2.2543402581675256,27.45405654373978,3.7051791693394382,6.814835414525759
1953,2024-01-03 18:23:00,1.873437231652483,32.44320732003899,-1.8085883806675978,17.42494370796484,44.72157656261006,11.668192702504708
1042,2024-01-03 18:24:00,1.0747729880091716,97.09497327653209,-4.571671087452044,-1.1577530618272251,16.776411434888146,4.750101914867077
1680,2024-01-03 18:25:00,0.6415336813592423,95.74318213801273,-1.0150895379909124,32.0075728799373,16.880577819867966,8.839692125154738
1422,2024-01-03 18:26:00,0.3888766865170936,46.8887716976483,1.8575574893527609,4.867219480634434,39.58951834763548,12.267528807013957
1597,2024-01-03 18:27:00,2.165582895472176,71.17981696301436,6.819014296637379,26.806787982766448,17.14326303455719,8.975261487442111
1176,2024-01-03 18:28:00,1.9298795829870006,62.70026564750289,7.806307432677583,18.732908421182465,38.06925216199373,7.56488666415771
1528,2024-01-03 18:29:00,-2.2662676729164026,85.24695844126148,1.1940183950044636,26.074298641652504,9.143976499052688,9.847942450548846
1609,2024-01-03 18:30:00,2.091525942185269,70.19564878535537,6.941860820252916,16.204137507578317,26.496518037758925,12.112941382533354
1965,2024-01-03 18:31:00,-0.5155882833573449,20.02019635924497,9.900292353267295,26.6152516814644,38.448722327936345,9.156693083698174
1493,2024-01-03 18:32:00,-1.4778190200251353,81.05395084877911,5.749155622783441,-3.52343511747112,22.549965241051094,7.088578474724827
1197,2024-01-03 18:33:00,2.2186114080835555,79.74784970368944,5.928985474021102,-3.1616177404589587,3.6834818720093563,5.265502029945403
1609,2024-01-03 18:34:00,-0.4078512021975502,60.77781644531848,8.643047523247464,35.33529843469794,36.87142725040832,11.064288102226444
1576,2024-01-03 18:35:00,1.8501881410609,92.2335178586443,0.07216192625364837,28.736230718720073,24.753419040524427,6.347129388428757
1841,2024-01-03 18:36:00,-1.419578328264933,92.67569645523213,-4.831919104137931,32.281038394730594,15.889164543245064,5.798465349770055
1852,2024-01-03 18:37:00,-2.976424071466693,61.91293413635178,9.804659075135488,15.546342411459136,49.64050716921395,12.499921953084018
1516,2024-01-03 18:38:00,-0.027244842582333728,68.63905849572302,2.3570211650653574,15.684108784729482,43.81600405781814,9.469880581613548
1513,2024-01-03 18:39:00,-2.3986304601426944,99.72176575397378,6.785163897434904,19.030181599798286,1.9873452241036924,6.63291791926587
1021,2024-01-03 18:40:00,1.5262557331494584,43.9056187849134,7.187367064139433,5.964792104193272,29.723336104903208,7.690023494608898
1111,2024-01-03 18:41:00,-1.3435491835835378,45.96937938491819,0.9627501562004355,28.00761243198525,17.79297968611894,8.54721109583214
1056,2024-01-03 18:42:00,-0.3381261203791279,34.62191221307971,3.119095700834773,32.32544815302522,1.9665189332056872,4.246450986329086
1065,2024-01-03 18:43:00,-2.4777986094506748,91.66935513262943,3.098732890940166,35.825084169492825,0.6637216437630571,4.674775326532602
1841,2024-01-03 18:44:00,-1.280044509316484,79.5590711959413,-1.6967598598362432,18.266523176897437,29.229513346974144,10.509494094386074
1097,2024-01-03 18:45:00,1.6889414595514314,28.45142790961935,-3.235415991585598,13.655942757730383,16.074519902070104,6.217522693010352
1143,2024-01-03 18:46:00,-2.0904725285860835,98.54138809583725,3.1535845741393818,32.391995995523295,35.19547870292068,9.97860385298276
1879,2024-01-03 18:47:00,0.8829573667617443,78.4769366528893,-3.1978515972280643,28.86996010289686,22.775622182826538,11.448539564779168
1434,2024-01-03 18:48:00,2.5045551168270066,88.04176876839796,0.191330857892698,34.02729488691367,38.34822820634247,6.423113074486182
1636,2024-01-03 18:49:00,1.079020558546322,23.852063133856074,-2.208750025385923,24.50789758535839,40.67195521029245,9.822517808998409
1678,2024-01-03 18:50:00,1.8661301357533606,60.396873515373414,5.603741624241671,34.749098656278996,32.89599681003517,9.792653318974272
1085,2024-01-03 18:51:00,-2.3461702241765052,75.88786293816314,8.080132802499815,-0.9931250279605432,20.95683316270747,12.441761440233025
1587,2024-01-03 18:52:00,-1.4956090439876732,63.435726765747305,3.668719147782703,25.580270995847314,49.42501479222349,11.282031109247253
1343,2024-01-03 18:53:00,2.3672331134435467,73.3317972559422,1.1523371075739623,-1.0042210180750173,15.403600498835102,9.419045476898866
1935,2024-01-03 18:54:00,1.2906336817085355,85.4299250872378,9.949639612319665,28.700843948208153,25.77750878876559,6.021781346579689
1293,2024-01-03 18:55:00,0.8373229582638668,49.9469650368157,-4.6818629713019115,23.279974155982295,26.068164710887803,9.278262185047382
1955,2024-01-03 18:56:00,0.9826004167302003,87.89349404949678,-0.4348837369411598,-4.280359028829056,21.474108677931152,6.253148598073257
1570,2024-01-03 18:57:00,-0.5147966741721395,33.03328838122326,-0.8199027102949934,21.966744373305005,6.158624423860428,7.676215387325982
1649,2024-01-03 18:58:00,-2.732660210294081,41.67088440210998,0.3430539708687954,1.582591385140323,17.761710401787827,5.7008249618343125
1610,2024-01-03 18:59:00,1.7066492524243744,23.467649594186064,-1.5410638826224599,1.4085138900581402,10.837968320488981,7.045704895487487
1703,2024-01-03 19:00:00,1.0722794172921226,49.15414490682009,-1.0360574685281616,1.7708355245478007,45.00287393220245,12.493736695882372
1242,2024-01-03 19:01:00,-0.1631732153236518,50.39276358592963,-1.1348433512400908,16.77206210110791,32.80321664216846,9.765093845818903
1830,2024-01-03 19:02:00,2.398557692209545,84.42164777658007,2.5861607612864583,0.19841143143437723,14.461927784383453,5.787372529096488
1560,2024-01-03 19:03:00,-0.9830420100894068,72.25045362317248,0.865829155516467,0.6545086803727491,28.33005789854969,6.716499641077034
1959,2024-01-03 19:04:00,-1.2340695346125845,54.93780465245333,4.589201529773625,6.527559376024442,42.675055355796346,11.583298402346479
1031,2024-01-03 19:05:00,2.2367779504766574,72.16911828989986,2.716017398015281,-4.961379927750789,46.7282812816325,10.641603409706596
1390,2024-01-03 19:06:00,1.781925928553913,24.222668041255293,-2.248672214454042,7.410539513081481,3.8442745887221887,4.901840109344311
1276,2024-01-03 19:07:00,0.0898788638900685,34.42172288147009,7.150674684017616,22.828349506091477,39.36673423265227,8.56918097155041
1531,2024-01-03 19:08:00,-2.2155915632529,70.1558284193404,2.0829279751083565,22.070675226791447,48.318773747050706,7.8687327136505045
1153,2024-01-03 19:09:00,-1.7095711712096853,71.30934553802419,-2.7015272314102585,38.629014167409075,23.41556553163855,10.912939266469644
1382,2024-01-03 19:10:00,0.9373679424528398,81.93077269659418,-2.496802356070067,0.3833535540899833,49.77714710009113,11.033189673779464
1067,2024-01-03 19:11:00,-0.6897525729575298,52.23998072428817,6.954526157184338,33.950709915951066,47.8581917439703,11.537356050201192
1877,2024-01-03 19:12:00,2.018839149995827,77.8043277292925,5.544897763346507,12.603539195346478,32.87887826973997,8.658522282548876
1883,2024-01-03 19:13:00,2.699730055993225,74.71842660481515,2.5979192880964153,12.416632958274057,42.39580884464264,8.95908475515254
1213,2024-01-03 19:14:00,1.8338215516495096,97.07147026958792,-0.40877735371501434,10.696489763095464,14.89849957762402,9.463516375175088
1654,2024-01-03 19:15:00,-0.7347274620266573,37.210418113974335,1.907830551956141,0.6131439149331319,45.88143615113666,11.349788058204759
1375,2024-01-03 19:16:00,1.7321185753885446,64.13436510021116,4.547253057070652,16.532726669452636,29.63526659911165,5.669162541768799
1743,2024-01-03 19:17:00,-0.8913499591758995,68.14115536883754,8.189234761442718,30.432008620615626,25.532312843715054,7.703903747830152
1212,2024-01-03 19:18:00,-1.9973994734061966,99.89183079473766,3.33801801518093,34.39445832164641,41.79952204807943,9.296642793881242
1078,2024-01-03 19:19:00,-2.7996407708048556,36.09473137333214,-0.8489705783937476,38.32866661573133,44.48576948963279,12.159754486546264
1725,2024-01-03 19:20:00,-0.6856997234338795,61.85744159738338,-4.358901279597821,30.338161856520358,35.0923284381937,7.483537887948587
1627,2024-01-03 19:21:00,2.421355822183691,47.69482461709111,-2.368174161248891,23.0391267544646,1.3493105331675077,8.99213271636625
1603,2024-01-03 19:22:00,-1.566080473465941,62.07143748631999,4.752664309936941,17.389020086769868,29.900586470887287,9.270220943826015
1781,2024-01-03 19:23:00,-1.760921010421296,38.570288168248474,-2.593445497637635,34.37037632206281,41.10062922958281,8.751586883885235
1922,2024-01-03 19:24:00,2.8189247114462415,23.808990274199047,2.223093297151763,28.278112308617217,27.308940000853003,6.395612172501956
1380,2024-01-03 19:25:00,-2.849975322896447,65.80523631181511,5.48432523214578,2.2566179187181366,46.74944630948974,7.060002603003506
1679,2024-01-03 19:26:00,1.7146929023625255,46.86834526886657,-0.37662647895333823,25.714772175829292,44.876137554249524,12.631833051223168
1057,2024-01-03 19:27:00,-1.071780265554778,34.555312139874694,5.0365883471092925,14.396736906850535,26.530844965107743,7.189999799929126
1795,2024-01-03 19:28:00,-2.775072258782044,45.9148452862427,3.7160809247172804,21.810985483981664,20.251156558230797,8.175893459933492
1025,2024-01-03 19:29:00,2.5068152412575015,23.942416115819594,1.5840866039259316,35.42588877178431,2.848314892012358,8.683892399990231
1880,2024-01-03 19:30:00,-2.162146018742498,96.03537872720827,8.458682183263914,24.365674693025685,31.666627380901907,9.621729435138716
1446,2024-01-03 19:31:00,0.3106757023541724,66.49183319786084,5.3808833564116565,37.24259283293261,13.371638790826918,4.4658671563316314
1065,2024-01-03 19:32:00,-1.3556747554227133,85.18149450776198,0.4089554972886278,33.986635386883414,33.45577037905886,7.694950735764106
1920,2024-01-03 19:33:00,-2.608843186891854,53.84945580381843,7.063968002883124,0.8005563023551492,39.95818574647979,10.371640220380442
1759,2024-01-03 19:34:00,-2.7004650860197255,92.26517340529486,6.071533212545075,-4.475663879947074,20.493806186392035,7.101740311115645
1253,2024-01-03 19:35:00,-2.3066598069819673,58.66545772418027,6.8752594826224644,12.298513389199659,0.8776784473244645,8.639115378706109
1898,2024-01-03 19:36:00,-2.5717979166637197,65.91562577605356,4.614339745614917,33.939849476141916,43.276146314883306,8.081564277027722
1967,2024-01-03 19:37:00,1.5633486931195373,59.343518405012546,0.6905592375924794,5.355669671957594,27.495454702972527,11.634844743629126
1043,2024-01-03 19:38:00,-0.08660278629942475,78.66226366941213,0.22867773406403646,26.112996485477318,15.80809274303326,8.699826754593849
1096,2024-01-03 19:39:00,-0.9426474519061219,65.332486208165,4.812270411388965,16.41979161503548,31.726422656867346,8.793314061407543
1553,2024-01-03 19:40:00,-0.489786539207957,41.72791388643182,-3.036499880496483,28.573499219308005,33.75226689936526,9.18494633761824
1226,2024-01-03 19:41:00,2.5736804134357403,31.643162505811702,7.298715257478637,2.423959554008074,7.458588669309516,7.782351441149023
1773,2024-01-03 19:42:00,2.464510876428883,68.48995111063822,0.5550307599710962,5.759096754252472,32.355436355617876,7.0651622488902035
1678,2024-01-03 19:43:00,1.2940588807354612,59.1343969237629,4.455579840483233,5.913601127350002,14.405680335505744,7.956430063424845
1435,2024-01-03 19:44:00,2.3080942645301263,27.678055735689036,2.4859587240012706,19.68096160786948,40.200877463051,10.150697436395978
1790,2024-01-03 19:45:00,-1.0821118344742513,51.64939726346147,2.7898973803698084,8.03310060122621,47.081377929719636,10.636134618729127
1600,2024-01-03 19:46:00,-0.7133440439503032,61.18211376003629,6.070092193020207,31.527506777560973,5.223101650456983,5.747900022415544
1378,2024-01-03 19:47:00,0.682273091125368,86.1514587060472,4.400050805071276,10.605739859687628,45.87615409372838,11.631883130414119
1177,2024-01-03 19:48:00,0.7417556837835848,26.088084466668988,-1.2453651748142978,24.738301695567433,45.181954158629004,9.687159432948512
1426,2024-01-03 19:49:00,-0.10980097192595428,47.879627859680234,-3.8866110286439333,37.68258487435623,17.2110901236046,3.9721326152297936
1914,2024-01-03 19:50:00,-0.5960529093722804,85.81248981683083,7.603511010479366,22.311567295636934,1.5388922302567407,5.052214556893996
1708,2024-01-03 19:51:00,2.9170818696521703,71.8739145417263,8.273411121277865,5.896908499622926,33.194946789835214,9.32858874173575
1306,2024-01-03 19:52:00,1.9267417567063463,43.19666574430294,-2.53255200624022,32.37055029109648,17.301087751665108,9.462801030593235
1778,2024-01-03 19:53:00,-0.39011881267172877,87.62680976181139,-0.3578439962070128,-4.435586568642473,9.66321005812066,6.541575931625292
1503,2024-01-03 19:54:00,1.3637548634374106,59.46348644501539,-0.764864271024015,6.5441722643969005,5.5173663466479805,9.932307896502046
1267,2024-01-03 19:55:00,-1.382629840485243,59.86815130483684,9.061728411102322,12.43707198465028,9.881715466090291,5.27762414916553
1585,2024-01-03 19:56:00,-2.3989840425760205,98.12698713603075,-1.928339271039674,3.8190487615541358,11.949594938484045,4.967279944874058
1007,2024-01-03 19:57:00,-0.8854138466835559,95.76932025891027,-2.50191151850252,22.180814164255494,39.81169339201926,11.04588434857677
1919,2024-01-03 19:58:00,-0.582163199259635,48.68261466958751,-2.2724217537770146,20.110027762311326,39.212590344556034,12.427889733944614
1507,2024-01-03 19:59:00,-2.900777252635975,31.246330293046583,5.948037641406504,13.29234557974463,24.77126889992142,9.972138531900033
1475,2024-01-03 20:00:00,1.8887520098153763,46.05333858224753,8.320297663697128,8.247075099447779,27.71093223391991,11.74347701764516
1296,2024-01-03 20:01:00,-0.8448395856649107,22.438660824911043,0.9005111594990209,14.52582595129099,45.899043443041485,7.619455804545529
1163,2024-01-03 20:02:00,0.48250899468088226,21.661430936831295,-2.9588014345046485,8.104101552073091,45.41120570770266,13.095193749500355
1484,2024-01-03 20:03:00,-2.5562208763742644,51.641770900113535,3.785829961125099,4.9566328725258515,41.45082277422697,8.434272078007176
1596,2024-01-03 20:04:00,-1.9500190274964961,95.28158581577873,-1.8509756250653582,10.80715595392059,18.776262378794154,4.707574354467934
1071,2024-01-03 20:05:00,2.3381623519653596,89.70858729857662,-4.037728289521477,22.105101187785543,18.390964648982845,5.378162737605878
1566,2024-01-03 20:06:00,0.6521251672968047,60.91542671340984,8.293470675737142,24.177588552357836,44.40534432225578,9.21255358458883
1904,2024-01-03 20:07:00,2.7017043010229136,65.21811049366646,8.06261914500514,8.380622247863165,46.33302695143768,7.54003017328183
1558,2024-01-03 20:08:00,2.992500206347902,20.474679739684518,9.638652403889106,37.63291163483114,39.942886881882956,9.758806029263315
1910,2024-01-03 20:09:00,-0.768839308001434,37.24009246670124,2.1100713235919937,6.788165346292175,37.88108698558401,7.700005277786295
1943,2024-01-03 20:10:00,-1.2071816155003523,21.9819301547507,-0.5899820268436677,27.045944958023348,27.95238431031954,7.1843826792721
1237,2024-01-03 20:11:00,2.150136330954581,80.36316261563101,6.546756183556036,-1.333397439590001,16.982911567274876,8.219231198018814
1103,2024-01-03 20:12:00,2.991668562224725,31.651663682119818,-2.2925760187413085,24.918004574427112,12.107565121618652,6.850828446668304
1209,2024-01-03 20:13:00,0.777847405394744,89.52376819814535,-1.3506188477557908,15.697693689649835,7.102881269210607,5.850140232636655
1553,2024-01-03 20:14:00,1.7708443350691336,71.46594509406306,-1.1647606068892897,20.60985300895279,36.43726936821842,9.748027134533663
1827,2024-01-03 20:15:00,1.690475152891647,38.35349412125707,9.274291148682702,3.2832696781239434,38.87124302303184,12.34845997051151
1467,2024-01-03 20:16:00,-0.867961750682718,32.61762536665998,5.94734378246611,14.510378586083398,17.996394703475534,9.249978916742956
1453,2024-01-03 20:17:00,0.44562228154252326,70.20997607384425,-2.9945781112676984,29.482503545071907,0.4014554329208305,6.097820688249238
1267,2024-01-03 20:18:00,1.9983416475852813,92.06695842258588,-3.6073118281413983,29.51881747607122,46.935954345042184,11.489414556338527
1385,2024-01-03 20:19:00,1.1286832575663333,77.46881751315053,7.642222803767675,5.690018255421823,21.910757175584504,5.517328088460538
1774,2024-01-03 20:20:00,-2.8730171161077704,47.88373212827021,7.034114845671423,10.866967380086306,48.732093281393624,7.5836290178651975
1847,2024-01-03 20:21:00,-0.9797659866147992,66.99068762149177,5.064918670125328,-4.828390007355433,33.90024253971994,7.829117892430426
1386,2024-01-03 20:22:00,-2.133145820432368,44.86093562979371,-2.0584902140507584,-0.9517021547820805,6.288273469937803,9.276527945701853
1876,2024-01-03 20:23:00,-1.6021667275317655,99.93196534229271,2.2042530833390686,0.7028658691939693,16.41491517846611,4.451191437475512
1258,2024-01-03 20:24:00,2.432936864947954,79.9071350769481,4.040889181859107,8.214309665315502,32.886805517823674,6.717864949100955
1282,2024-01-03 20:25:00,-2.7786402665353913,69.1505311805403,8.982062902605273,29.155696903411012,32.497715303595456,7.843752941068342
1625,2024-01-03 20:26:00,-1.6811957282284575,53.86073142126634,-2.4586438970388413,17.96125594701941,11.67607274297476,10.304682831780031
1874,2024-01-03 20:27:00,-1.1425838865706113,69.45218322076458,2.7317021071917056,30.667366144851222,8.925157373106165,7.2662181407141775
1039,2024-01-03 20:28:00,0.701304431798369,47.32928499738678,-2.63372541682532,28.970756841866944,13.911860891900949,5.465346986383811
1485,2024-01-03 20:29:00,0.204610140515193,22.30918715664246,1.657740108612284,21.421219427845397,39.36590991656968,10.023325469431004
1928,2024-01-03 20:30:00,-1.6903831028796834,51.60708178853063,-1.9979753805361566,17.49370905382353,12.169303075498936,8.174340013763555
1219,2024-01-03 20:31:00,-2.0145535966610733,94.43846556638935,7.542793124728169,36.909438769717596,35.11885815666338,9.429895577235897
1128,2024-01-03 20:32:00,-1.5792117924232871,70.10408758190927,-1.1789558354373058,20.61716001764868,43.512980544463495,6.70877526862845
1519,2024-01-03 20:33:00,0.015177760209933666,26.716456245672127,1.2565707436603635,16.72707930770693,19.641954958593505,9.989916188214131
1612,2024-01-03 20:34:00,-1.3729332857327794,90.79948907160207,1.1168147873820287,34.11043642929262,0.44900255225534524,5.475265058086649
1927,2024-01-03 20:35:00,2.685615009646333,41.509987947321186,7.994424400326379,-1.7852578361462395,7.183691055323446,9.843131987880989
1891,2024-01-03 20:36:00,-0.2168086714269144,39.501559446618195,6.366961970983905,24.521184378305687,15.663653674800134,6.209513084390158
1687,2024-01-03 20:37:00,-2.6472239007321776,43.767277502425664,-4.13636766477374,0.0862262571882706,9.578715900007563,7.717611614415574
1618,2024-01-03 20:38:00,1.3755984350197998,66.1761788900766,-3.9936881424775352,31.891973254874706,14.546728631600294,5.787443568092991
1612,2024-01-03 20:39:00,-1.0269282707460623,63.57504747471813,3.2679586769605624,30.66997832723375,27.247694914881393,8.189803572734384
1259,2024-01-03 20:40:00,0.9209335923494852,59.313100369830536,1.4157854103669019,17.662001541396094,1.1519468660975627,4.143957715853989
1989,2024-01-03 20:41:00,-1.322433776860608,77.40294908101016,-0.8662366919473694,24.746986753869678,3.3076464260158267,8.485012691457403
1965,2024-01-03 20:42:00,0.42446245039991926,45.32301850679672,6.8893140731110805,29.767976108687414,42.801392826261036,8.248028291677159
1365,2024-01-03 20:43:00,1.6329150288447885,82.5651617257945,-3.0704724215150088,16.748674150736505,26.16375489609187,9.899419129887033
1757,2024-01-03 20:44:00,2.5680524506473237,34.02573427028793,9.610853693052277,35.768106120519725,46.78300236020292,12.823498340020652
1786,2024-01-03 20:45:00,-1.4332371334015377,82.60966312616074,-4.638462398717586,14.666350416638316,0.26345290695956736,5.016280715871942
1543,2024-01-03 20:46:00,-0.990858294006113,73.10480842002264,-3.226539130837346,35.14101318277126,0.10754439600636982,7.0387282516203475
1648,2024-01-03 20:47:00,-0.21440147828436196,74.65666476380692,-0.3302501858622202,21.223482198178466,37.00587056920868,9.217519670063187
1523,2024-01-03 20:48:00,2.563049026415933,58.524271770180796,2.637236428832547,14.180946877279325,23.865010752189143,5.9350696219362185
1906,2024-01-03 20:49:00,2.4083211408639427,73.36012261446918,-1.757957622810142,-4.815610955932887,45.6985374849612,11.45051532859913
1813,2024-01-03 20:50:00,-2.4607303193961716,26.38376372475659,6.043227232810397,8.300016425041372,39.350539565646734,9.860896960049113
1886,2024-01-03 20:51:00,-2.208421045477135,88.12408936394938,0.36312855138984723,34.05646715537463,25.247736891917192,9.07965843120225
1015,2024-01-03 20:52:00,-0.02694493601617065,24.44377867901168,-4.421924999045936,14.292075507866286,23.978347693399446,10.85194375567546
1128,2024-01-03 20:53:00,-2.360284363167459,31.8993207897198,8.165829511609664,13.966083722831673,40.57790327465127,8.830937455163953
1574,2024-01-03 20:54:00,-0.926514759907815,66.1431766797789,9.157985096290945,17.023480648019692,40.20494797886308,8.070249714460488
1108,2024-01-03 20:55:00,-2.109687730695134,79.15291643653532,4.278454336555663,7.883681418516005,13.919546005089883,5.918003365929487
1886,2024-01-03 20:56:00,0.816242130791315,26.100125147700275,7.098045828556076,17.119807139086156,33.764379305427276,12.053025649992936
1532,2024-01-03 20:57:00,2.696972590434971,93.66118512978558,-3.1833269196004728,11.909340239803456,32.195792456923925,10.294728067502739
1669,2024-01-03 20:58:00,2.980402621766289,97.88861190405589,-0.9676957732000311,35.9249138694631,42.81861647243337,10.013120065960045
1268,2024-01-03 20:59:00,-0.7485532050185109,68.47601384061689,-0.12152468482724288,20.378504703844936,43.44212058283446,10.959106763451786
1161,2024-01-03 21:00:00,0.5940758226876737,58.49947643014693,9.411297504227443,32.53679361140911,13.487204025363928,10.024996626063643
1259,2024-01-03 21:01:00,2.1376059211444876,79.31159778237998,2.6833395986105124,25.909334300935328,43.99914845934053,6.365727736729313
1923,2024-01-03 21:02:00,-2.295227563221696,46.26858818617643,-4.8887966177906,4.567134282524405,46.236098965066574,9.443480194637944
1101,2024-01-03 21:03:00,1.1373864663117903,59.461154728408516,0.7027873430514324,34.04495243654002,5.570869610480306,8.565730531440419
1505,2024-01-03 21:04:00,-0.5469380296495903,93.29208214515211,-4.8837409870163535,-1.0728141175164274,28.72993360332206,10.421238508699926
1734,2024-01-03 21:05:00,-1.7631230383190155,96.45243401932268,-1.4329138929133123,15.188703725780016,21.879537675156875,9.69255096674218
1570,2024-01-03 21:06:00,-0.5834782875153479,94.1655292840948,1.8205010071176613,5.761994148942012,20.15903669144592,6.950751311247742
1246,2024-01-03 21:07:00,-2.544238278210499,40.995845357107214,-0.14910416868745102,19.189994018449205,35.27098677580081,6.601628310854913
1639,2024-01-03 21:08:00,1.1724428915358347,38.59752321734107,-4.508986815722439,8.502231075015846,6.56546117390447,6.745963252303499
1794,2024-01-03 21:09:00,-1.4835439875092815,43.81316047434514,-3.2549641638683084,27.527181665108067,41.01529587105911,7.854641232514823
1836,2024-01-03 21:10:00,-1.131566129730732,55.304888991076815,3.2632984183409945,37.16134155192119,1.4273114372917717,6.569889249746645
1536,2024-01-03 21:11:00,-2.2735122105512238,45.13339302335709,5.43407356576728,26.909049019685654,28.957213016351226,10.597991942539581
1130,2024-01-03 21:12:00,2.18795468333935,49.937023659124634,1.068235183493539,10.988966504911248,11.345463973147275,5.765632919893221
1352,2024-01-03 21:13:00,-0.0393343243035682,69.65095616966076,5.9722261963736045,22.00314827460792,33.40669906782515,11.056932203450094
1195,2024-01-03 21:14:00,0.43288126671840166,81.00205416751807,-2.5500066722728443,34.983674130915446,26.319051500822898,7.3559891752388475
1792,2024-01-03 21:15:00,0.4165960985691277,78.84465586143335,-3.1691307828847086,7.151277540410751,49.98763632477504,11.456970621066805
1915,2024-01-03 21:16:00,-0.5370413127519496,85.15388536633216,7.591805739149137,0.3192143682221822,43.129894816013916,6.345045686438377
1929,2024-01-03 21:17:00,-1.8448205073711632,22.574752257232173,0.08820022738299471,0.8843794874946367,16.897973822573704,7.098763151934247
1665,2024-01-03 21:18:00,1.4707964909903994,23.818703174300488,1.4837188291663646,17.26838546545065,26.47127321197494,6.452255504219133
1381,2024-01-03 21:19:00,-2.237662407853954,83.15063685509034,9.213724034759448,27.94613175084293,15.958821338570147,10.295826286620366
1644,2024-01-03 21:20:00,-2.376757258327137,62.646305785970554,1.3616849190566391,24.576598393888293,36.46679523354335,11.46000216332269
1226,2024-01-03 21:21:00,1.26087022557902,66.25125390096963,-4.947648412221437,15.42502752181068,21.17841551662183,7.886333852266954
1700,2024-01-03 21:22:00,-1.746977877288097,24.206948817150167,9.069579093247535,27.818411808161343,5.860344375345719,6.7506127132371425
1475,2024-01-03 21:23:00,-1.159363491883006,40.42510409370167,-4.78822049771258,23.528648026345767,33.0741134040168,12.07782874862101
1476,2024-01-03 21:24:00,-0.1486351979895586,71.06834439083822,4.934294255937971,23.270384002038142,0.6521458893137955,6.03756558967112
1264,2024-01-03 21:25:00,-0.3038920996227228,88.73455120885409,-0.15663635701244694,4.1069378782392185,14.934774841362467,5.281274688294763
1371,2024-01-03 21:26:00,1.2514747503899954,93.3586717745122,2.0558613484030754,9.066254486182684,45.366439115234016,9.05398580433255
1485,2024-01-03 21:27:00,0.740590760660166,60.03355966680654,3.2092775154427606,10.499094638014459,4.79929812843354,9.63272442869845
1433,2024-01-03 21:28:00,0.8663769736911942,63.63793861905581,1.1269008594333139,31.36858412277529,25.270844449064192,5.751351245018569
1645,2024-01-03 21:29:00,1.284325983932744,86.64397048551928,6.615531807732523,29.879972093441253,39.774915409988765,7.4986823663429485
1210,2024-01-03 21:30:00,-1.244323635459208,63.00996805978837,8.96059614496669,6.3702740836706955,45.23465585238986,12.659310868414718
1571,2024-01-03 21:31:00,-1.0660001291971581,61.34868204298539,-3.7038192182169762,-2.518147656050908,28.035930972183625,5.7833525769178955
1939,2024-01-03 21:32:00,-0.37201351262667526,92.4067230208763,7.003793218524596,29.5502714142905,7.743751885106863,3.41630551212024
1376,2024-01-03 21:33:00,-1.1552269617988435,83.19461768447042,-3.069932886490323,13.443978045744327,47.048785199646424,10.581733079296535
1394,2024-01-03 21:34:00,2.90962721382518,92.72580210890357,-3.7958422512558836,4.891142604562788,37.488016406266006,10.206799842898526
1449,2024-01-03 21:35:00,1.8843115585285783,37.4597643824923,9.337471790831932,0.2657591756992952,19.843950843666107,8.397271969200306
1942,2024-01-03 21:36:00,-2.0120718704638225,61.95003893242854,2.33946672236911,-4.423340723517457,13.921338989479626,10.781218074652026
1363,2024-01-03 21:37:00,-2.966435064708783,87.39777028746863,-2.710950634860671,14.247833566624877,2.4810528214969496,6.648267557773721
1875,2024-01-03 21:38:00,-2.743300390516393,28.891826197368715,3.5493566982563447,10.289371647407146,9.652415165723928,6.660379101272316
1456,2024-01-03 21:39:00,-1.5356192937424484,83.57297234351694,-1.0514429184567047,26.341156781827728,38.90608546328445,11.846685741324807
1724,2024-01-03 21:40:00,-2.3142522849788607,34.63787067318955,1.9646352521199129,38.94994444843337,5.520518849466969,6.051406704630825
1727,2024-01-03 21:41:00,0.20002868935543283,84.6495003988257,4.369893908198655,4.305217882726929,6.5576854815205055,4.719617886007837
1225,2024-01-03 21:42:00,2.1479713363641517,68.96007500454945,8.039047433049921,5.936626316827184,9.877041826903815,8.380434452547123
1981,2024-01-03 21:43:00,1.4205013254793641,35.45887931878937,-4.953779025960375,10.17861595889784,19.82755231963723,7.749969649967697
1130,2024-01-03 21:44:00,-1.7063456215068575,57.86833434662409,-1.7878900862607687,15.967193569748737,9.534650165950353,3.97895628843643
1587,2024-01-03 21:45:00,-0.604204463845285,74.55241331686173,-3.5559418562183067,26.396441290324095,45.224744844049646,5.6485810362421205
1475,2024-01-03 21:46:00,0.04736525718766593,70.7082320706834,-3.5435344766140626,10.841418482737298,12.957001908491112,7.379233494015983
1797,2024-01-03 21:47:00,1.861235097020013,54.179775698536346,9.186661197098573,-0.3109755663149416,45.982431861958474,12.205377837165754
1985,2024-01-03 21:48:00,2.034729618636989,91.94932231367416,9.041244017725786,27.86537367614833,49.24865674046092,10.423623380905365
1276,2024-01-03 21:49:00,2.458309871446656,61.54107315902755,6.239621195518497,30.758875510803392,37.76468748542087,12.9926820079994
1155,2024-01-03 21:50:00,0.05547150301725079,60.46938388229507,4.645945636013732,6.144189501456138,0.47110927219073073,5.859713160719545
1759,2024-01-03 21:51:00,1.1656484786151777,24.98004719531634,7.7195566953655455,1.154030968403795,12.077003866570537,7.023606905667267
1217,2024-01-03 21:52:00,-2.329197772596377,93.76963118381097,-4.123868928641486,18.751047315958765,13.439937345919075,3.701664233853142
1189,2024-01-03 21:53:00,0.39173375972389257,34.16932549426984,-3.2077131034815736,4.374143539210593,27.183453960636086,6.686212953695759
1416,2024-01-03 21:54:00,-1.5078491431731893,62.267575474924335,-0.24330615055499027,11.837354500688285,8.003845778924857,5.255584883958849
1980,2024-01-03 21:55:00,-0.4096986898403334,84.28540811202481,7.487385698447703,29.981254905798274,3.9530361394104423,7.748441889865893
1674,2024-01-03 21:56:00,0.8043030498403163,37.23626215645147,2.0834881414976527,4.8823169433064955,8.900251331339225,9.303494762354402
1691,2024-01-03 21:57:00,-1.4580843728773134,62.189863197667286,2.5536214515642746,31.281666750341998,16.434863122273125,9.011793361489067
1545,2024-01-03 21:58:00,-2.6868896532194335,39.25479273786727,-1.5610185551928861,25.33089945173397,2.5555775058841,5.657007798618479
1040,2024-01-03 21:59:00,-2.938596861547455,80.77559982399293,4.725812217602892,4.8876638682055376,9.8486752428355,10.106458897261412
1306,2024-01-03 22:00:00,-2.8670427867328705,65.14729342985206,8.317632310933963,18.68820704707375,8.459246302817178,5.68450195188151
1942,2024-01-03 22:01:00,-2.949901574917382,88.47806883161148,-0.05728670212298681,22.63318431278202,38.64073040116116,5.660477585608981
1337,2024-01-03 22:02:00,-2.337869660652747,91.56464023019063,4.287789096548261,4.012421701613956,8.561742692914919,9.676039234237507
1313,2024-01-03 22:03:00,-1.5630677125792207,71.89867859563185,-0.02076553832266903,1.5227201115632605,39.5978223030302,11.04644845067015
1074,2024-01-03 22:04:00,-1.672670914906205,78.03129969271555,6.890786677514951,18.902557049181908,25.458289387278526,5.083170888927843
1952,2024-01-03 22:05:00,2.92077956507938,63.9376079909491,2.124396054884758,26.22285247610474,37.91692355825481,8.546105275781779
1278,2024-01-03 22:06:00,-1.1639633687463407,50.754298645390634,0.0920353332955699,15.928097803219671,22.572809594274048,6.689426826355699
1175,2024-01-03 22:07:00,-2.235475299843605,71.84943384166677,1.300732813169379,-1.8482338160635847,45.062653213489824,11.210327219252886
1895,2024-01-03 22:08:00,0.27337526500654796,92.66308987898631,-3.6315871790565764,36.63457180135591,13.898282251686044,5.465961162210254
1661,2024-01-03 22:09:00,2.14774473238505,53.334430434515035,7.991757299836609,26.273445063452975,38.36366189339587,11.588814799446643
1272,2024-01-03 22:10:00,1.068362260726051,45.152802109903625,9.371035830071573,22.95383286041027,8.254658654684276,4.924810374238547
1836,2024-01-03 22:11:00,-1.2235074651872981,51.074955084205925,2.1612126960312485,23.963215536880476,44.14395763481253,8.753723661396423
1619,2024-01-03 22:12:00,0.36969695874872954,54.831810416927965,-1.679941878827909,12.937252040863122,1.5192007837424797,5.56596746659422
1650,2024-01-03 22:13:00,1.2891358452024546,25.884882318217297,4.969842986334081,39.29802246877458,22.926062530379674,10.25342781106557
1861,2024-01-03 22:14:00,1.3686269542064542,59.87534723479955,1.7857221931171408,0.9705645273330372,21.120788126597123,6.022478986521638
1782,2024-01-03 22:15:00,0.9992307317861329,59.54513984400477,-1.2154987874237042,28.2613619867452,31.227155186730815,9.773294361326565
1858,2024-01-03 22:16:00,2.224862548653708,67.07550621124184,-4.4235028476477645,13.939418212019447,22.102574641588955,9.072816445633078
1930,2024-01-03 22:17:00,2.2206327500646257,49.02560243770652,8.345566776827681,34.64932214236568,29.490035732516994,11.340269894166086
1288,2024-01-03 22:18:00,0.4736193564420197,69.04860767644718,6.951015280675714,27.27675733976715,43.098977349216774,12.015043184839179
1723,2024-01-03 22:19:00,-0.42086178533272633,90.25730482193624,7.435090864590691,20.30135005118615,7.187223389968777,8.008687577215923
1892,2024-01-03 22:20:00,0.8494217733905991,96.43767923961315,1.5975959639708321,37.19621354746811,12.282951240135006,7.617783931810674
1271,2024-01-03 22:21:00,1.9092720082227785,66.68897729128398,6.298830879301413,36.05995124228816,40.16071394300165,11.53642828349108
1929,2024-01-03 22:22:00,-2.9660873709528914,23.407276317625048,3.718378958199935,-2.6449701821489464,11.480392360728901,6.216686042033607
1065,2024-01-03 22:23:00,2.9519820540891066,97.53887978136872,0.6216294462023955,3.666462103272675,45.292134398619545,7.951938358772851
1482,2024-01-03 22:24:00,-1.9026373660248046,76.4689648717005,7.641131321832701,25.422096320706036,27.086486226874374,7.296542457997966
1935,2024-01-03 22:25:00,-0.17850608604014262,46.87709188429217,9.981363220666275,36.4827741927738,4.185030051296292,6.913008828932035
1247,2024-01-03 22:26:00,2.2321784090572,31.772616077097872,8.489234609115398,14.36485011408142,1.1309473455814836,5.491825012065524
1155,2024-01-03 22:27:00,-1.6497576057348038,31.473488978901997,6.642879575294586,-3.276263958781639,38.16893874292338,14.346044718098497
1046,2024-01-03 22:28:00,-0.13922865659770078,33.41955249116822,6.212619582885653,23.94837669910168,42.83190651886996,8.4845919085205
1934,2024-01-03 22:29:00,-2.2045069189129247,23.645801729105624,4.753732645252823,3.7609148758514603,12.069243473496881,6.497908379114662
1453,2024-01-03 22:30:00,-0.6295420476708444,92.17233509223293,7.804262452593656,19.854477999250776,12.114917217269795,6.261674785122369
1200,2024-01-03 22:31:00,-1.9371872712419849,63.26145862618691,2.3962187173699903,12.310746638104895,47.70969500145229,7.823264000703546
1659,2024-01-03 22:32:00,-0.818233507373058,75.99675301710698,-2.274057347030105,20.1112167595914,32.84373811969814,6.478728377779984
1123,2024-01-03 22:33:00,-0.7592146992436679,86.2486807414646,6.520745864038098,36.95963437585299,8.46394420634456,6.7384359166759
1000,2024-01-03 22:34:00,2.9590247375899965,83.32328050665602,8.79259561263828,16.86102656993374,22.484488372900632,8.936881366250837
1967,2024-01-03 22:35:00,2.968878175822633,90.60844989830733,0.12028437895749278,-3.4462029302544566,45.53076217109302,10.104556326193466
1758,2024-01-03 22:36:00,-2.3112823280363255,97.38036980199615,6.744749469357034,21.14130938257497,31.0965923473523,9.379933846662514
1854,2024-01-03 22:37:00,1.3558126759700837,55.125649179355165,-0.8941594537637885,9.658548857889308,20.4327330279694,8.931303132539528
1639,2024-01-03 22:38:00,-2.6895271219853933,96.02683733347124,9.13900410038023,30.016069797811234,7.63657165133258,5.68054575183601
1190,2024-01-03 22:39:00,-2.8188479079768682,77.8631958674253,5.251914880206799,16.146781163260396,36.327492032343834,7.96167176458056
1578,2024-01-03 22:40:00,-2.367996634530214,25.65345522464628,3.539139807735957,28.361683202423897,13.890508167975806,8.27734884193174
1515,2024-01-03 22:41:00,2.792913942047604,74.54264969698764,6.698052368553624,35.89694479067412,28.338944284501764,9.874807900658501
1441,2024-01-03 22:42:00,2.6451812873681844,74.93733276838789,7.1984675583631255,11.302329607260294,30.04699598985504,4.445767662102631
1920,2024-01-03 22:43:00,-1.8364330783159173,92.46884510340217,8.385548473380206,39.52200605758616,27.816929147945,6.8812651200232535
1814,2024-01-03 22:44:00,-2.029965986677731,49.83457059760737,8.516792992711459,1.741578967290332,12.399990299681706,10.220465700777108
1805,2024-01-03 22:45:00,-1.556789480904318,66.79292002174543,-4.209637616696802,23.97692568519349,35.44290225154482,9.591223015069163
1142,2024-01-03 22:46:00,0.09328196445085268,20.9750040809394,-3.1563858798080684,-3.4354578590939826,28.34589528305591,6.420055376108271
1190,2024-01-03 22:47:00,0.4182277922124591,46.56601937450688,7.3909131728081245,4.587549963301116,20.24377820752274,7.657926687043452
1532,2024-01-03 22:48:00,-1.670439417363316,24.979498092702475,9.190774800702673,23.52003661554588,2.701329543269988,9.345324208856775
1226,2024-01-03 22:49:00,1.5397367285396708,61.74983782119176,-0.3849222781408921,-2.9213717197506495,16.630063412829358,9.884004951202268
1312,2024-01-03 22:50:00,-1.1426809835840954,85.39581204055625,-4.8709727235092695,-0.4195811620238601,17.687130643337056,8.44264987488284
1628,2024-01-03 22:51:00,2.532787953176462,36.51541537032551,-0.15942216447203084,8.095476771184629,39.579051925180046,10.429267570888866
1948,2024-01-03 22:52:00,0.9403362387403833,62.19528364462228,0.7429620395885745,20.903671119201288,25.72100866381591,7.749116427399779
1301,2024-01-03 22:53:00,-0.38189283417832964,36.32069092086137,6.415500470851034,-4.28078500739829,46.612731348770595,14.1686765851864
1653,2024-01-03 22:54:00,1.7394720102170727,29.655077427699233,-4.286230015432412,16.705941591001547,37.56142057879643,12.6673468449984
1995,2024-01-03 22:55:00,1.9074877562799886,60.8797433547474,-1.8103964586100965,23.158468693529713,26.94643197079848,6.438296442655244
1459,2024-01-03 22:56:00,-1.257110366346338,26.33188967597821,8.409528792919595,13.113525497454827,8.527401696818183,10.47111079156699
1400,2024-01-03 22:57:00,-0.9617127369834941,66.98837049103915,-2.6776938582284893,-1.9562086634491567,11.129556761696046,3.422569070364428
1550,2024-01-03 22:58:00,2.61573092237162,22.5069968541381,6.3887147795251416,22.489358583838953,8.08796043615302,6.162450634893677
1392,2024-01-03 22:59:00,-2.0115537698203685,28.537197749470042,0.4196562336861378,22.262592861151035,22.198251617264113,10.135060634057547
1866,2024-01-03 23:00:00,-2.747097498222395,63.999798838988625,4.939903223820792,17.771905976552635,36.15399173150449,8.76479442937643
1763,2024-01-03 23:01:00,-0.27566806434270497,67.31259303191311,-3.892302450455121,26.191546401799297,37.99030877864569,13.05532935859629
1844,2024-01-03 23:02:00,1.8072594014617733,22.318954407500648,-0.7016308237093494,4.351077991897794,4.897946375522823,5.247990722235766
1206,2024-01-03 23:03:00,1.6300086378644743,65.87014304012467,1.3718460624507998,25.534333405775097,24.84595070920533,8.597480741185954
1209,2024-01-03 23:04:00,2.5171837734769955,87.08020202589096,7.8581893911668335,2.265463284261367,24.123886362907903,10.18471511165215
1114,2024-01-03 23:05:00,0.19920398621424162,77.78529418351631,3.452437864691765,12.671213396565413,22.000443950576933,9.992332924325632
1736,2024-01-03 23:06:00,-2.3996119706008,30.49480831366389,-4.3216206038346625,-1.9595009174630857,15.130678278033747,6.424027668184676
1645,2024-01-03 23:07:00,0.5321338460160963,67.39797180508918,7.027998599891891,31.8607299436093,23.842822289345584,7.577641988025945
1250,2024-01-03 23:08:00,1.6703736861192695,73.78020000593708,-4.182177665727761,19.220503945672338,25.878675751656118,9.132693157020455
1218,2024-01-03 23:09:00,-2.4400312783810416,22.978496140183342,9.01549845987851,38.697214106365976,30.02483870708283,9.035761998069592
1406,2024-01-03 23:10:00,-1.9640555934144615,88.42781349468981,-1.8242383093941568,37.40469704846865,18.930521847231667,10.626502590163717
1442,2024-01-03 23:11:00,-2.9262560330659744,92.50139178318642,2.318892169855821,39.93525113043333,47.26052170721862,11.733363262956704
1602,2024-01-03 23:12:00,0.5619154766808623,88.03618186898069,-3.915785468505364,-0.4430223372992126,17.00804916681106,4.57070867615223
1353,2024-01-03 23:13:00,2.3204063516754267,85.97051743912905,3.4256857944664976,22.29611703414979,44.763040914481245,6.759756239674953
1887,2024-01-03 23:14:00,1.0239798960125972,79.59721587687146,2.4584305109272258,13.340884523537223,40.0825505895733,6.426990251244687
1557,2024-01-03 23:15:00,2.8922405255458923,70.67456250255681,1.1537280232201441,18.96990643316308,23.317008278148943,11.967825898741047
1549,2024-01-03 23:16:00,-2.621798085001431,74.29016039906016,-4.466406244489404,8.89453147014932,24.86598774550285,5.681173479141263
1141,2024-01-03 23:17:00,2.4180065109089774,84.51162346679864,8.184045679772545,-2.8369022873706555,43.50609329438287,8.83286013254146
1611,2024-01-03 23:18:00,1.8844097243200846,72.99987666890436,7.0395489821929385,26.84876213231476,24.686977858219237,9.163918794883166
1500,2024-01-03 23:19:00,-1.1145508770029704,46.21815653456568,4.495450304934861,38.46176832249266,34.001040732437346,10.997526374479827
1839,2024-01-03 23:20:00,2.8411593110235103,50.07688817290831,3.583449739508957,18.957182173798223,40.48421411917416,8.349971434373657
1701,2024-01-03 23:21:00,-1.2723735109715097,91.76459746978337,5.424196470547468,9.831097770785286,45.40327269115699,7.919698207138528
1546,2024-01-03 23:22:00,2.335828342969311,21.369766863772952,-2.8401497612844917,37.222521192938785,10.986391738481794,10.66667137136963
1658,2024-01-03 23:23:00,2.2844914624451365,75.90564649954257,8.98966369474726,11.40999382636852,48.77075195410202,13.241708454966734
1541,2024-01-03 23:24:00,1.5459456996178353,96.38220419401723,-0.7299006274303856,36.153813673317224,48.2701451347188,11.069662535387964
1845,2024-01-03 23:25:00,0.38082284287711143,76.4982535966379,4.8473540866450335,33.50608846712818,14.938012931873645,4.411600345530176
1506,2024-01-03 23:26:00,-2.2799835022986716,99.51295905854256,4.10133521712857,18.79199525869337,30.725033120819035,5.9820744469433755
1595,2024-01-03 23:27:00,0.19183040697898956,75.00359244226647,4.549209695734129,25.459270000080576,2.44120575267945,7.037495541768162
1880,2024-01-03 23:28:00,-0.8592224660703929,22.749042337348886,8.184281846231684,26.514284962702476,8.474584271330428,6.772834924111282
1280,2024-01-03 23:29:00,1.7533021989321105,86.16079053175389,-0.5613319002407033,23.84912672622659,29.23247714029813,10.69252354526672
1423,2024-01-03 23:30:00,1.5487752389810696,42.770392955145525,6.23422282378986,2.233747973738139,32.54030140683615,9.953750807678617
1855,2024-01-03 23:31:00,2.4636750442356314,55.68457805315528,3.975865959087537,26.17492952680692,26.776688716458395,6.147568727360435
1269,2024-01-03 23:32:00,-2.911019025409753,44.96735327256657,-3.8590950356803977,-4.85518621497423,35.26563566924136,12.505100607154088
1153,2024-01-03 23:33:00,1.8546193009382765,41.48432849677435,1.2123202132296278,26.951656827066834,39.66524917890156,11.84803661048597
1613,2024-01-03 23:34:00,2.630772318748013,54.51245629358283,7.569273598986166,19.967626058134034,8.506045505640476,4.831818143636804
1726,2024-01-03 23:35:00,1.7358026946489007,50.3001158752539,-0.2697891660412113,6.68921899642773,33.01490055299807,9.625059587536246
1661,2024-01-03 23:36:00,-2.2188332407777995,70.66708654740715,2.2339582496931394,31.169395513473177,28.173652013774458,8.028775527014124
1943,2024-01-03 23:37:00,-2.512325370954674,85.05209607900085,2.3295785223048986,13.23755224944344,5.967553521688458,6.767169147039551
1082,2024-01-03 23:38:00,-2.874928561153795,43.76709225497926,4.270148002087938,16.85997330772596,11.507364039929488,6.0719187022110965
1621,2024-01-03 23:39:00,0.7724713549684261,37.09769222576139,8.26026789685275,-3.7546450309789403,21.041484018215087,9.747100389729908
1946,2024-01-03 23:40:00,0.778035911159324,73.35162166962738,-2.396912018222653,13.059385859493673,43.201545946127865,12.540015773839094
1898,2024-01-03 23:41:00,2.921482285309274,73.62560526646253,2.569253239601884,2.5313256617421898,10.929586467812452,7.203622955398276
1425,2024-01-03 23:42:00,-0.6117409553754256,92.09049914289375,1.3640088893141815,7.426449032563463,9.227892240860204,3.306609265653908
1274,2024-01-03 23:43:00,-1.0085622906150196,21.27565491626487,-0.5611986484910538,6.34627744090327,36.07549121903997,9.769636984645455
1712,2024-01-03 23:44:00,0.7465495631063548,88.24325296932079,8.794122654306584,-2.9290642819657817,48.79206784738351,9.83496955969653
1283,2024-01-03 23:45:00,1.9536520350455637,61.68017383586856,-4.877433613884291,15.722254536142806,22.421705007920963,10.340756047914821
1979,2024-01-03 23:46:00,2.6206436971380107,69.70416713376791,-3.1684281105443435,18.516658590844997,17.571866959224465,7.513167528438676
1172,2024-01-03 23:47:00,1.8187449970742318,27.309715244913182,6.000166748741643,20.697818290659253,12.771635407046817,5.103155073782941
1326,2024-01-03 23:48:00,-0.4399561163051713,54.60919462976365,-1.0483759296962978,15.799889672155967,2.582069096599063,5.574058613612937
1717,2024-01-03 23:49:00,0.8094854118723847,38.1841925790819,5.847688916383651,34.12871023076831,9.002864664434949,9.220273776406064
1062,2024-01-03 23:50:00,2.1377959602967014,40.33800240660072,7.483804160733442,-3.304411470111079,4.761411804301534,6.437089583715317
1072,2024-01-03 23:51:00,-0.056341870129563265,60.32760917408219,-1.1807597474820475,22.621387260696714,24.755667579020077,9.008824568707125
1762,2024-01-03 23:52:00,-1.6998801377676438,84.99647603224899,-2.1208356820546372,33.97592558381274,48.91205659500852,6.236969272931932
1635,2024-01-03 23:53:00,-1.9816593615127622,79.5024744115885,-2.8204905097826334,-3.153189158943779,39.39138096612151,8.74002585137551
1374,2024-01-03 23:54:00,-2.9990535325316596,67.2799967268763,-1.9986708367633064,17.33381497409077,30.124335171627614,7.936754429069882
1632,2024-01-03 23:55:00,1.3094279698877056,63.15345542027736,-0.992219163242126,21.50622367968542,24.383249660291103,10.151183208146998
1507,2024-01-03 23:56:00,-2.333416746924057,54.184483458759196,8.031247248107631,3.5907587309505082,30.897381352492225,11.504895724293931
1786,2024-01-03 23:57:00,-1.5369654018243575,97.81679788491091,6.550066198786487,6.362504897435469,18.86372948952401,5.5576379959188325
1942,2024-01-03 23:58:00,-1.2127420108632398,64.81540433873866,-4.9723352462263755,30.351700189450845,9.001426152881244,5.783849137082846
1397,2024-01-03 23:59:00,0.3622791608206102,40.31731186497777,8.111787131471468,20.53290017692841,29.529705314588956,8.5284486400717
1119,2024-01-04 00:00:00,-0.6122563362253848,38.407263363203164,-3.817815504470335,9.210041375892834,26.452354121182925,8.830214019196845
1933,2024-01-04 00:01:00,1.048043952138971,68.90824246201134,4.8289842632030915,29.413985002477162,47.23238072215044,9.321203641084562
1436,2024-01-04 00:02:00,-2.666168044027784,61.8262021848743,-2.7278784767476045,28.602200839191056,32.52665906849642,11.202156078252036
1828,2024-01-04 00:03:00,-2.2563648344133633,20.615824236377023,-4.065862842335656,10.543080338877507,38.694182392327996,12.6535289796778
1675,2024-01-04 00:04:00,-0.004730978800399743,86.40522977566235,6.396560462817666,16.989143370217334,4.725815622685032,6.470150616395457
1935,2024-01-04 00:05:00,-0.9782112729190211,76.32978833859477,2.0080467078376447,24.903352009191867,38.07075632986558,8.953970271191976
1464,2024-01-04 00:06:00,-1.2251198234918417,72.94634317424828,3.985937699667387,10.446214804690715,49.1441569730598,11.799230196187446
1285,2024-01-04 00:07:00,-2.597831525774864,25.502452615812714,1.3802952819618834,23.305423495052967,32.90902850600498,11.139288253244406
1264,2024-01-04 00:08:00,2.3743150484880085,48.96446801379931,-3.992422062382368,6.2983178829297835,37.12997681539603,8.234378465199361
1319,2024-01-04 00:09:00,1.1509115167503046,94.8305808586229,6.094272494304619,8.140937236971654,48.978110191590275,8.623030780523614
1672,2024-01-04 00:10:00,-2.270291059082104,89.0071393073091,7.305266817532399,8.980268951849975,19.624608680745983,6.971892289779297
1375,2024-01-04 00:11:00,-2.6097242535771565,42.84343502956268,-4.378691853669496,37.12246466869812,41.22650782278922,8.743151707095352
1819,2024-01-04 00:12:00,2.849235200587458,32.5647107279311,0.6357579547590904,32.51524639484423,20.04465715868738,6.198491997544954
1088,2024-01-04 00:13:00,1.0870353026370294,55.92703657348616,3.3597480560524,20.43246890151256,21.35333897166851,4.831655309258062
1653,2024-01-04 00:14:00,-0.49526357343755123,48.46643029341287,4.07775134150376,20.374249423519263,32.946270058038266,10.289036016778857
1202,2024-01-04 00:15:00,1.2103862445347087,74.57811013647928,3.672294117119481,-2.4734065075185936,12.895315993619917,6.482868001971136
1820,2024-01-04 00:16:00,1.5379907188809545,97.31478480674556,5.394109808531942,24.227862847173014,49.63981279435317,7.427307846935213
1738,2024-01-04 00:17:00,1.679773214332676,49.04011599860492,9.502243036292844,9.765393579771185,16.528655184845675,5.767546775323144
1954,2024-01-04 00:18:00,-0.13273616608165417,24.97793381217936,0.8587978169306663,22.553471295853583,6.23021307834585,8.466389782501032
1333,2024-01-04 00:19:00,-0.4207034512509118,91.80912066739081,3.3493535043338394,32.810518649705635,16.195447444745675,9.049259433989855
1221,2024-01-04 00:20:00,-2.933831494386598,23.035978419189664,5.486179441959985,-2.952576236300683,42.8127148914226,11.605226614700522
1040,2024-01-04 00:21:00,2.559342690851028,96.22127177226665,3.8863573311670745,22.31785765349189,15.765009081496911,7.6166231692903885
1707,2024-01-04 00:22:00,0.6198472703336586,73.16635424072318,0.8012654501377252,20.389027655504332,30.606645184165014,11.841747804261038
1067,2024-01-04 00:23:00,-1.7810763768601914,95.33513667535593,4.361189319247396,4.30449498532451,46.772478520116834,6.853035572479647
1987,2024-01-04 00:24:00,2.51762051652862,35.97277493191826,4.75167295660242,24.089482703410553,13.072306216691587,7.370715391553206
1775,2024-01-04 00:25:00,2.4895914106217782,23.25598362030461,3.774527129895052,19.967585527538095,6.655129870981806,7.740780119998128
1513,2024-01-04 00:26:00,2.935104986196576,59.056798262119344,-1.9233400887144376,29.529405581004312,4.932727668169633,4.880520656274913
1872,2024-01-04 00:27:00,2.244339378833873,56.049873165610016,2.5897203722864788,-0.022164433279274753,22.074373201137693,8.55357810748639
1636,2024-01-04 00:28:00,2.9867063269203884,46.519381860390624,8.265352146410509,14.962330916680926,5.303906460884746,8.88539295791482
1621,2024-01-04 00:29:00,-1.5318828712603645,96.6125179510958,8.029028170483652,39.90698201956778,22.745039532766583,8.795787697080799
1597,2024-01-04 00:30:00,2.0534975111954044,85.80669857291457,6.261818874940166,26.01763816920117,43.14957526361596,9.74631989857224
1936,2024-01-04 00:31:00,1.9381698527745872,72.92656171004747,5.457932716558375,25.793420018641985,38.89644301912773,12.56355338616913
1631,2024-01-04 00:32:00,-1.6143578446755975,33.028663331026216,-2.700812933593237,9.304199515855435,29.126872586696187,6.512414302135946
1126,2024-01-04 00:33:00,-2.4093747059940553,78.74587265748198,1.8919699675667383,-0.775035310046766,42.53608305530364,6.408665228122358
1254,2024-01-04 00:34:00,2.8765230820655976,78.16099637597792,-3.3357303537875884,37.72724688562093,5.103475391802219,6.032376648232915
1694,2024-01-04 00:35:00,-1.2238526908763379,54.005453889280595,7.2592667445402945,-0.25378686641327874,30.509943028734206,9.942177031641618
1015,2024-01-04 00:36:00,2.225350742806836,93.98287277712109,-0.6343519034037328,39.67178397719491,5.870504409205218,4.53170307300214
1476,2024-01-04 00:37:00,-2.9752370719523764,33.358230578320835,6.502987963736407,0.660143758987104,24.158756622303873,8.448688248142371
1061,2024-01-04 00:38:00,-2.8738511566823868,41.38700499293314,7.21868337263354,2.6908306836667517,23.226772630911526,8.868026895879918
1880,2024-01-04 00:39:00,-0.20477214782178965,25.057947140050693,8.387441461173111,8.876512977251444,13.331252710068577,9.229024508601519
1431,2024-01-04 00:40:00,-1.5677118963896186,83.636076654207,6.307451177316452,18.05688370702922,41.509746412129346,10.021532140687524
1669,2024-01-04 00:41:00,1.1390477006157855,69.74075088763178,3.47093500761072,30.56807434498446,11.488560530217955,7.398552915477382
1267,2024-01-04 00:42:00,0.393385953407726,45.195224454499964,3.9727737209004435,38.69537358706774,27.63952288730756,6.815292425086646
1034,2024-01-04 00:43:00,-2.5350852152970513,33.10509308754523,-0.19126584766071186,11.147119643084462,24.164841117070647,9.094992134368198
1778,2024-01-04 00:44:00,-2.0242302221056976,23.21182160229923,-2.34505712914332,-4.081410804867833,21.63944534199274,5.7293627144288255
1575,2024-01-04 00:45:00,-0.6717043796495146,33.33964549007493,-3.040456927643298,22.750578534811147,1.7737531940789009,8.81730578387867
1493,2024-01-04 00:46:00,-1.886375616267401,56.262771707012654,-2.2696471832484284,26.985543756194634,34.86701957909424,10.09337844193214
1561,2024-01-04 00:47:00,1.7533340834635718,39.77415752084849,9.009278311042712,12.884989699104995,0.732998632053997,6.830286959230722
1468,2024-01-04 00:48:00,-0.5035785866803195,40.718574194557334,-2.5335011869897435,3.2564222039390494,41.04530548702291,11.931634289207212
1766,2024-01-04 00:49:00,-2.4394087989450046,90.04610933341715,5.856061673928249,8.770701763211678,13.393089880888718,6.989811850603957
1660,2024-01-04 00:50:00,-0.09394258636725095,61.211013876888046,-2.23057185027913,24.510986919396082,6.088271034298695,6.346342570174065
1324,2024-01-04 00:51:00,-2.4549709136315148,78.34015785027317,9.629346553236605,17.238229139558573,20.910329699938707,9.899698119965938
1303,2024-01-04 00:52:00,-2.2263761674810967,22.856875922251447,0.4987680321354624,28.45408128935143,28.01209143067787,11.80879260542097
1275,2024-01-04 00:53:00,-1.5623410078307682,49.2130684542423,1.1820464354360478,4.817661003549141,15.587096663721114,8.862308910109036
1868,2024-01-04 00:54:00,2.157166231484939,58.33354779163535,1.0676736817323071,32.889352823667224,6.1770601699813215,5.088705860083607
1962,2024-01-04 00:55:00,2.547675193997831,34.91334841681478,7.246887760903128,2.0148213188525954,1.0145309701239191,8.357348987060755
1683,2024-01-04 00:56:00,1.9575463759924148,29.615323315643096,-1.725642128868357,9.846194301059983,35.220280821233935,9.214244775366268
1928,2024-01-04 00:57:00,-0.9955366954929166,89.6243022799874,7.46537103858444,21.604343343484956,44.33314610375563,7.255057785705135
1200,2024-01-04 00:58:00,-1.36532135334701,95.15453016798372,4.855882816631217,28.158843624361126,5.116000628519925,4.7646573785136095
1444,2024-01-04 00:59:00,0.2949341447414353,26.304535843632593,-1.695797483046126,6.978166204181017,11.608624953085481,8.813999699171616
1904,2024-01-04 01:00:00,1.3311189631986737,47.921497003395444,-4.01888681238634,37.66538809668285,1.1094351013707588,4.045366157336353
1323,2024-01-04 01:01:00,2.960236728961049,96.6628502515579,6.62488812158438,26.77500774386163,44.2648051339596,10.609514500994276
1034,2024-01-04 01:02:00,-2.2105757287264427,26.652938650597193,-1.7155543127571988,4.79537642915105,22.292453607044962,8.981126510351496
1976,2024-01-04 01:03:00,-2.704248005857173,71.49130983029809,8.336002445842448,27.65944910328566,46.26724090039273,9.6291733534525
1481,2024-01-04 01:04:00,1.166135333971626,97.77770967736045,-3.0532208395289135,26.33501626230511,23.458156583720786,4.332825215672928
1727,2024-01-04 01:05:00,1.9933547010234332,98.25789348650997,4.245468472112533,28.870783231520157,43.122937007342514,11.010156479965865
1479,2024-01-04 01:06:00,2.078092679198539,57.69786647229946,5.382525905822668,36.21463261268961,47.592645769753624,9.072344822473754
1064,2024-01-04 01:07:00,1.0707812944629644,33.01992862259045,4.865536218358287,27.027273342063964,16.82406848879041,9.177368905254438
1007,2024-01-04 01:08:00,2.724094824715122,36.16674519819511,-0.25955278255618364,10.835963179784821,32.071481653699536,10.043662427296496
1300,2024-01-04 01:09:00,0.06602858126752142,91.16811160995157,8.132852848307023,30.57328649860171,33.354358151836436,10.076902442817387
1342,2024-01-04 01:10:00,2.4828887900172747,92.93464034637887,6.547079751231207,26.31377910110317,1.1682958862368364,9.692834785853007
1430,2024-01-04 01:11:00,2.8068728219491383,68.63037150988438,2.6530951243192114,20.841663363636002,21.967635323334132,8.195257525298045
1423,2024-01-04 01:12:00,2.082944742018647,81.2941119575929,4.049395419076731,10.922480199860162,42.78085920960108,9.373502531594655
1331,2024-01-04 01:13:00,-1.1414486204482763,79.19450011763266,3.495568404210605,36.44721293837257,47.31963459734497,11.737405631655912
1437,2024-01-04 01:14:00,-1.8227060929782284,72.94572783912855,9.200478660181378,18.073963423860018,44.97112159890435,10.448096953645848
1587,2024-01-04 01:15:00,0.2887203898909103,86.18215638975512,8.44619855168934,23.264651966675572,48.64760686056918,9.490626409612503
1173,2024-01-04 01:16:00,-0.28191149771886925,74.83252984322569,-1.4675407226589492,13.691338961227352,32.686788936407574,5.511773625737838
1558,2024-01-04 01:17:00,2.266550053156398,62.720184459799945,-1.0586033342743235,30.136688896665376,11.716689315367757,9.197511528017571
1526,2024-01-04 01:18:00,-2.399809973597078,38.956509007052546,9.721571081986486,10.346777787419756,28.811570339497884,9.287481546672067
1872,2024-01-04 01:19:00,-1.4535596321308883,79.51105152948952,-1.4515894707069692,31.478547617902798,21.11508343518812,8.140705689834112
1658,2024-01-04 01:20:00,1.5107936671122513,57.87502942706196,9.302189867238928,-0.14263570977886708,13.0067635165607,6.371296571542805
1025,2024-01-04 01:21:00,-2.430080130136127,43.583334720600746,4.746305576451176,26.90328523560649,38.66202862305079,9.004940899440632
1819,2024-01-04 01:22:00,-1.0754135158697988,84.15570205934203,-4.248358414383986,16.45969671539831,31.49701662283361,7.323762321415978
1604,2024-01-04 01:23:00,-0.6770676356761012,75.73708802824227,0.035907991912504045,26.443910331485863,39.52620000021843,6.3645123418173375
1405,2024-01-04 01:24:00,0.7355627793761399,94.987165049976,2.142311078693374,18.91280393710006,13.547584324054624,6.043948759824051
1231,2024-01-04 01:25:00,-2.0512041256838125,33.23533120151022,7.496393371756776,1.0437847466620882,45.20383882635439,11.064182733428934
1532,2024-01-04 01:26:00,2.163626942098257,71.93514277091946,-0.0712188008697261,16.46461941476914,12.01181562196667,6.656522769981537
1818,2024-01-04 01:27:00,-0.3147465872023547,39.53915744705408,-0.341325318131803,38.40515367991098,30.13592844760332,10.176950902570905
1549,2024-01-04 01:28:00,2.502130271283339,92.28663882413133,8.80394888542996,28.967827055655476,2.9390437036467674,9.37506084392126
1787,2024-01-04 01:29:00,-0.19278051819641018,27.959953140529255,-3.8144848189823977,8.508517690965121,27.09411699387117,10.44789476489205
1504,2024-01-04 01:30:00,-1.3497584463555998,72.49294451559018,3.272818220724931,37.48513665580805,5.026298149944813,4.4848223698802245
1668,2024-01-04 01:31:00,-2.1490270278739505,83.28685772224239,2.5635890477215497,30.052582473509844,16.677523259492574,5.430235769243381
1178,2024-01-04 01:32:00,-2.9775294317322913,48.393427229176574,-4.139978596662345,11.40012044851714,43.04839400900941,9.740904609246662
1131,2024-01-04 01:33:00,0.1929449099090137,96.33104635070474,-3.6836116922103406,22.16082845992833,44.687013025513586,9.588491878035194
1822,2024-01-04 01:34:00,-2.3570598184384597,88.05845476688299,0.7295114946700689,14.20085218163753,38.38819667262086,9.737052686531415
1454,2024-01-04 01:35:00,-0.6496334182129306,43.56946397479227,-2.9875817098282855,-0.648932274861636,18.44841921602773,8.757796879725777
1347,2024-01-04 01:36:00,0.5356305674225199,20.603287417279894,2.1710785667178376,31.271323286282076,28.97826846796416,8.270337316798432
1539,2024-01-04 01:37:00,-1.3458846185837983,43.73257408944487,4.13333328110769,3.598515630738474,11.276550423337968,7.087915792917764
1771,2024-01-04 01:38:00,-1.9486542458033085,42.504837637659406,5.370950267544652,15.611723327157026,33.949624837698906,9.542887429462212
1405,2024-01-04 01:39:00,1.6483297356560502,91.19716860007271,3.1970509888114673,26.618715439986016,17.435410618218526,6.496005679058805
1075,2024-01-04 01:40:00,2.6807470336897232,97.3696942603798,0.6949002383996863,36.94961599720899,11.127830235877624,2.980104851247889
1940,2024-01-04 01:41:00,-2.397357492828204,25.63519887762083,-3.0536206009304667,-2.1773259298821794,29.290020859203484,11.950239908582642
1578,2024-01-04 01:42:00,-2.066458053689953,57.70358628266534,-1.2877187778938373,12.69551005528169,5.678929349241049,4.3317379839344055
1853,2024-01-04 01:43:00,2.760075943516312,63.86655988238366,1.2913251552378027,22.65914761988599,34.36627913278093,7.498212824363625
1491,2024-01-04 01:44:00,-2.773294669126522,27.432932906376266,8.861717251034507,30.06891874533754,9.431570703941402,4.879204297704268
1193,2024-01-04 01:45:00,2.8657940193028333,50.1998167310018,-1.9609912820840742,36.44190292452256,27.717422513061177,11.015281541011296
1983,2024-01-04 01:46:00,-2.9721331014900674,45.36659339143605,1.2001634639898304,-4.97762082260946,19.68617344901343,9.443441967127958
1161,2024-01-04 01:47:00,2.242011933907988,62.88450834616698,5.984632860610812,23.249352221444987,28.355611067419257,10.800329632372245
1346,2024-01-04 01:48:00,-1.1560489140735029,72.89527197855504,5.5780502800284175,-4.687838366240153,12.373497301711526,9.726000068480948
1950,2024-01-04 01:49:00,2.631533149063779,76.27880883972533,9.483888917109146,30.426487939335857,15.588427007806311,6.269820974157213
1360,2024-01-04 01:50:00,-1.0983282681864872,30.940401889071005,-2.1364805498048844,1.7349968656467105,7.102022605905168,7.799182566389682
1768,2024-01-04 01:51:00,0.9258379292043362,85.0358161555697,-4.752205826000572,35.25792877050366,38.87058570948505,6.3756507088359875
1583,2024-01-04 01:52:00,-2.5198045814043804,74.28336238326071,-0.1651510851919582,1.9805906085717426,3.5985900340403294,3.1230225816362585
1086,2024-01-04 01:53:00,-1.546021131277566,91.12599333973756,-2.7546108127592595,29.394804186066104,18.884082176058,8.883795870334168
1933,2024-01-04 01:54:00,1.6420760788755047,55.94688475483473,3.2270357857525926,8.018676751627824,22.509929802231785,10.166065907127747
1261,2024-01-04 01:55:00,0.17211512207291824,91.51118101777533,8.481685828753504,20.07642468236143,9.840789969518644,6.766177155194349
1213,2024-01-04 01:56:00,2.5678143707222683,89.26192978848603,5.323402494588143,22.37954057970845,19.302598615113514,6.931980262523332
1664,2024-01-04 01:57:00,-0.4274915499518741,55.072746588741566,-2.9630171547481265,4.304229189121152,20.962602232471983,7.8512875913154625
1721,2024-01-04 01:58:00,2.218874194883538,50.49146522343829,-3.2586496340676883,8.441359758672462,11.294086510184217,6.369341720404035
1912,2024-01-04 01:59:00,-0.30626737513057467,94.62496119762054,8.671747199131408,-0.16214979032638244,31.998861529523953,7.3531350903472745
1572,2024-01-04 02:00:00,2.875489672211912,77.213178763075,2.3141432483860056,-4.761994758031306,1.6396148645818218,5.817740615415088
1779,2024-01-04 02:01:00,2.7590062883932607,94.25962771504605,8.85509487983946,5.776061733222841,9.958476725576574,5.586845637740408
1261,2024-01-04 02:02:00,-1.025179766663518,83.75798231166505,6.043265733145246,18.22010601275667,31.24134107593284,11.389193492612614
1729,2024-01-04 02:03:00,2.3155420225008196,68.74379514331315,9.900226909531014,27.11187667412416,31.413619303409593,7.003441966072922
1282,2024-01-04 02:04:00,2.0856682452938955,29.26822216030116,8.0684161399146,30.71018312913693,13.336603686001881,7.64635826815488
1647,2024-01-04 02:05:00,-1.735917616034623,43.31845380632788,1.213182883927077,-1.8605317668511057,34.184157026297356,8.879857031476305
1466,2024-01-04 02:06:00,0.7457424046996182,97.50739256787132,6.373417413273858,7.258579894700112,23.542461873831733,9.398274651167467
1379,2024-01-04 02:07:00,-2.563906106461111,45.55376789713635,2.0684225097991753,29.6600790433749,26.40960845640706,7.778528691839261
1361,2024-01-04 02:08:00,2.0202643235007702,27.460389582829663,-1.5039156035132812,16.639099371305903,16.69725712741462,6.1211325589296495
1448,2024-01-04 02:09:00,-1.9527246989790208,76.60426847354557,-1.3845611186546076,3.198414429694827,49.21518884225695,8.408577048621183
1440,2024-01-04 02:10:00,-2.575111791685413,78.72034036349474,0.9598321669272032,12.649630355342104,36.895622626443064,10.982647686433182
1092,2024-01-04 02:11:00,-0.5986854267671329,42.836617622972064,-3.3280066098173693,7.151538590498017,12.49665198591745,7.5827230069421265
1620,2024-01-04 02:12:00,0.46153283159786085,43.8137583477043,-2.333505726670342,-2.7205922635600617,11.904507651551576,9.690251464720184
1752,2024-01-04 02:13:00,2.1295017513586263,57.51143884070271,2.5091302558014856,29.363221551913078,38.731257325170574,12.020093646506645
1866,2024-01-04 02:14:00,2.845455153130419,21.74311598098044,9.30883716042709,8.126214741407141,19.46174493441817,10.72721591430051
1423,2024-01-04 02:15:00,-0.36304492458081805,83.14584082889309,3.665295130258377,37.53090975698768,4.666446566345582,6.050523932803801
1141,2024-01-04 02:16:00,-2.6373184620883787,45.367102981930046,1.1274512378203356,34.96562682007084,1.8764356579301922,7.259241870690974
1290,2024-01-04 02:17:00,1.4946934741552242,88.3010481601582,-1.359495201960474,27.232486610516858,20.75640523063245,6.396916373626978
1431,2024-01-04 02:18:00,0.39103953734362484,84.2104337280027,-2.0614804294033906,9.6985474251839,20.79393144372751,10.32271687090249
1748,2024-01-04 02:19:00,-0.31265193093322097,72.91216264950265,4.876105440683434,7.596559870647258,35.37214943591874,8.556392144332648
1851,2024-01-04 02:20:00,-1.144386727246862,45.989989367943096,7.724879761324882,16.38721660712806,28.781105595209706,6.3925436207168245
1823,2024-01-04 02:21:00,0.014391167061214016,61.3053249328936,0.9828388965874533,10.957112514743837,38.528994709922074,11.034678601332736
1688,2024-01-04 02:22:00,-0.9679223732578146,55.58634060783672,3.259885695599241,35.55212458114569,15.955836748455111,6.357469688324076
1652,2024-01-04 02:23:00,1.5420712064841613,47.11055089989394,5.600901418735585,0.5572812676555552,31.250148477266894,7.984255316571588
1700,2024-01-04 02:24:00,0.26336217895584646,87.85090314425426,-4.125566374166363,27.601040902676914,44.29656910140445,10.275662395800028
1997,2024-01-04 02:25:00,2.2610866449246716,58.68056596621322,0.2634557115427514,22.4903557446636,3.5574239825483285,6.679795171312723
1048,2024-01-04 02:26:00,0.26126348789665244,86.61784782377171,5.946293346431634,31.28355361013655,35.45172151233862,10.64909593229667
1301,2024-01-04 02:27:00,-1.5704255199604198,28.417477931345942,5.269285397789078,19.4119297037593,35.82256226065336,8.44292516681419
1880,2024-01-04 02:28:00,2.106551293392867,31.28198308802686,-4.199784133758629,23.329330492696457,39.72211148067504,8.605052790889859
1189,2024-01-04 02:29:00,0.34331426958026334,98.18562440903814,-1.4327225243989257,38.3233284384914,13.525461257173045,6.43330172624303
1135,2024-01-04 02:30:00,-1.7589537711386325,67.02147700848717,5.199358216675019,-0.8617301285377268,20.884392278282135,9.167637878324522
1554,2024-01-04 02:31:00,0.7410468597373328,60.78157387992392,-0.928759364661432,-0.28104535323214996,12.061446432754167,8.417083151764109
1403,2024-01-04 02:32:00,-0.8536994103454347,61.85248505152893,7.216154409060815,12.712345812755387,15.498236317122585,7.458553219430648
1891,2024-01-04 02:33:00,2.0664336737523943,37.22150192262879,-4.5574271120126095,16.27297570304468,48.42857377494526,11.956181537212647
1864,2024-01-04 02:34:00,-0.28020156812074326,77.49631596015784,-2.1447945605983243,3.9942418928198187,22.338134980988215,5.849738220909929
1601,2024-01-04 02:35:00,1.3586481486445,26.78244989838035,-0.7803052992416273,-1.2799491357709014,42.44276712229155,13.319829552593434
1806,2024-01-04 02:36:00,-2.426782754182577,65.86589704824186,8.879347522151324,-4.0020684546128145,39.764504713776134,9.843183301637346
1340,2024-01-04 02:37:00,-0.6238539221859227,65.66150372687211,6.9447843455599845,29.40665127006274,22.281848905846083,8.945144991005318
1756,2024-01-04 02:38:00,2.899448618834392,93.13507393068087,8.262176297939765,16.827582714872133,49.609738628536476,7.075525006630841
1944,2024-01-04 02:39:00,1.8507617368628901,62.09462480838883,1.6071872076593117,32.95315434249261,42.05494789549787,7.897911049955389
1703,2024-01-04 02:40:00,-2.040355185798428,30.96501567793436,7.3384313691462975,11.23767557673569,24.186483488690257,8.762759969056233
1317,2024-01-04 02:41:00,-1.3334157031364695,65.82026073985301,7.802403577701229,26.65507585125887,15.554313487583242,9.890410319345689
1617,2024-01-04 02:42:00,-1.0211051468618335,27.30621154922659,0.9993523581249946,16.98342350634222,3.857198111389169,6.287841175522555
1362,2024-01-04 02:43:00,0.9021933629726742,36.303506823993736,9.91692771616379,22.543149937593565,23.293515262203748,10.981915296312758
1821,2024-01-04 02:44:00,1.5419685569379329,22.48868673499329,7.768579438238039,11.658857850450193,18.064494181098677,8.119287512608297
1381,2024-01-04 02:45:00,1.4971596528474587,61.063486596759866,9.61145453117183,-1.3473603298696664,35.59770647375237,9.208786091928506
1232,2024-01-04 02:46:00,0.05924433783841687,26.76260922348579,7.997456629677483,37.6318111995164,1.0819503772460215,3.9914407571326773
1776,2024-01-04 02:47:00,1.864923227028907,57.55155028250633,6.64305460383412,32.62404338133764,41.589238614447154,11.939473281692365
1343,2024-01-04 02:48:00,-0.37753150345514985,94.63560282593153,9.157658101968186,9.035129791973828,20.889744075791846,6.142457806319401
1548,2024-01-04 02:49:00,-2.2567166082266286,77.58091304154657,1.297288668768851,38.14163209947748,23.53965584346201,11.193819019416177
1816,2024-01-04 02:50:00,0.3866510499228797,26.192933938023444,6.750001502452939,8.52199291368022,9.221229877638107,10.815986725135843
1552,2024-01-04 02:51:00,2.71380830760664,37.93678497670746,-1.8066319112583566,14.934550909759164,46.88035687855783,14.274404147031392
1528,2024-01-04 02:52:00,1.7579619083550675,73.89299359147473,5.991907820816154,28.98110473099947,19.97952120945923,8.15340097142437
1855,2024-01-04 02:53:00,0.4722038861534541,91.5761488819347,6.780299245785892,8.905191174957118,42.151967403715844,10.142598656527568
1788,2024-01-04 02:54:00,0.8808339620945818,22.633486941116303,5.747866148253847,9.60285903860789,11.948927520679938,10.341503193668425
1818,2024-01-04 02:55:00,2.5833721622134362,84.99609053764752,7.747195980357425,13.453697144770015,4.92318412489315,5.46954907959295
1570,2024-01-04 02:56:00,-0.4299432333902371,64.94511042706469,1.2000317027440852,16.07752118211988,31.824472396976276,9.526470424749757
1934,2024-01-04 02:57:00,-1.0116351663441758,63.68730602371141,3.171521981132372,0.5627308816042458,49.22238284598153,7.872723790188472
1182,2024-01-04 02:58:00,2.8634493900026943,96.62505462026863,-4.839988839570935,-4.212875389127319,32.382384320862876,7.628941769918009
1040,2024-01-04 02:59:00,2.180658801062,79.81156900774184,-2.80920255490964,36.36207367847744,30.474784854578882,6.222519059515172
1550,2024-01-04 03:00:00,-1.0617384922883857,88.00950944448896,4.662908884417325,10.89348844103469,22.16731282943082,5.261192667404527
1396,2024-01-04 03:01:00,-0.21731641583446315,48.31964556357334,3.4347579946756746,-0.42401293018081887,14.26168461435158,7.883441739672626
1703,2024-01-04 03:02:00,-0.5095312259532054,64.34912326627278,-2.0400122968789396,29.16271309630197,21.598579553796988,9.206863828780516
1778,2024-01-04 03:03:00,-2.1054259279713965,69.23245419422166,-1.3480280875957766,8.277730194905086,7.532951566152641,8.432662617913767
1493,2024-01-04 03:04:00,2.7469159428795544,45.72671522899721,0.1612330288518713,3.1748833390651168,13.169147591293978,6.266178023660521
1658,2024-01-04 03:05:00,-0.5741254126814472,65.61984999579195,5.746220694152639,38.317496478729986,24.420532471929548,8.222219682389724
1906,2024-01-04 03:06:00,2.251974495827448,38.932430358377104,4.145749039949514,36.42443011543493,7.325298428325045,4.9646122034318605
1332,2024-01-04 03:07:00,-1.8638626339160096,31.470053685459163,-3.956431037370653,-0.24143639283544083,39.59743778973796,10.850511003074535
1126,2024-01-04 03:08:00,0.2872248638233188,49.917620742186614,6.399087235185409,35.46783444196996,0.6769098730941298,7.036166511138458
1557,2024-01-04 03:09:00,-2.856231689254381,79.14317029971497,-1.0601065546695572,35.08903867014738,16.147511891896688,6.579381641270625
1556,2024-01-04 03:10:00,1.5853229030538518,93.29497184591101,5.076395176066303,23.54685488133143,25.88090787515414,9.617642238915012
1000,2024-01-04 03:11:00,0.48548338947767,56.6171241198586,-3.1495573300767434,18.838210040058165,46.45449541000539,10.422547425112997
1167,2024-01-04 03:12:00,0.7535375008185161,71.42589506203453,9.968819150787521,4.784733301058878,28.715265247683305,11.097187996465827
1619,2024-01-04 03:13:00,-2.689674704672079,28.24297047800804,-3.794972439684288,0.4622923932641019,14.81570840314298,8.357411971876083
1018,2024-01-04 03:14:00,-1.7337700187483076,92.35710068418629,6.126010426014927,22.286607293201406,17.67431529857136,8.104343325028056
1331,2024-01-04 03:15:00,-2.5540147658785193,65.48833708559475,3.1199553887964306,31.988076552530167,17.02403161462334,7.792900705118712
1583,2024-01-04 03:16:00,-1.2665141051771294,82.42705981001257,-3.710912130737926,25.988973454414946,9.100432040853162,2.7815843368080424
1455,2024-01-04 03:17:00,0.764634046092906,83.5552960737115,-4.597843136738668,3.136019065031018,7.327948976368913,8.50595220448175
1956,2024-01-04 03:18:00,0.3971159059042515,40.51844210944847,0.43998576275017953,8.05083881132695,24.083707812521155,8.02196128972962
1108,2024-01-04 03:19:00,0.6728989296803416,62.333956254547964,7.03335898010716,19.588791423528374,13.586025952722544,5.706756868064806
1267,2024-01-04 03:20:00,0.2955076282673659,96.8383801248782,-4.382731395779112,23.124663289455803,4.682959123428928,3.1639524176354707
1444,2024-01-04 03:21:00,-1.3618272259448438,27.170763585666222,5.565979949920813,-1.748632437168998,10.902284975410645,7.052912790309375
1239,2024-01-04 03:22:00,-1.5329550159334486,74.64399184236507,4.83064414396358,22.632323721010554,26.084231072471766,11.046813641547173
1928,2024-01-04 03:23:00,-2.1776418987805126,96.98112624281376,-1.0169348484084924,28.134372768863024,12.918972094709583,8.972067937364468
1300,2024-01-04 03:24:00,2.0944252494209525,44.046168644321774,-3.8376194639766457,3.1611031873521647,11.963334902798392,5.314663630425519
1601,2024-01-04 03:25:00,0.6988761512474668,88.91583371234785,8.72982940831093,6.079842177387812,31.070759138388535,7.392318073815298
1102,2024-01-04 03:26:00,-1.8809339249756414,94.69260363266173,-0.4947529589491406,6.650346558042141,34.50187662834025,7.977719069954725
1987,2024-01-04 03:27:00,-1.9367437210725629,79.766896751586,-3.3292515231985833,37.29146136591346,12.138169847261556,8.365657114656013
1249,2024-01-04 03:28:00,2.23821360915682,38.506264984556665,5.222756175413741,13.315725435459523,23.659850229213152,6.620790237632382
1452,2024-01-04 03:29:00,1.4563851825799157,46.72005750612751,-1.74978156812558,18.875715537305478,38.25188097573508,8.59068795605265
1519,2024-01-04 03:30:00,0.9563944794322286,22.864743553418457,2.1344613334394484,27.59414573726609,34.52622250434101,11.465987023649648
1152,2024-01-04 03:31:00,-0.5588153547642012,86.51625873962841,-4.243916836459504,11.71571185241362,3.557607174191194,2.724173943329636
1858,2024-01-04 03:32:00,-1.4281466143288948,87.9688949208864,9.894759233621574,-0.2500003875040253,18.067533116277893,5.660880347282642
1173,2024-01-04 03:33:00,2.876704578676943,70.61682479729541,1.7143169016323858,24.44448418234243,36.19145702483606,11.59901191435338
1342,2024-01-04 03:34:00,1.7834374501368009,48.202228101108105,9.986649719643015,25.02729249581765,9.053930772098335,9.61552976213048
1669,2024-01-04 03:35:00,-1.1893246611823411,26.144882211193643,0.7851231540109946,6.724651675054632,9.876766409837158,6.018766992943135
1430,2024-01-04 03:36:00,2.0853887776709676,80.24460879319275,0.21778833913329088,-3.414699056717519,31.545568218342954,5.543018136816456
1726,2024-01-04 03:37:00,1.553591691688089,78.12209548879383,8.718584924006102,24.94089194104194,14.259172583645501,4.422535352361875
1688,2024-01-04 03:38:00,-1.2175167007320098,93.00820173911208,-0.0580121923326784,26.654149860169998,16.255146318190654,5.806693258487305
1686,2024-01-04 03:39:00,-0.44068287455016186,78.44256168042898,1.4800832097440608,-3.8270798342255894,26.188499400048798,10.878541530137344
1851,2024-01-04 03:40:00,-1.88427932765384,86.29559537952015,-3.828343449287637,26.1932470805298,37.55397278834397,8.860896047777201
1849,2024-01-04 03:41:00,-2.333685333731344,79.67636943231996,9.331935820532134,37.25178560797326,24.96461429229123,9.422802920325065
1657,2024-01-04 03:42:00,1.3365721970381808,70.45497506498532,-3.722731387236467,3.0453377356347158,44.68200135378369,12.66969449765931
1961,2024-01-04 03:43:00,-1.3949288558768003,54.15731153528074,6.567774003029863,18.459568957087562,5.421376854436516,7.417937988520405
1323,2024-01-04 03:44:00,1.920356194477522,92.16938469138222,3.079230907167654,26.354940461876556,37.73204648269305,8.321321150270311
1989,2024-01-04 03:45:00,2.973652269086557,72.07748575259758,-4.078922839286979,5.35357309523655,27.227545853866463,8.601526689810811
1672,2024-01-04 03:46:00,-2.5402811164221077,51.868425757272725,-4.974442579384157,28.819700124814624,40.85265702806893,11.090731179105804
1638,2024-01-04 03:47:00,-0.16178924949779816,26.677543614556576,9.033304577906941,34.06397933371384,15.88852272271149,11.63110019522433
1419,2024-01-04 03:48:00,1.812375355864818,43.256388472350565,6.1326010635331585,31.65479323464247,24.156862203045844,5.6619556659049435
1593,2024-01-04 03:49:00,1.733705379247401,63.49813878641318,5.2965436530912235,6.650451201745813,41.19752621721715,10.346706895689957
1484,2024-01-04 03:50:00,1.5599829499858107,42.05082960129556,1.5783479589883296,31.189739837578934,41.60589102959279,10.574618604258825
1658,2024-01-04 03:51:00,-0.9060303881885341,37.69882783343217,-1.4207931993353382,13.600445998107265,18.86192445888258,11.229831611875042
1750,2024-01-04 03:52:00,-0.2768804658896862,62.19148112702777,5.197946120958608,6.990854117001062,41.127580161815565,6.876694330079928
1411,2024-01-04 03:53:00,0.5698101440488212,33.58562767165877,4.124516029256489,2.5587160228717076,34.151681650771856,9.959954998864232
1935,2024-01-04 03:54:00,2.8436435014395434,84.03280506600828,5.895132922725047,35.904164912800915,20.530533218775567,9.99401771002343
1083,2024-01-04 03:55:00,-1.0347163743690426,58.74945210741264,0.48688777750393086,14.210389368248247,48.48830399593654,7.888059639862317
1112,2024-01-04 03:56:00,2.538863326301146,65.90902191701201,9.803856407697854,33.9579034097263,1.6416266227156564,6.806842462747738
1736,2024-01-04 03:57:00,-1.3838584909170353,31.790661407787884,-3.994870168572007,2.1795245018406835,19.194878149850567,6.376125569609611
1331,2024-01-04 03:58:00,2.9344467928422278,45.96610685034939,-3.8044757444567896,29.514705976890347,15.416937000740672,7.309323791993119
1377,2024-01-04 03:59:00,1.021582120965551,52.80717466089223,8.753137713709226,-0.049399349454963826,46.79444635865643,10.532950525074131
1754,2024-01-04 04:00:00,-0.21893111784869435,84.65702644132024,4.715596523785653,-4.209577426402577,5.062716481602997,8.929755414261036
1654,2024-01-04 04:01:00,0.6803425683816293,81.6127618468922,-0.10498897726843381,39.77721884768858,31.438420054105652,7.366925888861709
1040,2024-01-04 04:02:00,-1.3648129857587592,37.83819798301451,6.429291365509393,-1.6908200034354066,35.85973846510487,9.749515115023568
1934,2024-01-04 04:03:00,-1.3549568549312003,69.29432652856062,1.7916008177955982,15.769320342827555,9.290373619007811,9.043770803761348
1769,2024-01-04 04:04:00,-2.318672736939037,39.476508621759805,-4.683177367884018,34.52734223185589,7.582380954258693,5.315735889248581
1958,2024-01-04 04:05:00,-2.3156982137676074,99.05977245521963,4.766555041299361,31.87207966295906,2.486783526837092,6.570874446483721
1796,2024-01-04 04:06:00,-0.9139695511865318,96.16991025046966,-1.3533209436271565,16.202907083002366,8.027872503841605,9.656430691070419
1104,2024-01-04 04:07:00,1.5771328673782303,65.06117764164964,-3.269973250848983,22.4881828003052,40.42993030947609,12.036597332942957
1201,2024-01-04 04:08:00,0.647827005588975,75.91220575153145,-1.6209022625089369,23.336776824826867,47.2034127060632,10.64620140124124
1449,2024-01-04 04:09:00,-2.3844926380138753,84.1144305766916,2.1423682169387277,-0.057875764520494144,45.08096983092295,11.047468831899831
1818,2024-01-04 04:10:00,2.1134191498554653,77.67987360359231,-4.2521535307513965,7.820684245284086,18.328709308798622,4.687626305316745
1842,2024-01-04 04:11:00,0.6082057619403987,75.98629528659367,8.247285801693215,8.544242253149346,36.32118792495309,11.750769524364138
1972,2024-01-04 04:12:00,2.765133460708679,96.68432063596225,3.398770248540428,12.015766774060083,41.369479174625745,6.126684439184943
1265,2024-01-04 04:13:00,1.0211128044672453,67.71648850458266,-0.6050572982687639,7.326289081568778,40.643025877778314,11.264869699695971
1909,2024-01-04 04:14:00,-1.948950817774914,70.90421374552446,5.305072721330244,6.317430765759516,3.227978803659952,5.228291403234131
1209,2024-01-04 04:15:00,-0.15729982615306648,87.94150003505449,7.063547454699119,10.965348072330956,10.820035637523388,8.90293695537494
1562,2024-01-04 04:16:00,0.8909855852832251,73.59126942867255,4.2088694197522045,12.065192855643186,46.95335204194376,11.446949421190336
1117,2024-01-04 04:17:00,-2.830411793700134,78.6346097614018,-1.9625797713421465,16.92508255413976,37.02131769027063,10.65031859382729
1712,2024-01-04 04:18:00,-2.9105384150711524,38.7334948957314,-3.3456736978033446,2.8090930966730294,41.73418499897837,8.835704866581649
1376,2024-01-04 04:19:00,-2.2235819964085923,49.70135392920567,7.8984954555008,30.47514985835364,25.754749995538486,8.47910161278537
1550,2024-01-04 04:20:00,-1.4900133897271755,31.78410765695144,-1.4796887967238925,33.7300465166788,19.713496818684334,10.473930004244085
1539,2024-01-04 04:21:00,-0.422705258875947,60.46123538678444,-4.698763539837534,6.167419757076178,32.59606028374015,9.713446808723413
1770,2024-01-04 04:22:00,-0.0753571574412697,56.458192054419705,4.64353162231378,0.5485327203061781,23.695550517401415,5.631727560525361
1083,2024-01-04 04:23:00,-2.171834346372619,99.77302514235654,-2.7067200520353065,27.504039156855036,18.75072942057573,9.216782695442898
1453,2024-01-04 04:24:00,1.0403494746949846,68.8966922252434,9.864547296468627,36.591030522532044,17.458990608023864,9.886813409862931
1666,2024-01-04 04:25:00,0.576828370179209,82.91558585555387,8.045962476091178,-3.4183247372167695,7.979559014728493,5.073544994975002
1628,2024-01-04 04:26:00,-1.2332154069530388,46.72117366061234,4.1266858900182655,-4.350380943455568,26.517718146458446,11.659985827866732
1513,2024-01-04 04:27:00,-2.918040699388248,86.52362650742373,7.507984639128152,3.2541457622951455,26.040343879158996,8.86478468092046
1604,2024-01-04 04:28:00,-2.5341125078802555,69.20679731901467,2.058035511530443,25.81566183885715,29.579400532174223,8.847601508100572
1677,2024-01-04 04:29:00,-0.6498313469349632,75.75938652787508,6.827293666936528,38.41514535239013,5.899560397120707,5.754123568556268
1386,2024-01-04 04:30:00,-2.0761538930058965,43.55446223595635,4.698003285957267,28.76714298216968,45.75465757403057,10.497313395721553
1911,2024-01-04 04:31:00,-0.7390823631121748,63.891071335646174,-4.570330280455161,20.786467016436767,37.12860054553719,9.609768021397667
1349,2024-01-04 04:32:00,0.7690956270621307,70.72295787308869,9.231365013292637,26.52472267939965,6.6351085956212525,6.001017873225391
1295,2024-01-04 04:33:00,0.2834245672757012,67.12757406532648,7.913793672950305,5.381424008148514,4.059262795014127,8.356305604336145
1257,2024-01-04 04:34:00,-1.6129447011756346,93.21549691396532,9.301110858898328,25.984837662930424,32.181741558382896,9.543536067011011
1080,2024-01-04 04:35:00,-0.9370650524474855,91.86181315940428,5.970489018412234,9.465022906538914,17.140985703579805,8.311356589810723
1936,2024-01-04 04:36:00,0.6841871906919037,97.67872463014965,1.1809138249243318,5.008995977470525,16.020522827008033,5.699095263512762
1267,2024-01-04 04:37:00,2.165130168260692,73.39424048055915,-1.8952216507057669,5.645019933053575,42.01555395040127,11.473039758456489
1418,2024-01-04 04:38:00,1.5192806324332633,97.75313041005477,-2.3000547865119647,25.050448833526588,17.322645654285942,6.200427472609331
1234,2024-01-04 04:39:00,0.3204001610004896,86.59824000255271,-2.8262562741834256,29.525157499013133,31.645882899139984,5.980738554174716
1832,2024-01-04 04:40:00,-0.8262420101010828,41.66657122719674,-1.6908553603772343,21.181094975134616,26.9000181249228,6.64981970074945
1310,2024-01-04 04:41:00,-0.8096923347491671,54.19485356410377,3.25954020021093,-2.126513237334853,13.222072391246538,7.812406880423431
1812,2024-01-04 04:42:00,2.2765038615863764,39.07139537512079,5.2561759493176154,-3.28957998325421,16.648839554535904,10.190163557212495
1974,2024-01-04 04:43:00,-2.7645385437567214,20.335772866445218,-0.28915158475597647,4.772508253517682,47.165325206244965,9.380365450193139
1985,2024-01-04 04:44:00,2.927895866521566,35.04390025175269,3.2312045426179523,7.891091609079332,16.635506372676588,10.1231931627456
1356,2024-01-04 04:45:00,0.9862524651093736,20.324846902950053,0.11878989180775257,13.216895177853306,39.22177120584915,7.4261107262420305
1212,2024-01-04 04:46:00,1.0868261944343427,77.5870769080392,5.447649605109939,-1.578736518376851,43.07764695603206,9.563652790394588
1573,2024-01-04 04:47:00,-2.7720129761715473,54.042743817695964,9.827293304803767,27.632144467404636,3.6447959892543276,12.096666946345206
1048,2024-01-04 04:48:00,0.633175649347633,45.00597816622866,5.335254525743252,27.01741714210712,33.188964460662994,10.83201022135448
1126,2024-01-04 04:49:00,-0.09133163945731804,80.93767128761503,-4.1145413474352,10.600491714593792,37.48810197865673,6.014691520247553
1222,2024-01-04 04:50:00,-2.365326558635598,86.5989419695716,2.1585243675098393,20.33511359657847,21.75768204092851,6.96329757566783
1920,2024-01-04 04:51:00,-1.3324679353838456,98.0239630919904,6.555812389517962,-0.45878250339981186,28.509321310490886,7.8349113946386675
1278,2024-01-04 04:52:00,2.341886737281907,71.3610867740193,3.133624093803734,13.684838926004762,8.174112186226578,7.604556095456369
1407,2024-01-04 04:53:00,0.2999304951957176,56.92231668320414,9.265945445843471,33.59041408660251,15.993013310960766,9.958013995647242
1504,2024-01-04 04:54:00,-0.5195005489565476,44.421144128594875,-4.178424811936832,24.72801084047189,35.41258150052822,11.514564921732267
1293,2024-01-04 04:55:00,-2.563907064955134,37.785456737138105,-0.6326668505648296,-0.322530094675364,30.168304540057118,6.674693317035283
1795,2024-01-04 04:56:00,1.2847291644138341,37.0340760386081,-1.6892283854031707,33.14101140478096,6.905648606926169,9.922731004836722
1276,2024-01-04 04:57:00,1.2171049403761955,52.7351499775839,6.514333026453832,25.631330323857224,49.403630034935375,11.56203275702481
1437,2024-01-04 04:58:00,0.6842616418353815,99.34290842303439,2.8568960272601016,15.387533233866563,46.89567725762728,7.828743880098487
1106,2024-01-04 04:59:00,0.061575877323895245,20.06829579499226,-2.924836829704913,26.144096755591622,11.283452484307508,7.638401928500619
1657,2024-01-04 05:00:00,-0.3972935867557639,35.776471778480065,-0.7161010480785803,2.776911494364369,43.768516108130555,12.605732020227663
1419,2024-01-04 05:01:00,0.5596265579279538,35.07143859228591,2.839889844945623,19.771891162264687,13.431748206576964,8.499651962832052
1610,2024-01-04 05:02:00,-1.5996272896295598,77.36955884258339,9.941934718804738,22.806715160448743,28.230582605723065,8.644727124809124
1428,2024-01-04 05:03:00,2.6475543850658863,48.198778207844946,0.46438536123057705,36.74851703244013,39.124345070176716,10.952527028859933
1374,2024-01-04 05:04:00,0.5327671750813776,56.58086436734565,-2.64760853990457,-1.989873013926144,17.269602030864714,4.606085042551921
1072,2024-01-04 05:05:00,-1.1328453338737408,31.889930437592398,2.4559978868748704,11.865222141738197,27.80185493356524,11.247589772901424
1948,2024-01-04 05:06:00,-0.30192089468905614,52.39976311015582,-0.347204341504014,37.15666194689201,22.572645046065357,8.098816932529033
1997,2024-01-04 05:07:00,1.8341087332613544,28.255984952466882,3.489502357428222,4.774947480786697,38.03391096641579,9.162126170990563
1633,2024-01-04 05:08:00,-2.0303036356182154,62.643463031086654,2.000654541778389,31.594014774519856,23.985917698410105,9.025899021734206
1029,2024-01-04 05:09:00,-1.2429862652384376,27.835069230628477,5.342348825687841,-4.92775092682269,28.388868772644177,10.793233280559788
1187,2024-01-04 05:10:00,1.0770481364193323,83.24067049385249,8.714360633012744,-3.8352168568631484,42.29332912702071,11.206056373274562
1363,2024-01-04 05:11:00,-1.1070647611066566,65.32813740323917,-1.9922847384687348,9.743029836390274,34.962412328040934,7.48539657088666
1865,2024-01-04 05:12:00,1.7550100911687956,77.91742990188135,7.317701055525973,29.582666987362266,26.42241344222553,4.7420744631486915
1799,2024-01-04 05:13:00,-2.217279076935835,53.48131093221471,9.23898573322803,-0.31354388442009107,23.118450636627646,9.851351216065256
1450,2024-01-04 05:14:00,1.5761170227276509,50.519303459378186,0.6041452227694322,12.228413963265307,6.425606034888236,5.844116067409288
1194,2024-01-04 05:15:00,-2.5898897108966024,27.856711123909086,-3.2950594910495177,0.916067592827293,2.912687503467991,9.52082250032062
1155,2024-01-04 05:16:00,-2.924444323995031,61.90844856342581,7.3286675617433765,5.061710624863368,47.64349378552406,8.421306099882878
1171,2024-01-04 05:17:00,2.389341112992973,61.160173188567356,5.516437141573583,17.6347386457869,9.407675471072245,5.226482398011688
1846,2024-01-04 05:18:00,0.4880353015937917,57.44816355596843,-1.809316927489224,9.36124338816453,13.915898203113167,6.906144110734525
1040,2024-01-04 05:19:00,-0.8890386174791312,79.24146917459595,1.6783538977382513,4.536069069103718,30.586331983662898,8.222065966599542
1062,2024-01-04 05:20:00,-1.6044321782168975,86.60035200258835,3.6698830973483147,12.707364148911733,41.41349333904552,10.554099958274811
1022,2024-01-04 05:21:00,0.7013146995648967,80.06317399588065,-2.452188700228637,26.547473392313396,41.673784178844926,7.747846926909516
1359,2024-01-04 05:22:00,0.05401310122042924,31.50925942454751,5.723692399443397,0.37381479704447784,41.4994061384552,7.298426434466374
1074,2024-01-04 05:23:00,2.949586653179911,69.76476074256865,5.348241120915349,16.581750041234102,48.9065915791194,9.414566281179715
1559,2024-01-04 05:24:00,2.8992959199224746,26.425848455162672,8.306899187674428,7.362386887627281,2.879582032641561,9.476969196838374
1671,2024-01-04 05:25:00,0.8101473968496578,75.56978299523811,3.509094466422926,12.037939309298046,20.052425091976314,3.8195226751422147
1824,2024-01-04 05:26:00,-0.34277696336465713,50.54712772489013,3.614695460434554,31.969983050868684,45.68802852053223,11.689643670307508
1117,2024-01-04 05:27:00,-0.05315418519202719,30.59991650130293,4.290810339539522,36.83784908669928,23.420157098254496,9.31261755569491
1611,2024-01-04 05:28:00,1.0948743974211714,88.96406855809022,-0.8932510792714012,5.934005730443188,43.57770150882117,10.834795327716346
1379,2024-01-04 05:29:00,-2.390552734587712,69.120667123115,6.379087769170043,23.348693057327054,0.9810568884527662,8.873455255014589
1928,2024-01-04 05:30:00,-1.029887557135691,48.3779974358022,4.937488918939467,25.450477594022765,25.26795415158568,11.774658931591304
1919,2024-01-04 05:31:00,-2.5483665539783766,22.458174372039963,7.587184381913662,32.91186995420947,46.13036557428753,12.668880173608297
1678,2024-01-04 05:32:00,-2.559835442898483,62.98482072028884,6.528790074589059,35.45691108255385,13.138016000184738,6.800812953846999
1289,2024-01-04 05:33:00,-1.8249645486345976,93.85807027889861,4.578583457560937,16.05963088903117,46.489949661094194,6.982981866396819
1439,2024-01-04 05:34:00,-0.08848047244063872,67.71038661618925,-2.5866177363560157,39.21590403618251,0.5230166317366115,5.4808384348709875
1667,2024-01-04 05:35:00,1.708645926976736,97.73204836955945,8.78720984813245,38.687303811867835,4.0384841389736605,9.480863282846459
1932,2024-01-04 05:36:00,-0.08702465300476447,30.91608946163668,0.5081827207472251,17.7910586877311,23.893548663552522,10.69954235182055
1006,2024-01-04 05:37:00,-0.9871403366347815,65.46440836758694,9.464478527751435,19.39144542910979,5.408342461473545,9.829765648018006
1195,2024-01-04 05:38:00,-2.505882057979451,83.85000384051436,1.0280620300082068,25.048742779790448,11.357306045904489,4.859110030188401
1420,2024-01-04 05:39:00,0.3017731390987777,62.0432584900573,-2.8109256097524375,11.821726489890711,14.946498566788263,10.869729338259065
1567,2024-01-04 05:40:00,-1.3723884811009395,27.285308478997806,8.27259621249502,24.791976125963995,24.12665086722368,9.345936279247148
1832,2024-01-04 05:41:00,0.6896050675028844,66.63088012377742,6.925881101930576,18.14284271446189,19.586630402601095,4.4245852986890775
1192,2024-01-04 05:42:00,2.86312643479451,68.93903246739774,6.794440841697094,-3.405345540024236,46.115167168614825,9.485004775759887
1558,2024-01-04 05:43:00,-2.332114071134699,78.2967398780282,-3.6588387390332278,33.37280215045379,44.31213160819147,5.745539938843699
1147,2024-01-04 05:44:00,-1.7272476076683605,80.89692121323792,8.189197495779506,37.320061052065384,37.428737466559255,8.622740811563588
1786,2024-01-04 05:45:00,-0.16143277140375156,81.66181505684858,3.946009557442917,-3.8196914653851866,32.999484720846475,7.0787355291955185
1668,2024-01-04 05:46:00,2.811682892075577,73.07555149111728,2.0553360440943056,30.51678184632783,10.296618905477171,8.096091183133922
1201,2024-01-04 05:47:00,1.6308586576199735,37.264894913492654,8.697574321197079,12.36159674234623,30.131130293142874,9.824735950748568
1443,2024-01-04 05:48:00,2.3893751589769803,52.33886046715835,4.990620287229104,21.35343100130159,7.438432100328369,9.46723800629105
1913,2024-01-04 05:49:00,-0.9977109091452423,82.0903978091519,-3.0045376422052112,17.49977261323221,22.690683972773957,9.020522205782086
1987,2024-01-04 05:50:00,2.9522308426715673,96.27415867206506,2.793057640850555,19.80897928748712,23.1300352134818,8.304463049977462
1418,2024-01-04 05:51:00,-2.3830031036150556,26.31575718692976,4.549248832713442,17.2833837141138,34.516526832949346,12.1990930276375
1426,2024-01-04 05:52:00,-2.682162563723395,62.842934223775586,8.478260465974513,33.4018917169544,41.772823584520395,13.549885801193229
1478,2024-01-04 05:53:00,2.133615762324169,45.001781705944516,-0.8015884748764979,25.75780081128901,16.09306324291645,5.3626535353157605
1474,2024-01-04 05:54:00,2.5635892212419176,38.03151154534638,6.913508284711229,13.56867649956224,2.1549456803217137,9.087166230061252
1125,2024-01-04 05:55:00,-2.4564878547233895,60.4648546815772,6.997193557521191,25.985586151774704,2.443821545380265,4.887522053489116
1394,2024-01-04 05:56:00,-2.319435439524951,68.48714724452293,-3.079257727644789,38.427151858774664,43.753731985533335,6.723559261115799
1816,2024-01-04 05:57:00,-2.800955053465357,20.7817785135585,-4.741502258661906,-1.38612820759553,24.367660428070575,10.527966096828838
1880,2024-01-04 05:58:00,-2.3729546241436554,82.41652577609528,3.7211454384768476,12.464048720112572,12.475827896146118,8.191331167468977
1805,2024-01-04 05:59:00,-1.7434810991983147,85.59057050075582,6.842183294364785,34.17043145457081,1.7111076972251669,4.3006814957189
1575,2024-01-04 06:00:00,2.8204597134600053,97.24086596543464,3.316462364909457,28.2574799865163,26.485340468478885,10.856753010960208
1324,2024-01-04 06:01:00,1.0071613334380825,34.4514986579756,7.20021227799813,37.071800025175826,6.941029514690184,8.563064795642514
1391,2024-01-04 06:02:00,1.6713181531112529,67.56420498887584,4.334547107012712,-3.2085550569542347,20.90970055328331,11.415929164759277
1929,2024-01-04 06:03:00,1.6568364221491327,54.13002987811156,4.799385425084505,33.82490241457542,25.852277979301913,6.047684502385875
1687,2024-01-04 06:04:00,0.21044249867528775,46.78622812442805,-4.577683613562116,30.630944647969237,11.537096257248207,8.566130829086468
1627,2024-01-04 06:05:00,1.7849338662781031,65.25067611500037,-3.6710269562086086,31.67675572370677,10.02195662798785,5.708605755958162
1439,2024-01-04 06:06:00,0.5748451943398178,82.59064745788402,5.875444265738121,21.876822765046782,1.0884227275736837,7.5835949216983325
1203,2024-01-04 06:07:00,-1.1127234143798543,21.84422267561681,6.4426492356443354,-2.6637334195727416,29.31748717671652,7.958937160802211
1485,2024-01-04 06:08:00,0.36666065261040437,97.55200900529493,3.132669670964889,19.26084680278764,10.102016431715834,3.987048157905128
1832,2024-01-04 06:09:00,0.20105151680708078,84.79052685645686,3.8524769117655175,13.348801164544014,43.923599446809654,11.966519866766918
1030,2024-01-04 06:10:00,1.9407183225559237,80.09229629164628,4.215487597676162,18.716878869333026,30.22844983381478,7.370393369446617
1387,2024-01-04 06:11:00,2.890363304289954,80.83099057444028,-3.425130217190759,28.31331881296039,27.865075054377833,6.9050780731131844
1624,2024-01-04 06:12:00,-0.533744607474417,51.124856769492204,5.018629063763951,21.81822855302924,25.28376476394598,6.556341404798724
1876,2024-01-04 06:13:00,1.5803440706481577,80.1296440675851,2.177049651430756,8.16533004366806,10.843972911706064,8.049155687477878
1433,2024-01-04 06:14:00,-2.401421975771199,50.94161668823661,4.037844650309186,21.97783043816897,48.47358116942185,6.564495648519679
1836,2024-01-04 06:15:00,1.6609882166897316,91.89654636598345,3.4471274321578385,-1.258770061353904,48.355527010773336,9.886918553706954
1925,2024-01-04 06:16:00,-0.771498528040607,34.17779066451757,6.445003726810583,-4.758530395220607,16.131493986533556,5.986095115480641
1375,2024-01-04 06:17:00,-2.76365902266188,43.387793937212116,-0.2214760442602799,13.068761228164664,38.833189578746435,7.671015284459661
1343,2024-01-04 06:18:00,-0.8205229286269367,64.10700341592609,0.6028936760117807,29.0733862490831,6.050378678973628,6.69440725925549
1442,2024-01-04 06:19:00,0.6638565055298686,45.5368828709818,0.8740945978686945,32.018540394497734,39.04838939702914,9.473864535068659
1578,2024-01-04 06:20:00,-2.2844989939112006,53.938979623621876,6.436841487610186,19.74276909883729,14.387963455267126,7.122763141149902
1074,2024-01-04 06:21:00,2.5442069545815276,59.39381515188757,1.4666893270455281,34.060309882379734,14.52781035076615,6.558070385576328
1556,2024-01-04 06:22:00,-2.5339655203629685,88.50826790508069,-2.3438784244991795,0.6661682753249929,25.410942141435186,10.466861955929785
1771,2024-01-04 06:23:00,2.5800403189989973,61.85538028869543,9.74561455625543,38.38476348857833,19.677215187270452,9.325986727859496
1665,2024-01-04 06:24:00,1.2428251076141184,48.996787889164835,2.4007279594682167,36.47921514285185,5.979774034392145,3.6137037328767874
1154,2024-01-04 06:25:00,-1.0217269475147783,39.818893122809264,-3.361278752659054,21.965676272399925,29.694549432204724,8.038532071401086
1429,2024-01-04 06:26:00,-0.6554979137454406,52.694078303375775,5.054124339890535,-2.357504418456365,10.770796108175327,9.51657882128783
1362,2024-01-04 06:27:00,1.4448561883964652,61.258888353149594,6.0874353629272555,15.4391288263963,22.279541087112342,7.704164746385087
1447,2024-01-04 06:28:00,0.608826605287244,79.68918857625891,2.5033425836334313,3.0672832505118865,11.6274334225593,4.31626739984641
1986,2024-01-04 06:29:00,1.0298575287296714,29.683902093787093,4.696858274159821,23.279137078480385,42.893503557165104,11.164059035835095
1233,2024-01-04 06:30:00,-0.6650123009191198,37.72873505913207,-2.409877032759051,3.5484337610625385,16.967281695876206,8.668823732798018
1562,2024-01-04 06:31:00,-0.07311910915440611,50.37232126949385,0.5188357792056832,16.680894719085934,44.385792175781624,10.28623249617153
1817,2024-01-04 06:32:00,2.93920490422736,48.83187240956117,-2.572570949425757,4.253211708708552,16.3722524536093,5.36830054263272
1261,2024-01-04 06:33:00,-1.7164627770016938,51.33984700841694,0.808528845472126,3.1830308648058434,9.056903895460202,6.229092711736684
1826,2024-01-04 06:34:00,-0.49286288086721175,83.48170117122596,3.442007832803787,6.156560917391898,28.874068669856594,8.745079041852827
1124,2024-01-04 06:35:00,-1.2490608745561962,45.93235223697385,1.6380911077287,-3.6861595017803133,27.801375035161758,6.274249561288374
1910,2024-01-04 06:36:00,1.5906690626390994,60.15185443221317,3.8982226110361093,27.225171732093955,30.983786499936556,9.628501910369646
1244,2024-01-04 06:37:00,1.5840757539943242,69.91256262863172,2.5263876005282775,8.802686935753137,15.176765968959824,6.926168996973786
1541,2024-01-04 06:38:00,-1.2453272340156247,38.57428401468841,-0.23278439897365466,26.414862427227114,16.066448901582238,7.167690754038899
1937,2024-01-04 06:39:00,-2.5116581002021023,77.49563097180311,-2.848760028184818,24.406519829545612,11.947761168026556,9.799910978673285
1484,2024-01-04 06:40:00,-2.931403939966776,63.768905579062476,-1.2099070786808417,-2.024930361956603,46.427208414227316,10.85618836242154
1121,2024-01-04 06:41:00,-0.43529680054508724,55.74249304251025,-1.9893012215810018,9.041564115550031,34.17949100503753,10.285779641423527
1124,2024-01-04 06:42:00,-0.5379744339853749,84.7827221390651,5.611334405360658,20.508723998865747,37.83716186483124,8.258484905464945
1548,2024-01-04 06:43:00,2.930339271839178,39.47962073481456,7.299502666185713,36.32805372953237,9.78874069136726,6.081879770305646
1169,2024-01-04 06:44:00,-0.1811875458139225,90.65407764914585,5.805829079491385,13.059386970182604,33.11275671423807,8.382881318151433
1123,2024-01-04 06:45:00,-1.4614897825474762,64.8838988293363,4.656012204927375,17.71561953469364,38.1569494313897,7.481237732401247
1868,2024-01-04 06:46:00,2.3473766461888044,68.73399035037266,-0.3822296927934561,28.757146157515777,17.188559743104193,10.133615855260608
1034,2024-01-04 06:47:00,-0.053592302078529386,90.00471713351543,5.664783386597669,31.148296321691333,7.96886108992248,4.868851947426794
1086,2024-01-04 06:48:00,0.5950538112634671,85.40661502794688,4.076251899837196,36.550322665904254,34.880512050608694,9.68481418369334
1645,2024-01-04 06:49:00,-2.4259877374307237,68.12496550575203,-4.296599499685615,17.373524680505774,30.59606524247015,8.045598516861096
1707,2024-01-04 06:50:00,-0.7025015560213559,80.25501630785394,8.614181775901232,3.7227068275839432,28.823350582295628,9.6108827666095
1785,2024-01-04 06:51:00,2.6653420468427207,54.66555921863175,-3.8006923834754107,29.398955341047717,9.210075630687529,4.748964990776588
1200,2024-01-04 06:52:00,0.5370323050525525,63.7902202799797,2.5406185623825825,0.650886907241647,13.19835531285357,8.150186867462015
1368,2024-01-04 06:53:00,-0.9329888691452299,24.96561093668089,2.696037290785971,13.82540404776747,31.281738006562392,8.762521738909893
1796,2024-01-04 06:54:00,0.7540030837895584,27.18863344000375,7.555107831375725,23.269587243340766,30.71795258184225,11.096039642765627
1076,2024-01-04 06:55:00,2.4624665374686963,86.35403233490656,8.696012515635495,26.133528389668328,27.780669390740705,6.761259339542007
1058,2024-01-04 06:56:00,-1.3560563971644597,24.77373245459973,9.095136872646894,27.98624727471671,38.4301543627636,14.399468178387028
1430,2024-01-04 06:57:00,0.03070031082404645,33.55193005060858,3.5450820021846727,3.708957619318845,40.751394175348814,12.356949626551618
1637,2024-01-04 06:58:00,2.7521439234705323,83.66661271603533,5.185633453174052,39.17421406174228,13.898055355292632,6.727609251716437
1499,2024-01-04 06:59:00,-1.965623140209284,20.091676050260503,-3.6722020638115542,3.0288359478531994,7.964617458129696,9.846195040234903
1912,2024-01-04 07:00:00,1.3179835535802695,42.592346307669146,2.318740162660334,-0.6766967634702556,10.13827242667541,4.6365180534539245
1108,2024-01-04 07:01:00,0.6868860492178941,66.72309262612974,8.467850563634268,24.88226808679893,14.137308916993092,10.50560948055126
1735,2024-01-04 07:02:00,1.078050786843809,67.63599451754374,1.8354572655709163,35.94999999354637,47.39265377319752,9.127397363394255
1277,2024-01-04 07:03:00,-0.892682215994582,82.17223265835788,-3.9560909684985406,20.17226724247132,6.94438954206847,5.364670826994193
1067,2024-01-04 07:04:00,-1.1167237590974104,60.47410035937364,-1.9903828637531964,21.79670955316327,43.95019840715478,6.858453267333551
1068,2024-01-04 07:05:00,1.1052580235302223,60.752149562477626,1.4426038365324185,19.231813657044356,10.24853521428778,4.233155261615629
1164,2024-01-04 07:06:00,-1.706740289372728,78.02484604325603,-1.4370754263642138,-3.0763312658199853,17.487441081162803,9.426395350424173
1488,2024-01-04 07:07:00,-0.4820715308459693,59.88995706130268,0.8843887801258097,25.6590207622013,6.381045903475934,4.379953825220415
1304,2024-01-04 07:08:00,-1.870952123682492,68.67928692508934,-0.005571869959114295,11.118960424456297,5.257681513690452,8.451478552097191
1908,2024-01-04 07:09:00,-2.9501709532600215,91.82192546040409,-0.2160642077607191,37.10532078910537,4.847637851831331,7.391792573020327
1673,2024-01-04 07:10:00,2.8203441602284167,52.116080608989755,-3.632530853647469,3.4055521396876234,17.203669442623134,10.913117880880932
1364,2024-01-04 07:11:00,-0.40978212806148573,50.81000567353777,8.240720366298795,8.595210177232628,26.232235240811967,7.434061205168889
1853,2024-01-04 07:12:00,2.816097686518951,20.283919349181705,5.390593801981197,17.71846369969212,10.120296246616764,8.659685394728244
1820,2024-01-04 07:13:00,-2.1580588813930435,69.07410092169854,4.350728627036871,16.48097696285541,46.640444149170236,9.478375751278474
1378,2024-01-04 07:14:00,0.5242006767449165,22.381752592570557,4.097041121431102,13.013713375575442,29.362297130361686,10.622289211666379
1342,2024-01-04 07:15:00,-1.7941558032525624,60.331879178265304,0.9475333707198814,9.14813219592797,44.26473127202538,6.223155814434195
1946,2024-01-04 07:16:00,1.7404447617796484,84.33870312257812,7.3497296327724975,1.623313146963258,7.5260573040127765,4.991933422014212
1898,2024-01-04 07:17:00,1.7022179325658513,63.99368564157305,8.95059990891908,31.941484279312256,7.260374954833588,3.8823465617404107
1553,2024-01-04 07:18:00,-2.324357105764129,41.57089321733408,-4.915741265068383,15.194640427248302,42.35295983393172,10.210952066849709
1353,2024-01-04 07:19:00,2.4723867172583347,82.89347371594971,-3.8120228474298887,20.78304515945763,28.442269592977823,6.065829981141591
1415,2024-01-04 07:20:00,-1.8322221167806523,41.577360326603106,5.124634260494188,19.59487886360956,46.935481084027295,12.496304578104855
1108,2024-01-04 07:21:00,0.6778640495361623,78.64254247567189,-1.4589991591539175,20.897002599169177,7.430152932152878,4.128589565148256
1562,2024-01-04 07:22:00,2.9138017205262248,68.8206764152185,8.675574981548229,26.717816733010757,1.3982971830810664,8.232315289074174
1761,2024-01-04 07:23:00,2.2943792085981833,33.599703739840095,5.0111959767438226,23.32214477681068,45.83637139936737,13.396611839507159
1496,2024-01-04 07:24:00,2.7393835713670143,92.41070998753486,0.5243688273806963,7.325631282935404,34.971971551869515,8.418410320435308
1340,2024-01-04 07:25:00,-0.9444073726912832,36.051494636575654,1.2292360416914523,19.91694667146747,40.37768561266362,9.819204520755072
1941,2024-01-04 07:26:00,-2.36654614668322,99.16696593125359,5.363237578698371,6.003080749342578,14.87109927859759,5.470308077124304
1382,2024-01-04 07:27:00,-1.8699187602632994,20.584839092395264,-2.88553846096785,21.497640695866078,0.253014332207335,4.690751659624822
1532,2024-01-04 07:28:00,0.0029693704596827075,41.07867017143224,8.251178203699142,14.43705790910941,24.19570449249823,7.061572039557701
1299,2024-01-04 07:29:00,1.7593780696399328,35.988823781935906,-4.928424523547333,-3.2261729766534146,49.50146984765605,12.376433108886753
1138,2024-01-04 07:30:00,-2.0990781348967484,21.11947281363701,9.684204299557992,28.029355931573527,45.38611711168587,11.500871897394356
1358,2024-01-04 07:31:00,0.9583891935645426,78.58943201178525,-2.4853177945535867,7.359988798164773,3.6939369737002288,9.254891337495636
1835,2024-01-04 07:32:00,-1.0585343757629289,75.4740641679677,6.131670379208236,36.40874598102176,9.470404632679072,7.338372336724935
1498,2024-01-04 07:33:00,-0.9527875656470792,83.38807714839444,-4.401129394352592,7.625075874782647,15.630272066228704,6.54078395488506
1384,2024-01-04 07:34:00,0.9715063809475577,40.53588371716522,1.47143348564639,39.84802344108271,41.536982718291554,10.590044000055453
1603,2024-01-04 07:35:00,-0.19800348280067848,55.54681336663759,4.454705234712062,15.83280255132053,41.25325014412574,10.705701286644286
1958,2024-01-04 07:36:00,1.872199758155963,72.72908172972379,-3.9465881361037396,-3.811670618492612,9.33172469140935,5.832858168713933
1279,2024-01-04 07:37:00,-2.0644889420230377,55.18148031105149,1.6494029334988571,-1.5678958173569408,26.70069584952255,8.161181848006377
1636,2024-01-04 07:38:00,1.739689618602231,75.78606162543326,-0.4529539533466629,-1.3060392921243995,25.13956380728628,6.883758322593438
1482,2024-01-04 07:39:00,-2.614588511655475,70.71787267523537,2.473654179507892,-2.4703510546942415,20.772596740317525,9.089579902920551
1908,2024-01-04 07:40:00,-1.83567671852637,29.171824241774118,2.568648039537221,7.050522985176091,26.8424307495084,11.903929925676929
1110,2024-01-04 07:41:00,0.9368982870189924,82.48344968615744,6.778474087634629,9.606497311749274,14.710164314887034,5.891534668368957
1865,2024-01-04 07:42:00,2.1295539390664278,77.65410872740146,-3.147432073326535,0.007863884522979703,26.624303715659625,5.177611832017127
1138,2024-01-04 07:43:00,-1.4839222335639057,72.46675100939242,-3.7592059842880032,14.715916816062393,34.31184833547361,10.193932443295799
1995,2024-01-04 07:44:00,-1.0368503650265224,32.407488501680184,1.028353498581862,11.44078697579145,3.2189135389835837,7.505097390734243
1434,2024-01-04 07:45:00,0.22272448972043968,41.43971590362909,8.312798790647987,23.634579811913433,48.368564403797464,7.999308096725887
1508,2024-01-04 07:46:00,-1.730563161064186,51.45416252700804,7.829042795081394,3.813905177581617,8.348649588442933,10.37007736401829
1272,2024-01-04 07:47:00,1.8669375695250334,42.39436973251547,3.399893639221135,36.12934705978031,18.078903294663565,11.595216682084391
1098,2024-01-04 07:48:00,1.6418198700345652,38.224823254090516,8.331607284566607,18.219585046349344,23.58430538936158,11.775149047792931
1763,2024-01-04 07:49:00,-2.1282497282053106,84.42861361294206,7.0801539632306785,23.067986776726784,2.14512358237829,3.7114154994937616
1849,2024-01-04 07:50:00,-0.2170216091002075,71.05857970881618,-0.8309080986042598,-3.2215847719809494,27.463255595570278,10.270849335516921
1103,2024-01-04 07:51:00,1.6489665999277285,65.23777052402002,-2.4484057933125487,20.158991449030832,43.51169097158418,10.333578733603355
1213,2024-01-04 07:52:00,-0.9760228133795112,38.07621686826031,-0.4826524853494121,11.564509203024251,45.060806331077416,9.243006287910074
1760,2024-01-04 07:53:00,0.79864093630639,93.44612498149131,-1.5932318234177845,36.587742196689774,16.37696221670469,7.610675957255261
1663,2024-01-04 07:54:00,-2.6987212712545636,35.2946431277853,4.340781889880457,34.85394919965354,27.98395077293212,11.446410588553148
1761,2024-01-04 07:55:00,0.6521325631759076,83.59607462597417,3.773486691619752,23.69419150097726,38.8621918373248,9.714997462431866
1786,2024-01-04 07:56:00,-2.084082119996358,97.33381333642345,3.9765607517917267,29.553310786258386,12.717001023120403,6.303175503929921
1164,2024-01-04 07:57:00,1.9834999506867081,78.16741833793888,-2.1604469526282677,24.00669207021742,26.470778154610528,7.350112384662786
1998,2024-01-04 07:58:00,-0.8673032185171294,99.42870201477038,6.877940879146582,-4.236434977665338,18.399407823275915,9.143268470468195
1852,2024-01-04 07:59:00,-1.3106768236308257,72.08408935823573,1.5043912531394703,26.64069451029254,18.970930488081514,5.869598716974686
1519,2024-01-04 08:00:00,2.0453338602689097,37.3968274883116,2.0867788054979943,2.969084372966262,4.797462880720732,10.7713645677747
1283,2024-01-04 08:01:00,-2.6991358615691388,36.30555949732091,9.954427693168594,25.715692973659888,20.403792791666273,9.11326785644286
1516,2024-01-04 08:02:00,-0.6203472039939313,45.96514274043811,-0.7659232105587774,-4.5271947096423135,8.127874914475276,8.040263649967581
1656,2024-01-04 08:03:00,-0.779978756549812,20.570401617680485,0.9120700616156627,8.990806377658377,15.133376615648586,5.280400628645229
1612,2024-01-04 08:04:00,-1.291197754502695,74.53587760662677,5.14694811856131,18.261759058338214,16.581027034707276,7.714812576862961
1163,2024-01-04 08:05:00,2.470525992008862,41.4934227702262,8.20619530285362,9.992677016235023,21.58693727992329,5.452050412859067
1885,2024-01-04 08:06:00,1.5055703611003333,85.21465858342023,-3.098284899739533,26.22942634135292,45.85399557408107,6.486149976428019
1658,2024-01-04 08:07:00,-2.616461014848367,48.73381204474402,6.025687096407458,18.52192924377006,31.586754573990984,8.215480038080353
1063,2024-01-04 08:08:00,1.2881246966097244,58.39651947706501,8.774207889933258,38.18503214327583,48.72565572055619,9.928095205799192
1090,2024-01-04 08:09:00,0.1637947987727637,97.25511332482954,1.3438692014030353,11.101559057990663,29.573510661314245,8.796829705684784
1116,2024-01-04 08:10:00,2.405207366409475,39.37376984378217,-0.6990961559972373,27.48366991978527,40.29395315071308,7.369797853480566
1865,2024-01-04 08:11:00,-1.1223262959098492,77.70032779437916,5.166057201624058,32.612874898989666,41.72415816798535,9.385478708458733
1266,2024-01-04 08:12:00,0.44497199765749773,80.40942314443338,-1.3088952314256277,6.412800419926391,36.976289847550376,6.885051566318915
1821,2024-01-04 08:13:00,0.004531648445916137,37.679852601890815,0.7643461982092914,28.93591641077142,33.52875712633791,11.432094521805958
1684,2024-01-04 08:14:00,-0.06263456263436584,60.07974692897565,8.453700611347042,12.699129999234778,20.953958092639724,8.617290875435952
1558,2024-01-04 08:15:00,-0.26336760289672423,48.016154025037466,3.8549882888706613,0.7927218234960893,28.407079645730498,10.696268844358709
1139,2024-01-04 08:16:00,-1.7662231468063123,81.75249947200713,-3.575341001002336,-4.835881515536899,9.766462014281649,4.459705421135969
1245,2024-01-04 08:17:00,1.5342595349543569,69.79866552232299,-0.054537028304435964,28.469089868670622,30.950507654533727,6.752322899638858
1660,2024-01-04 08:18:00,-0.2919838035642677,58.07864438884376,4.408977476760642,3.3809835495296987,25.76339645270689,13.43016501692044
1757,2024-01-04 08:19:00,2.751097650015634,82.34906120381746,2.2224645573201682,-2.6962864605353514,40.23583025658348,7.949919769449156
1394,2024-01-04 08:20:00,-1.4351494368433422,38.812445600673364,4.905089751273859,17.374408939283853,45.13692686016544,8.299023935228519
1486,2024-01-04 08:21:00,1.0964630377622466,80.28975044674873,6.421621265205108,10.601411558323727,6.726448134466458,8.134119470333781
1475,2024-01-04 08:22:00,2.6443024778346507,89.22994496742595,2.2092268030706217,26.131301701452234,34.576299300608255,6.866339570221619
1516,2024-01-04 08:23:00,0.9807499380965554,90.2897277446058,9.804275294529074,-0.168606707410615,47.50731077238748,11.110634347354782
1976,2024-01-04 08:24:00,2.2276374457043673,82.69388744156831,8.720108135108505,0.9693926333588863,45.90225378711578,10.031877444470304
1183,2024-01-04 08:25:00,1.964885758542037,52.6411333598615,-4.101388908970155,13.184846873527047,41.73786989015184,7.330329700702839
1019,2024-01-04 08:26:00,-0.839293707065977,98.54464181742615,-1.0035329337467251,18.418367720601353,2.5122159216354327,3.3016243995166787
1936,2024-01-04 08:27:00,0.6007436396369794,50.367491505795186,-0.49184731535323944,32.08872634247302,12.69895742032963,6.432926398835118
1557,2024-01-04 08:28:00,-2.0624319611318667,71.09003192819405,-2.2356446499498412,21.353133592072275,7.499594389558387,10.824370174836032
1523,2024-01-04 08:29:00,0.2131552961735972,32.88593424555749,-0.3197524542427965,35.61688503156919,46.3540295957617,11.605485835357468
1581,2024-01-04 08:30:00,-1.6174681691139767,98.43591189091141,1.3723094940319038,4.799552626226141,37.46960179573026,6.66663910631221
1528,2024-01-04 08:31:00,1.4624208897146733,76.31887374917306,-4.2267353151131335,21.829878219927295,26.636053352880648,6.235389621832833
1882,2024-01-04 08:32:00,0.1683505313527478,80.27020361970946,-3.090496458013783,24.485728440666918,48.97207174750874,10.331630592308784
1146,2024-01-04 08:33:00,-0.5326358242100371,25.262136272891567,-3.5563118180977433,27.66122732718943,9.816466390517759,8.067760831768032
1665,2024-01-04 08:34:00,-1.3872174229981347,81.07342513765374,-4.305245912800241,39.4892814202898,32.11443869816545,7.802016062810087
1303,2024-01-04 08:35:00,2.992190891047721,81.9778743376481,2.222455304524277,16.061522008544216,30.508113310854522,7.899743930758704
1619,2024-01-04 08:36:00,-2.569736874690404,73.74181810897838,0.007046248392176047,11.619381093830256,17.088666821501043,5.85393412454639
1747,2024-01-04 08:37:00,-2.73863591656548,43.35276910322749,9.03170844474567,33.34930038192226,24.320476575009955,10.209009411038803
1819,2024-01-04 08:38:00,-1.6964555970368127,59.17520337287052,-3.4585919683739332,2.955590728839196,11.845769816132611,10.407740076600387
1863,2024-01-04 08:39:00,2.826434751766918,28.834749704697316,8.890530036035083,-3.3337356224102264,33.8880263118242,7.342625392514117
1581,2024-01-04 08:40:00,2.875429009919907,57.726965316732205,-3.701815739008112,14.961507408909991,20.970211445981203,9.196675326280225
1694,2024-01-04 08:41:00,0.9295664086328159,39.50590820803239,4.288260199066526,6.124263454147098,1.2751498392546656,6.473573872042673
1761,2024-01-04 08:42:00,2.280640003238428,47.92775891952657,-1.2840449393551951,12.843643056479081,47.544182631389766,9.715879918936773
1227,2024-01-04 08:43:00,-1.7162296149552276,33.00803267229589,7.402084697408121,39.373749015084435,25.1208159478948,7.748966442814197
1101,2024-01-04 08:44:00,2.8322525650597417,38.40434941975176,-4.0778775944004515,10.68197035986636,35.311130597093786,11.88498407798561
1586,2024-01-04 08:45:00,-2.1432908991626123,26.125491345609298,9.28762233654438,26.85845687770211,9.926806509883793,9.672406068053311
1416,2024-01-04 08:46:00,-2.3932488709100506,93.5921093149537,-4.291141995006498,6.268090438770924,6.448762924010201,6.429814247439381
1957,2024-01-04 08:47:00,-2.3267307645163626,62.43285503803227,-1.3833009754799925,8.654032469477897,45.13085428936356,10.249303265194072
1215,2024-01-04 08:48:00,0.4387675396353883,51.73935770101917,1.9627708910108508,5.941983705711596,29.587532913612883,7.450218663944553
1406,2024-01-04 08:49:00,1.6858464043083146,62.80233702150271,6.3408682984932305,20.747239160158795,24.718208506961584,6.006628406327323
1398,2024-01-04 08:50:00,-0.7999969327522014,70.26345827852421,9.266690763150535,5.174886378839517,26.105386779140105,11.370084376769025
1922,2024-01-04 08:51:00,2.8673759267167593,93.75030346954793,1.4206364694156406,27.326384619779446,11.886509600533767,6.172643090636309
1714,2024-01-04 08:52:00,-0.3934791712900232,34.295436182905064,6.359651407268091,25.61233893410937,45.64304978878499,11.252508432709307
1703,2024-01-04 08:53:00,-2.0973086953607023,43.644199890817404,5.907438316678581,13.95713541952313,10.790585211725354,6.888718769934806
1760,2024-01-04 08:54:00,-0.20419951088317978,98.06314690752917,3.567533429363598,-3.8490340532987544,7.984513263916517,5.345360423885333
1498,2024-01-04 08:55:00,1.0742229925346392,49.69543893188195,5.363787641512294,-3.9806990498134325,46.509289803991486,9.768612047789526
1753,2024-01-04 08:56:00,1.993354683026272,21.80493206058621,-4.428999754007331,18.976306769901992,12.952935429523151,5.653432073325868
1464,2024-01-04 08:57:00,-0.24739026026044275,31.811479410972705,1.6236610134627032,32.76394728505107,43.137987472599484,7.147852662396123
1690,2024-01-04 08:58:00,0.5616409562950047,22.107096139884163,6.787910410900455,21.949315211919536,38.64838909406221,9.494877590971548
1948,2024-01-04 08:59:00,-1.3959317270468798,99.19385139365828,2.1133171750409643,14.604270771328341,19.158986516167403,9.127576597863692
1973,2024-01-04 09:00:00,0.875499158433084,42.309667919297844,8.102568763404227,34.69534750671216,12.774700113826032,9.65699904375265
1730,2024-01-04 09:01:00,2.915831663702062,93.88342055489808,7.5045681484706535,3.8647952062050113,37.973529870345885,8.856036320321282
1081,2024-01-04 09:02:00,-2.705678564473237,99.67090206077727,7.951690452585485,11.174099319233665,29.92017467840769,8.419340410236815
1603,2024-01-04 09:03:00,2.3191840242310064,67.98729769144913,-3.0500497155770083,20.4389253341776,12.77661345367386,5.646011112018132
1946,2024-01-04 09:04:00,0.3736950166051365,22.655705205244942,-1.3378831315089421,8.125126111677375,44.5548853577478,8.041807805252784
1686,2024-01-04 09:05:00,-1.4874080426262004,26.52733043095416,-4.5560409018180446,39.89706168369916,36.077022645873846,5.884093928711382
1750,2024-01-04 09:06:00,2.729338260055547,58.52712440863022,9.742010902945829,15.354441262086027,45.472978721415906,11.0171450266658
1771,2024-01-04 09:07:00,-0.09987418164660644,52.493761032918876,-1.4579279087485704,-2.672499949648157,21.92977230952021,5.3653616324879
1902,2024-01-04 09:08:00,-1.0098584899596863,68.49418446254141,0.5064000172336334,2.9237538438589725,6.497155759215793,4.408505335080625
1364,2024-01-04 09:09:00,-1.911014230374953,55.10782477690911,-0.8761032915734575,18.961639072360768,46.21136054334191,9.349498564956473
1162,2024-01-04 09:10:00,-1.5332867384600275,94.72614794171875,-4.40309565731874,19.75252898585242,30.111158925131452,6.016853525428788
1047,2024-01-04 09:11:00,1.9970942495486552,62.77917723308089,-1.0811298558483728,39.286492023761255,30.34236907349141,8.864458195772357
1510,2024-01-04 09:12:00,0.686460055902995,75.49808491699537,-3.527065006884391,21.99848882918209,29.254845520356813,5.4562490513456385
1328,2024-01-04 09:13:00,2.4794737169298964,91.71882181139972,0.9142462957687698,24.99822941616479,23.67241182423246,6.778955561209484
1839,2024-01-04 09:14:00,-1.608189287053285,31.74975006665659,9.502361775051634,4.617524647039081,12.826649682535246,9.646493334697785
1115,2024-01-04 09:15:00,-2.273168556906591,38.37877232948229,5.473935580957267,-0.19108032642297346,30.689791713243924,9.27981438407339
1940,2024-01-04 09:16:00,-2.96347481414646,28.585492837921205,5.60351184711822,22.090450366663948,35.958276940908355,11.02371575350567
1848,2024-01-04 09:17:00,0.04717222569596302,31.171071938392984,1.7976389993688286,33.919598947139654,45.83550493265471,10.88441370645203
1336,2024-01-04 09:18:00,2.9898415822919286,61.006717354738655,7.169560160341716,21.431782830559815,3.700170632435962,5.401110635154097
1880,2024-01-04 09:19:00,1.1697916129118333,45.694340717397125,8.624262503763381,14.925244818307917,12.810005674369254,7.621487523657494
1736,2024-01-04 09:20:00,-1.1496324482091236,53.85382716214039,9.423250091257312,21.01929885947331,38.85662075909945,7.026655583484349
1863,2024-01-04 09:21:00,2.26115149815703,98.59918654352495,-3.5151466588037215,16.094721031857443,38.78001960484825,8.645902381715139
1839,2024-01-04 09:22:00,1.6903335959277577,32.53634782367585,8.194660129697166,1.3846709206892713,10.680521855675082,8.401294397354093
1146,2024-01-04 09:23:00,-2.9075090035407642,63.26496566384605,-1.6237567463620879,28.35329913638057,9.317412175932088,5.767019739991015
1574,2024-01-04 09:24:00,1.9011628832461351,27.909692404292077,0.9590035298625086,18.98671735591026,18.420296442046574,9.54496453525829
1805,2024-01-04 09:25:00,-1.1968394565690241,45.47970506111029,0.18215792068039427,12.969529422617008,3.2394767177326833,8.634445126846243
1322,2024-01-04 09:26:00,-2.1019592124983935,62.20207389396789,5.126950601301923,20.183732591890283,36.54500319826606,11.727854526860808
1442,2024-01-04 09:27:00,-1.6420149615775526,95.73053967722701,3.9688681035068747,5.85521295040007,33.52345538273383,9.84146889767964
1836,2024-01-04 09:28:00,-0.18852117374916588,51.29825770267864,-3.3634268784794603,14.258097196169452,42.95040216722668,9.321703336910819
1012,2024-01-04 09:29:00,-0.4507924375919341,25.192535697173586,6.74233944271775,23.010034045167767,21.55945244056928,7.264880527315009
1942,2024-01-04 09:30:00,-1.2666762037546395,51.052915836825356,1.5946810270224425,5.1787108150254415,31.873126851082617,8.351874003292458
1493,2024-01-04 09:31:00,-1.9666900667578038,31.659294069918218,-4.966672350055299,28.704778809905427,47.7020794900744,10.8095664343313
1700,2024-01-04 09:32:00,1.573384737853016,38.399169063315625,1.2175490029124694,18.445491033546393,47.944235499804535,10.233961137782611
1286,2024-01-04 09:33:00,2.940658702409502,69.44724985319922,2.7449736362078667,33.77680196883321,3.646772946272342,9.561902231247851
1719,2024-01-04 09:34:00,1.6667494825181421,25.393909296294535,-3.9668797218765612,33.12564599633889,0.1940288130464451,6.633241904599367
1113,2024-01-04 09:35:00,-1.2243781939707528,57.17790050000299,-2.732971108756977,17.25326696737167,48.003221311997876,9.875887925797777
1479,2024-01-04 09:36:00,-1.5311462315271998,68.75692688086116,9.903582572362915,3.7959524784483616,26.812298437144555,7.828421046784279
1021,2024-01-04 09:37:00,-1.6940047436043706,53.74867138939975,8.067931030337284,28.148880397454164,35.04998699233764,10.75657455126367
1348,2024-01-04 09:38:00,-2.1798295530657823,21.53010804989843,-3.0000887098002824,13.840516105748307,45.63859818612869,11.499948488141177
1725,2024-01-04 09:39:00,0.30798329815380754,98.84154855222923,3.704640995443846,21.758236755362372,21.71441449525848,7.889747595253304
1682,2024-01-04 09:40:00,0.6324022317200653,49.36926138724282,0.6886494582601479,-0.17306194217275284,22.08859876921051,7.6533116992260055
1834,2024-01-04 09:41:00,1.2330159639788238,82.28617495466136,3.156106130498795,23.421279528219653,8.432380389034561,10.183050491958326
1565,2024-01-04 09:42:00,1.0812802256020078,46.05171937499626,2.0580279035108093,11.809772002530593,45.30083120119728,8.447829441939836
1905,2024-01-04 09:43:00,-1.2460001322997052,58.001340559473505,-4.27776612461473,10.038538737332251,32.41889797099485,10.674495339818835
1809,2024-01-04 09:44:00,-1.0181339676189207,51.077091408879724,-0.26869533513825417,39.09620104500105,9.095435439848396,7.910863935041269
1319,2024-01-04 09:45:00,1.089087212654027,47.403138360768615,-3.1171912695781003,14.459378924211126,28.033621526937498,7.654095203516812
1125,2024-01-04 09:46:00,-0.9033141552982302,21.748110176622298,2.3345213843612154,25.511727015208038,16.475380525633618,8.207726349526451
1276,2024-01-04 09:47:00,-1.7242608622841218,48.80167502836028,8.609750799693149,23.247739100822848,7.444380293345657,9.524287119130571
1975,2024-01-04 09:48:00,-0.7539830778195626,91.1591992319624,9.932991588543159,-0.3063402101679067,9.17528542500046,4.185304047029027
1203,2024-01-04 09:49:00,-1.367495054532134,75.23146708749469,9.16379602723707,28.656739167894223,28.006932174729098,12.099662194166562
1193,2024-01-04 09:50:00,-2.4701236726885334,31.633828727635187,9.78545687462215,9.542164154510942,28.262822774044647,9.158706465482897
1680,2024-01-04 09:51:00,1.980833413659921,67.29240036981913,-4.771305263294672,30.952279713853073,39.51804497451106,7.781852568025431
1663,2024-01-04 09:52:00,2.1186683349422175,91.37846879590973,5.941704676660418,22.34383521769221,12.474415781746098,4.670031019887814
1546,2024-01-04 09:53:00,-1.6814981989987232,76.00272327718844,-0.9057678473519557,9.26911704790703,45.80008577384475,9.201602825148228
1695,2024-01-04 09:54:00,-2.6113668028487895,31.894751388535738,7.984269674037055,11.033183214898191,25.97878528419605,8.98401933576661
1285,2024-01-04 09:55:00,1.4329646241070773,89.42659973875973,7.206002359360637,27.91783163498623,10.288217173180177,5.90692303475951
1056,2024-01-04 09:56:00,-1.7308282448195178,44.12352106310923,1.3551186382443117,19.752669180529683,20.722700722609208,8.676374133380115
1733,2024-01-04 09:57:00,-0.6393870633788383,56.32609154498734,2.098910126547363,25.075796830209185,46.175627674832285,9.59506009513958
1302,2024-01-04 09:58:00,-2.6151884865757005,62.09142077513171,-1.0236249651119165,2.124324448383473,23.960011489056615,11.22536709870072
1162,2024-01-04 09:59:00,-1.642382491449389,88.04052835025561,-0.6679394566954713,30.413950250278837,43.74828401290436,9.61360314098901
1018,2024-01-04 10:00:00,1.7574136699778151,94.52859961181288,9.717616350407269,9.417609351176562,8.075653484815286,9.2616348795314
1369,2024-01-04 10:01:00,1.826378681491211,94.37223022324449,8.332793330052619,22.8937570220953,45.70652409060387,6.601588352280648
1263,2024-01-04 10:02:00,-1.7574910506737376,20.63633450228325,-2.121965418275378,0.16059213589039167,21.58787839442186,7.899903795647571
1793,2024-01-04 10:03:00,-0.984516929359863,93.75107884683658,-0.8671298320260057,9.463910852063515,46.81273448218514,7.883731467360628
1112,2024-01-04 10:04:00,-2.1945694854375386,24.350957280125787,-3.3702801040660995,24.19902818799888,43.31731812117034,9.586324403219757
1487,2024-01-04 10:05:00,-2.5549642182904657,41.26189254539483,9.83306174469537,7.339275953061277,33.03231871345792,12.34114460725869
1326,2024-01-04 10:06:00,2.9530302866904563,61.199028378226636,8.608147757958216,34.61404885374177,33.67503620595568,7.335399116575697
1541,2024-01-04 10:07:00,0.9335637074690353,58.394055120351524,3.2814698048109605,24.755277974953916,10.654248595057279,6.021040043251069
1646,2024-01-04 10:08:00,0.2525790551899125,68.37678351099136,5.393396559206884,34.1625276983558,30.18120596825381,10.292459740944809
1578,2024-01-04 10:09:00,1.5929910024317975,58.35569829896046,6.219204093859815,12.792581601300434,27.51982903739604,8.010061978719387
1064,2024-01-04 10:10:00,2.0404629581263443,94.75005437123366,-1.9428315880966256,-3.470668581889625,16.773937113388538,7.28969133446749
1291,2024-01-04 10:11:00,1.8402886082683647,39.24390785716696,9.019995059967362,20.926298350979625,25.330514059997952,9.250457528838469
1024,2024-01-04 10:12:00,-2.9007633042607406,41.92197552307887,2.9011407058242495,10.263707622641753,46.464263246208645,12.297491938327791
1548,2024-01-04 10:13:00,-1.8791526108570091,93.65903485544449,-3.6132269374935966,15.168476916505899,0.36475262319375,4.374737034961277
1000,2024-01-04 10:14:00,0.9294318127069863,26.139161099620498,0.9562391175050369,25.6499596265237,20.914492230600434,5.20031925255861
1910,2024-01-04 10:15:00,-0.7454439131762225,68.7648657523848,4.024698342648504,26.529910018189227,16.74857216646628,7.532926933036048
1548,2024-01-04 10:16:00,2.894895906366642,74.53887616524887,0.2923478720005477,-3.7599613310383075,48.06543026424993,12.906883411814563
1140,2024-01-04 10:17:00,0.9924287558295242,60.443337874379154,5.4880664162774675,29.61862027778261,48.697322141156086,10.809087500555567
1743,2024-01-04 10:18:00,2.7392934523752395,75.53855030585098,8.230749706119322,17.20835117302355,29.324460728239117,6.415326810784432
1647,2024-01-04 10:19:00,-1.791321110125237,33.82037168095736,6.578381865731979,20.05144479960475,27.545347725189256,10.43648917089771
1900,2024-01-04 10:20:00,2.183742168690138,88.21057862172319,4.639870301459558,8.409738333543364,45.17030359084519,11.649934234882256
1187,2024-01-04 10:21:00,-1.071886165108648,31.20205515759085,2.6823622211749774,13.937520370026142,0.42646944085376925,8.13007870669395
1127,2024-01-04 10:22:00,2.9373888494268403,52.064995545259976,-1.1830477131813,26.966881029069928,28.157802085823516,10.993262044276051
1200,2024-01-04 10:23:00,-2.053867967561116,26.020608104656464,1.8241924749614986,29.952121132491634,1.3291571752475002,4.046721620922116
1126,2024-01-04 10:24:00,0.09803891302995948,63.616886305392015,-0.6057063929273436,12.419778152559012,48.41129733872247,9.619410385432452
1256,2024-01-04 10:25:00,1.7570672030227321,73.57966459405114,9.010350716345872,26.100288969309855,16.075961911331024,8.350332369031236
1675,2024-01-04 10:26:00,-0.40414511637578476,95.29773080762324,8.609667354799914,6.611957575979712,26.08798496174266,9.228960435146606
1546,2024-01-04 10:27:00,-0.19149563887411958,79.14689567168007,-2.6626042504463063,32.44101993298818,20.936668379403624,5.9808001386472
1193,2024-01-04 10:28:00,2.9181347730344465,63.28823331633209,7.3393033179132985,22.44164075083144,44.69184379459519,9.456365427855493
1702,2024-01-04 10:29:00,-0.4481510981930801,94.6093613736267,5.543720451336103,29.883393223010273,49.99091541350492,10.724128761983682
1103,2024-01-04 10:30:00,0.6244326035943812,58.274947043270124,9.62817580840907,16.471968354303133,3.512560101512826,5.092511402425346
1534,2024-01-04 10:31:00,-2.672762035949096,64.89645224790955,1.949598529002679,5.309917824187988,36.62835368556758,8.221862684462613
1264,2024-01-04 10:32:00,2.0532604812615602,67.68788221360765,5.832615571215747,14.315400099113976,18.46313133501786,8.48408128030099
1801,2024-01-04 10:33:00,0.8890082938772608,52.798378070925345,2.7682588019256453,12.166842751524435,7.039738695445834,7.229851515497855
1941,2024-01-04 10:34:00,-0.5758793828231186,87.07861524526594,-3.9589925496146643,9.97224445480716,20.331332728810832,8.148323011549143
1973,2024-01-04 10:35:00,-2.9029827602728817,34.81407510760473,-4.298528753948484,4.547818648366526,49.90751684652454,10.503596855257827
1383,2024-01-04 10:36:00,0.5500129235610234,64.38737522972863,-3.1683283568032126,29.16252138459128,17.942608237658366,7.902337096191721
1259,2024-01-04 10:37:00,-2.9240530290950266,77.77866049497553,-0.5571340422137467,-1.1141752405747778,13.94223447438141,7.405750110155151
1413,2024-01-04 10:38:00,-2.9927783165458925,92.31809375012618,-1.1133034128218706,34.94024184486253,42.32395159253559,9.998848857517793
1990,2024-01-04 10:39:00,0.6965913728961279,90.71347171474227,5.924900030588502,2.876112530398908,43.41010619119048,9.880945718640643
1357,2024-01-04 10:40:00,-1.8658975959926745,60.69922315441136,5.7388410238318635,39.09431433331936,17.00957082611507,5.558787243940224
1074,2024-01-04 10:41:00,-1.8486747016914282,71.45291609306733,9.570918697740579,39.481062163918345,15.003789716560295,4.892708999403623
1354,2024-01-04 10:42:00,0.9196293949964622,51.53901889034408,-0.34413761836405765,12.927416855851828,32.39934572961611,7.056930200836796
1583,2024-01-04 10:43:00,-2.6778168723637545,57.45422103041602,9.076781256708895,39.45194826845183,10.338406337658432,7.830603978701172
1770,2024-01-04 10:44:00,-1.119566631152662,92.50126340584396,4.192759052316028,34.10808327763269,24.23590159087239,8.301391815711193
1909,2024-01-04 10:45:00,-2.103408587147886,94.45631945539792,2.429630664851806,-1.2906375374000478,7.153050213220695,9.863994460438697
1187,2024-01-04 10:46:00,0.4810582187792032,91.63312464536158,5.017620667198237,37.629785363287816,15.30726343381931,7.697127530430695
1972,2024-01-04 10:47:00,0.9705909283643752,31.06966894509106,5.541331773783803,-3.08685263429326,14.944326735167358,10.412612613698602
1684,2024-01-04 10:48:00,1.3268151215942616,88.00672170645089,-2.4210645671113786,3.186143218259822,34.775508253971346,7.6717079718484955
1991,2024-01-04 10:49:00,-1.4686126984886074,95.86909848171842,6.2757325530288615,21.306799338100344,14.185424446238455,6.233911217857901
1289,2024-01-04 10:50:00,-2.464501490180496,48.899975565888376,5.877591467004649,-1.3668269719993882,44.93493559918933,9.476431434560336
1044,2024-01-04 10:51:00,-2.527898058348613,61.49170315373354,9.962984259231684,2.2777490645216014,49.15400010902465,9.10757296565072
1572,2024-01-04 10:52:00,-0.4430907092956575,82.32762046503967,8.679216710087132,37.90713042005074,4.144978892746801,3.522021193043398
1082,2024-01-04 10:53:00,2.6750664543762905,64.9662510052519,5.269903475264371,39.76095481994236,19.942616829195394,8.083822137290602
1122,2024-01-04 10:54:00,-1.6936257945178523,99.47868173649995,5.685455696449791,30.916144380113373,15.16186906835744,10.53679617083886
1357,2024-01-04 10:55:00,-1.459550391950704,56.45706921254627,9.189784507518779,18.184422615911625,17.664307412696406,5.387468806246664
1527,2024-01-04 10:56:00,-2.3946671873648464,77.1154168965902,9.507674094762624,35.513542106125385,13.34120881489064,4.77073642500871
1065,2024-01-04 10:57:00,0.6334216433635813,83.40729121572353,7.404477958226911,0.035444689760591785,19.194976574030942,9.2213371067005
1935,2024-01-04 10:58:00,1.0792372436830497,59.52803326067516,6.510903182607413,37.4301341160254,7.156588179172525,5.756062417726625
1656,2024-01-04 10:59:00,0.8575872489645597,88.55870445691006,-3.3295126495266336,10.81988173549445,14.062931949712349,9.012995129509203
1374,2024-01-04 11:00:00,2.1667814582686873,63.69236729657572,7.454832872209536,33.76702260549375,37.41611211002356,10.753601326608912
1161,2024-01-04 11:01:00,-0.08144498984356963,52.93206374413052,-1.2020648231631426,25.076803269342594,17.267921630022823,11.052563510404228
1745,2024-01-04 11:02:00,-2.1932577553976134,28.62589390815576,3.456764440288193,38.21234368250749,10.470961376509912,7.0605557569551465
1379,2024-01-04 11:03:00,-1.263569215773524,51.47308610803393,1.0805870565675297,33.910507650811816,5.511357524385592,8.861922996053595
1655,2024-01-04 11:04:00,0.9745798405281105,78.71491637866274,0.18410950955861516,34.955401609790776,17.46540694943098,6.748807077693613
1357,2024-01-04 11:05:00,0.6787318424493591,93.70291293440859,-0.3462499779940993,23.428946025401373,32.20611352215558,9.36315174923109
1187,2024-01-04 11:06:00,0.18601877845777492,40.13435230882482,7.831406209862346,32.49213389393241,12.739913066226881,6.338601766231602
1321,2024-01-04 11:07:00,1.0977865121321226,48.41884138644021,6.537041810077664,29.070901784260236,21.180039976701572,6.816366794408599
1449,2024-01-04 11:08:00,0.8243451022397963,32.31687952835409,2.851731286130522,2.2730408906749258,47.624689129483684,10.346203975282418
1473,2024-01-04 11:09:00,2.28794933678971,75.2578315383175,4.967207407966853,24.18686011089594,27.662906306492964,9.22948961637356
1012,2024-01-04 11:10:00,0.5160982648697798,96.81507440079402,9.767919255160134,1.6678995934071388,26.643736931621756,11.196285534303833
1183,2024-01-04 11:11:00,1.6716081522033388,71.27617758785405,0.9630270366691462,34.12552548484884,20.55617129719758,9.153945525077951
1110,2024-01-04 11:12:00,-1.5077570642011928,69.36612240049811,3.266509090143625,-2.032259029701419,27.88631485266205,9.78915441413318
1926,2024-01-04 11:13:00,1.0690955075344082,64.27919444003471,3.002855688617281,39.41710015869739,49.229906992419174,8.74291763759281
1507,2024-01-04 11:14:00,2.413164710296054,27.076459254842923,9.039585627276027,13.028199976197016,12.764964582400586,10.3816897077735
1289,2024-01-04 11:15:00,-0.6856060326010005,78.36030611435069,0.27343626416288735,2.678320916564603,47.10220195298058,10.089577340535394
1294,2024-01-04 11:16:00,1.6746251240318797,68.16396348394807,9.79382125326618,37.105374264755035,7.538642120412186,9.600691633270412
1450,2024-01-04 11:17:00,1.3487358071726128,72.91814150850297,-0.4295357964022264,-2.9558306196568425,5.6441576409731375,9.148391543605674
1903,2024-01-04 11:18:00,-2.642842818769065,91.90488744219373,-3.366394470139518,16.154753552904257,32.76800783758389,5.581430978202492
1214,2024-01-04 11:19:00,0.48904985774443377,82.71686296488143,-2.1293968213691588,29.66022075660262,12.63383333098669,7.841474037737496
